204588,Sweetango Apples Each,$1.21,https://www.woolworths.com.au/shop/productdetails/204588/sweetango-apples
133211,Cavendish Bananas Each,$0.72,https://www.woolworths.com.au/shop/productdetails/133211/cavendish-bananas
134034,Fresh Tomato Each,$1.05,https://www.woolworths.com.au/shop/productdetails/134034/fresh-tomato
105919,Fresh Pink Lady Apples Each,$0.53,https://www.woolworths.com.au/shop/productdetails/105919/fresh-pink-lady-apples
208895,Potato White Washed Each,$0.81,https://www.woolworths.com.au/shop/productdetails/208895/potato-white-washed
141410,Mandarin Imperial Each,$0.41,https://www.woolworths.com.au/shop/productdetails/141410/mandarin-imperial
144329,Onion Brown Each,$0.59,https://www.woolworths.com.au/shop/productdetails/144329/onion-brown
134681,Fresh Broccoli Each,$1.62,https://www.woolworths.com.au/shop/productdetails/134681/fresh-broccoli
170225,Green Zucchini Each,$1.18,https://www.woolworths.com.au/shop/productdetails/170225/green-zucchini
135344,Carrot Fresh Each,$0.35,https://www.woolworths.com.au/shop/productdetails/135344/carrot-fresh
169438,Truss Tomatoes Each,$1.47,https://www.woolworths.com.au/shop/productdetails/169438/truss-tomatoes
144497,Onion Red Each,$0.68,https://www.woolworths.com.au/shop/productdetails/144497/onion-red
149864,Tomato Roma Red Each,$0.98,https://www.woolworths.com.au/shop/productdetails/149864/tomato-roma-red
135369,Woolworths Australian Grown Carrots 1kg,$2.00,https://www.woolworths.com.au/shop/productdetails/135369/woolworths-australian-grown-carrots
137130,Lebanese Cucumbers Each,$1.24,https://www.woolworths.com.au/shop/productdetails/137130/lebanese-cucumbers
130935,Fresh Granny Smith Apples Each,$0.86,https://www.woolworths.com.au/shop/productdetails/130935/fresh-granny-smith-apples
186910,Avocado Shepard Each,$1.20,https://www.woolworths.com.au/shop/productdetails/186910/avocado-shepard
147071,Sweet Potato Gold Each,$1.13,https://www.woolworths.com.au/shop/productdetails/147071/sweet-potato-gold
135156,Capsicum Green Each,$2.23,https://www.woolworths.com.au/shop/productdetails/135156/capsicum-green
149620,Woolworths Cherry Tomatoes Punnet 250g,$3.00,https://www.woolworths.com.au/shop/productdetails/149620/woolworths-cherry-tomatoes-punnet
157649,Eat Later Cavendish Bananas Each,$0.72,https://www.woolworths.com.au/shop/productdetails/157649/eat-later-cavendish-bananas
137102,Woolworths Continental Cucumbers Each,$2.50,https://www.woolworths.com.au/shop/productdetails/137102/woolworths-continental-cucumbers
155003,Apple Royal Gala Each,$0.62,https://www.woolworths.com.au/shop/productdetails/155003/apple-royal-gala
259450,Orange Navel Each,$1.16,https://www.woolworths.com.au/shop/productdetails/259450/orange-navel
204588,Sweetango Apples Each,$1.21,https://www.woolworths.com.au/shop/productdetails/204588/sweetango-apples
165262,Raspberries 125g Punnet,$4.50,https://www.woolworths.com.au/shop/productdetails/165262/driscoll-s-raspberries-punnet
120384,Woolworths Red Watermelon Cut Quarter Each,$7.70,https://www.woolworths.com.au/shop/productdetails/120384/woolworths-red-watermelon-cut-quarter
144336,Woolworths Onion Brown Bag 1kg,$2.50,https://www.woolworths.com.au/shop/productdetails/144336/woolworths-onion-brown-bag
154340,Iceberg Lettuce Each,$3.70,https://www.woolworths.com.au/shop/productdetails/154340/iceberg-lettuce
727144,Woolworths Solanato Tomato Punnet 200g,$4.20,https://www.woolworths.com.au/shop/productdetails/727144/woolworths-solanato-tomato-punnet
147603,Spring Onion Eschallot Bunch,$2.50,https://www.woolworths.com.au/shop/productdetails/147603/spring-onion-eschallot
310968,Woolworths Fresh Pink Lady Apples Punnet 1kg,$3.00,https://www.woolworths.com.au/shop/productdetails/310968/woolworths-fresh-pink-lady-apples-punnet
829360,The Odd Bunch Continental Cucumber Each,$2.00,https://www.woolworths.com.au/shop/productdetails/829360/the-odd-bunch-continental-cucumber
524322,Woolworths Baby Leaf Spinach 120g,$2.20,https://www.woolworths.com.au/shop/productdetails/524322/woolworths-baby-leaf-spinach
713429,Garlic Head Each,$1.65,https://www.woolworths.com.au/shop/productdetails/713429/woolworths-garlic-head
138082,Ginger Fresh Per Kg,$27.00,https://www.woolworths.com.au/shop/productdetails/138082/ginger-fresh
139238,Kiwi Fruit Green Each,$0.95,https://www.woolworths.com.au/shop/productdetails/139238/kiwi-fruit-green
829107,Mandarin Amorette Seedless Each,$0.59,https://www.woolworths.com.au/shop/productdetails/829107/mandarin-amorette-seedless
143109,Mushrooms Cups Loose Per Kg,$12.50,https://www.woolworths.com.au/shop/productdetails/143109/mushrooms-cups-loose
147197,Woolworths Butternut Pumpkin Cut Each,$1.43,https://www.woolworths.com.au/shop/productdetails/147197/woolworths-butternut-pumpkin-cut
800774,The Odd Bunch Pear Prepacked 1kg,$2.30,https://www.woolworths.com.au/shop/productdetails/800774/the-odd-bunch-pear-prepacked
111670,Potato Red Washed Each,$0.81,https://www.woolworths.com.au/shop/productdetails/111670/potato-red-washed
141496,Woolworths Cos Hearts Lettuce 2 Pack,$3.20,https://www.woolworths.com.au/shop/productdetails/141496/woolworths-cos-hearts-lettuce
245902,Lime Fresh Each,$1.04,https://www.woolworths.com.au/shop/productdetails/245902/lime-fresh
115330,Fresh Packham Pear Each,$0.67,https://www.woolworths.com.au/shop/productdetails/115330/fresh-packham-pear
524336,Woolworths Baby Spinach Spinach 280g,$5.00,https://www.woolworths.com.au/shop/productdetails/524336/woolworths-baby-spinach-spinach
259514,Lemon Fresh Each,$1.21,https://www.woolworths.com.au/shop/productdetails/259514/lemon-fresh
138801,White Seedless Grapes Each,$7.13,https://www.woolworths.com.au/shop/productdetails/138801/white-seedless-grapes-grapes-bunch
638009,Woolworths Lettuce Iceberg Shredded Lettuce 200g,$2.00,https://www.woolworths.com.au/shop/productdetails/638009/woolworths-lettuce-iceberg-shredded-lettuce
204588,Sweetango Apples Each,$1.21,https://www.woolworths.com.au/shop/productdetails/204588/sweetango-apples
187314,Woolworths Broccolini Bunch Each,$2.50,https://www.woolworths.com.au/shop/productdetails/187314/woolworths-broccolini-bunch
651492,Mandarin Tangold Seedless Each,$0.77,https://www.woolworths.com.au/shop/productdetails/651492/mandarin-tangold-seedless
135918,Celery Fresh Bunch,$3.90,https://www.woolworths.com.au/shop/productdetails/135918/celery-fresh
262783,Woolworths Washed Potatoes Bag 2kg,$7.50,https://www.woolworths.com.au/shop/productdetails/262783/woolworths-washed-potatoes-bag
139645,Leek Fresh Each,$2.90,https://www.woolworths.com.au/shop/productdetails/139645/leek-fresh
106218,Bananas Kids 5 Pack,$2.50,https://www.woolworths.com.au/shop/productdetails/106218/bananas-kids
147981,Woolworths White Cup Sliced Mushroom Punnet 200g,$4.00,https://www.woolworths.com.au/shop/productdetails/147981/woolworths-white-cup-sliced-mushroom-punnet
134072,Beans Round Per Kg,$6.90,https://www.woolworths.com.au/shop/productdetails/134072/beans-round
169067,Woolworths Qukes Baby Cucumbers Punnet 250g,$4.00,https://www.woolworths.com.au/shop/productdetails/169067/woolworths-qukes-baby-cucumbers-punnet
135568,Fresh Cauliflower Half Each,$2.45,https://www.woolworths.com.au/shop/productdetails/135568/fresh-cauliflower
246566,Potato Brushed Each,$0.73,https://www.woolworths.com.au/shop/productdetails/246566/potato-brushed
830353,The Odd Bunch Lemon Prepacked 500g,$2.50,https://www.woolworths.com.au/shop/productdetails/830353/the-odd-bunch-lemon-prepacked
405838,Red Seedless Grapes Each,$5.70,https://www.woolworths.com.au/shop/productdetails/405838/red-seedless-grapes-seedless
135552,Fresh Whole Cauliflower Each,$4.90,https://www.woolworths.com.au/shop/productdetails/135552/fresh-whole-cauliflower
306510,Macro Organic Banana Each,$1.08,https://www.woolworths.com.au/shop/productdetails/306510/macro-organic-banana
379515,Woolworths Baby Spinach 60g,$2.00,https://www.woolworths.com.au/shop/productdetails/379515/woolworths-baby-spinach
282861,Plum Red Each,$0.39,https://www.woolworths.com.au/shop/productdetails/282861/plum-red
136510,Woolworths Red Cayenne Chilli (medium) Each,$0.60,https://www.woolworths.com.au/shop/productdetails/136510/woolworths-red-cayenne-chilli-medium-
101638,Woolworths Red Washed Potatoes Bag 2kg,$7.50,https://www.woolworths.com.au/shop/productdetails/101638/woolworths-red-washed-potatoes-bag
124751,Woolworths Red Onions 1kg Bag,$4.00,https://www.woolworths.com.au/shop/productdetails/124751/woolworths-red-onions
169792,Blueberries 125g Punnet,$7.90,https://www.woolworths.com.au/shop/productdetails/169792/blueberries-punnet
745467,Woolworths Celery Sticks 300g Punnet,$4.50,https://www.woolworths.com.au/shop/productdetails/745467/woolworths-celery-sticks
204588,Sweetango Apples Each,$1.21,https://www.woolworths.com.au/shop/productdetails/204588/sweetango-apples
133621,Woolworths Green Basil Bunch,$3.20,https://www.woolworths.com.au/shop/productdetails/133621/woolworths-green-basil
742824,Woolworths Carrot Mini 500g,$1.50,https://www.woolworths.com.au/shop/productdetails/742824/woolworths-carrot-mini
145111,Fresh Beurre Bosc Pear Each,$0.90,https://www.woolworths.com.au/shop/productdetails/145111/fresh-beurre-bosc-pear
314012,Woolworths Royal Gala Apple 1kg Punnet,$3.90,https://www.woolworths.com.au/shop/productdetails/314012/woolworths-royal-gala-apple
314075,Mandarin Afourer Each,$0.72,https://www.woolworths.com.au/shop/productdetails/314075/mandarin-afourer
137534,Pineapple Naturally Sweet Whole Each,$4.50,https://www.woolworths.com.au/shop/productdetails/137534/pineapple-naturally-sweet
143709,Pumpkin Kent Cut Each,$2.45,https://www.woolworths.com.au/shop/productdetails/143709/pumpkin-kent-cut
149963,Woolworths Mushrooms Cups 500g Punnet,$6.00,https://www.woolworths.com.au/shop/productdetails/149963/woolworths-mushrooms-cups
594774,Avocado Fresh 5 Pack,$5.50,https://www.woolworths.com.au/shop/productdetails/594774/avocado-fresh
254080,Woolworths Navel Oranges 3kg Bag,$8.90,https://www.woolworths.com.au/shop/productdetails/254080/woolworths-navel-oranges
137546,Eggplant Fresh Each,$3.17,https://www.woolworths.com.au/shop/productdetails/137546/eggplant-fresh
306343,Jazz Apple Each,$0.86,https://www.woolworths.com.au/shop/productdetails/306343/jazz-apple
288440,The Odd Bunch Carrots 1.5kg,$2.00,https://www.woolworths.com.au/shop/productdetails/288440/the-odd-bunch-carrots
143304,Woolworths Mushrooms Cups 200g Punnet,$4.00,https://www.woolworths.com.au/shop/productdetails/143304/woolworths-mushrooms-cups
189459,Onion Shallot French Each,$0.65,https://www.woolworths.com.au/shop/productdetails/189459/onion-shallot-french
156015,Woolworths Gold Sweet Potatoes Bag 1kg,$4.50,https://www.woolworths.com.au/shop/productdetails/156015/woolworths-gold-sweet-potatoes-bag
133390,Banana Lady Finger Each,$1.12,https://www.woolworths.com.au/shop/productdetails/133390/banana-lady-finger
134932,Woolworths Green Cabbage Half Each,$4.25,https://www.woolworths.com.au/shop/productdetails/134932/woolworths-green-cabbage
310966,Woolworths Fresh Granny Smith Apples Punnet 1kg,$3.90,https://www.woolworths.com.au/shop/productdetails/310966/woolworths-fresh-granny-smith-apples-punnet
144427,Woolworths Brown Onions Bag 2kg,$5.50,https://www.woolworths.com.au/shop/productdetails/144427/woolworths-brown-onions-bag
139806,Fresh Rockmelon Whole Each,$6.90,https://www.woolworths.com.au/shop/productdetails/139806/fresh-rockmelon-whole
588302,Woolworths Fresh Food Kids Mini Pears 5 Pack,$2.50,https://www.woolworths.com.au/shop/productdetails/588302/woolworths-fresh-food-kids-mini-pears
204588,Sweetango Apples Each,$1.21,https://www.woolworths.com.au/shop/productdetails/204588/sweetango-apples
588064,Woolworths Fresh Food Kids Mini Apples 5 Pack,$2.50,https://www.woolworths.com.au/shop/productdetails/588064/woolworths-fresh-food-kids-mini-apples
385085,Woolworths White Washed Baby Potatoes Bag 1kg,$3.80,https://www.woolworths.com.au/shop/productdetails/385085/woolworths-white-washed-baby-potatoes-bag
829357,Spud Lite Prepack Potato 1.5kg,$6.00,https://www.woolworths.com.au/shop/productdetails/829357/spud-lite-prepack-potato
147195,Pumpkin Butternut Whole Each,$3.30,https://www.woolworths.com.au/shop/productdetails/147195/pumpkin-butternut-whole
112533,Fresh Rockmelon Half Each,$3.45,https://www.woolworths.com.au/shop/productdetails/112533/fresh-rockmelon-half
139429,Red Seedless Watermelon Whole Each,$30.80,https://www.woolworths.com.au/shop/productdetails/139429/red-seedless-watermelon-whole
89466,Woolworths Mushroom Sliced 500g,$6.50,https://www.woolworths.com.au/shop/productdetails/89466/woolworths-mushroom-sliced
315670,Woolworths Finely Shredded Coleslaw 300g,$3.00,https://www.woolworths.com.au/shop/productdetails/315670/woolworths-finely-shredded-coleslaw
149374,Corn Sweet Each,$1.50,https://www.woolworths.com.au/shop/productdetails/149374/corn-sweet
143730,Woolworths Gourmet Tomatoes Punnet 1kg,$9.50,https://www.woolworths.com.au/shop/productdetails/143730/woolworths-gourmet-tomatoes-punnet
775369,The Odd Bunch Avocado Prepacked 1kg,$4.50,https://www.woolworths.com.au/shop/productdetails/775369/the-odd-bunch-avocado-prepacked
381923,Kanzi Apple Each,$0.96,https://www.woolworths.com.au/shop/productdetails/381923/kanzi-apple
120037,Whole Pumpkin Kent Each,$5.60,https://www.woolworths.com.au/shop/productdetails/120037/whole-pumpkin-kent
759911,Select Gourmet Tomatoes 480g Punnet,$7.50,https://www.woolworths.com.au/shop/productdetails/759911/select-gourmet-tomatoes
162931,Woolworths Snow Peas Fresh 250g Bag,$6.50,https://www.woolworths.com.au/shop/productdetails/162931/woolworths-snow-peas-fresh
267084,Zespri Sungold Kiwifruit Each,$1.29,https://www.woolworths.com.au/shop/productdetails/267084/woolworths-sungold-kiwifruit-gold
136341,Woolworths Bird's Eye Chilli Hot Each,$0.14,https://www.woolworths.com.au/shop/productdetails/136341/woolworths-bird-s-eye-chilli-hot
244637,Woolworths Brushed Potatoes Bag 2kg,$4.00,https://www.woolworths.com.au/shop/productdetails/244637/woolworths-brushed-potatoes-bag
144793,Parsnip Fresh Each,$1.68,https://www.woolworths.com.au/shop/productdetails/144793/parsnip-fresh
134801,Buk Choy Asian Greens Each,$2.50,https://www.woolworths.com.au/shop/productdetails/134801/buk-choy-asian-greens
845671,The Odd Bunch Mandarin Prepacked 1kg,$2.80,https://www.woolworths.com.au/shop/productdetails/845671/the-odd-bunch-mandarin-prepacked
196442,Woolworths Tomato Truss 500g Punnet,$7.50,https://www.woolworths.com.au/shop/productdetails/196442/woolworths-tomato-truss
714823,Woolworths Leafy Mix Salad 200g,$3.00,https://www.woolworths.com.au/shop/productdetails/714823/woolworths-leafy-mix-salad
204588,Sweetango Apples Each,$1.21,https://www.woolworths.com.au/shop/productdetails/204588/sweetango-apples
152608,Woolworths Mushrooms Button 200g Punnet,$4.50,https://www.woolworths.com.au/shop/productdetails/152608/woolworths-mushrooms-button
405774,Black Seedless Grapes Each,$4.66,https://www.woolworths.com.au/shop/productdetails/405774/grape-black-seedless-grapes
707367,Woolworths Thyme Fresh Herb 10g Punnet,$3.20,https://www.woolworths.com.au/shop/productdetails/707367/woolworths-thyme-fresh-herb
180148,Banana Red Tipped Each,$0.99,https://www.woolworths.com.au/shop/productdetails/180148/banana-red-tipped
145028,Mushrooms Flat Large Min. 350g,$13.50,https://www.woolworths.com.au/shop/productdetails/145028/mushrooms-flat-large
61078,Perfection Mix A Mato Mini Tomatoes 320g,$6.50,https://www.woolworths.com.au/shop/productdetails/61078/perfection-mix-a-mato-mini-tomatoes
531041,Woolworths Classic Coleslaw 200g,$2.00,https://www.woolworths.com.au/shop/productdetails/531041/woolworths-classic-coleslaw
747009,Woolworths Truss Cocktail Tomato Punnet 250g,$4.50,https://www.woolworths.com.au/shop/productdetails/747009/woolworths-truss-cocktail-tomato-punnet
810795,Garlic Heads 3 Pack,$3.30,https://www.woolworths.com.au/shop/productdetails/810795/woolworths-garlic-heads-clove
296813,Blackberries 125g Punnet,$5.00,https://www.woolworths.com.au/shop/productdetails/296813/driscoll-s-blackberries-punnet
185267,Beetroot Loose Each,$1.95,https://www.woolworths.com.au/shop/productdetails/185267/beetroot-loose
307315,Woolworths Corn Cobbettes 425g,$5.50,https://www.woolworths.com.au/shop/productdetails/307315/woolworths-corn-cobbettes
447762,Woolworths Baby Leaf Mix With Carrot 300g,$5.00,https://www.woolworths.com.au/shop/productdetails/447762/woolworths-baby-leaf-mix-salad-mix
730118,Mulgowie Green Beans Cleaned & Cut 340g,$5.30,https://www.woolworths.com.au/shop/productdetails/730118/mulgowie-green-beans-cleaned-cut
154991,Pak Choy Baby Asian Greens Each,$2.50,https://www.woolworths.com.au/shop/productdetails/154991/pak-choy-baby-asian-greens
139897,Woolworths Corn Sweet 500g Pack,$5.50,https://www.woolworths.com.au/shop/productdetails/139897/woolworths-corn-sweet
705439,Woolworths Baby Spinach & Rocket 120g,$2.20,https://www.woolworths.com.au/shop/productdetails/705439/woolworths-baby-spinach-rocket
133687,Aussie Sprouts Bean Sprouts 250g,$2.50,https://www.woolworths.com.au/shop/productdetails/133687/aussie-sprouts-bean-sprouts-bean-shoot
830354,The Odd Bunch Lime Prepacked 500g,$4.60,https://www.woolworths.com.au/shop/productdetails/830354/the-odd-bunch-lime-prepacked
447755,Woolworths Lettuce Iceberg Blend Lettuce Blend 300g,$3.00,https://www.woolworths.com.au/shop/productdetails/447755/woolworths-lettuce-iceberg-blend-lettuce-blend
149930,Woolworths Swiss Brown Mushrooms Punnet 200g,$5.50,https://www.woolworths.com.au/shop/productdetails/149930/woolworths-swiss-brown-mushrooms-punnet
380338,Kale Fresh Bunch,$3.90,https://www.woolworths.com.au/shop/productdetails/380338/kale-fresh
177574,Woolworths Mashing Potatoes Bag 1.5kg,$4.50,https://www.woolworths.com.au/shop/productdetails/177574/woolworths-mashing-potatoes-bag
126772,Woolworths Jalapeno Chilli (medium) Each,$0.94,https://www.woolworths.com.au/shop/productdetails/126772/woolworths-jalapeno-chilli-medium-hot
204588,Sweetango Apples Each,$1.21,https://www.woolworths.com.au/shop/productdetails/204588/sweetango-apples
591940,Woolworths Sweet & Juicy Mandarins 750g Prepack,$4.50,https://www.woolworths.com.au/shop/productdetails/591940/woolworths-sweet-juicy-mandarins
839573,Woolworths Lebanese Cucumber 500g Pack,$4.90,https://www.woolworths.com.au/shop/productdetails/839573/woolworths-lebanese-cucumber
625158,Bravo Apple Fresh Each,$1.21,https://www.woolworths.com.au/shop/productdetails/625158/bravo-apple-fresh
757488,Woolworths Potato Mini Microwavable White Bag 500g,$2.50,https://www.woolworths.com.au/shop/productdetails/757488/woolworths-potato-mini-microwavable-white-bag
305235,Woolworths Green Asparagus Bunch Each,$3.90,https://www.woolworths.com.au/shop/productdetails/305235/woolworths-green-asparagus-bunch-green
85794,Woolworths Snackable Snacking Carrot Each,$3.90,https://www.woolworths.com.au/shop/productdetails/85794/woolworths-snackable-snacking-carrot
310965,Woolworths Packham Pear 1kg Punnet,$2.90,https://www.woolworths.com.au/shop/productdetails/310965/woolworths-packham-pear
459369,Zerella Fresh Zerella Fresh Spudlite Baby Potato Pack Bag 750g,$3.00,https://www.woolworths.com.au/shop/productdetails/459369/zerella-fresh-spudlite-baby-potato-pack-bag
707365,Woolworths Dill Fresh Herb 15g,$3.20,https://www.woolworths.com.au/shop/productdetails/707365/woolworths-dill-fresh-herb
106542,Woolworths Green Cayenne Chilli (mild) Each,$0.60,https://www.woolworths.com.au/shop/productdetails/106542/woolworths-green-cayenne-chilli-mild-
847873,Woolworths Lettuce Butter 170g,$4.00,https://www.woolworths.com.au/shop/productdetails/847873/woolworths-lettuce-butter
233376,Woolworths Caesar Salad Kit 290g,$5.50,https://www.woolworths.com.au/shop/productdetails/233376/woolworths-caesar-salad-kit-kit
921080,Just Veg. Carrot Sticks 300g,$3.30,https://www.woolworths.com.au/shop/productdetails/921080/just-veg-carrot-sticks
707374,Woolworths Chives Fresh Herb 10g Punnet,$3.20,https://www.woolworths.com.au/shop/productdetails/707374/woolworths-chives-fresh-herb
149358,Swedes Fresh Each,$1.61,https://www.woolworths.com.au/shop/productdetails/149358/swedes-fresh
105925,Woolworths Beanette Pre Pack 400g Punnet,$4.50,https://www.woolworths.com.au/shop/productdetails/105925/woolworths-beanette-pre-pack
144795,Passionfruit Fresh Each,$1.90,https://www.woolworths.com.au/shop/productdetails/144795/passionfruit-fresh
781403,Gourmet Garden Parsley Lightly Dried 8g Sachet,$4.00,https://www.woolworths.com.au/shop/productdetails/781403/gourmet-garden-parsley-lightly-dried
136258,Tomberry Tomatoes 125g,$3.00,https://www.woolworths.com.au/shop/productdetails/136258/tomberry-tomatoes
786152,Kiwi Fruit Green 8 Pack,$7.50,https://www.woolworths.com.au/shop/productdetails/786152/kiwi-fruit-green
921142,Just Veg. Carrot Shred 300g,$3.30,https://www.woolworths.com.au/shop/productdetails/921142/just-veg-carrot-shred
170154,Cabbage Chinese Wombok Half Each,$3.45,https://www.woolworths.com.au/shop/productdetails/170154/cabbage-chinese-wombok-half
137605,Fresh Fennel Each,$3.50,https://www.woolworths.com.au/shop/productdetails/137605/fresh-fennel
204588,Sweetango Apples Each,$1.21,https://www.woolworths.com.au/shop/productdetails/204588/sweetango-apples
127079,Cabbage Red Quarter Each,$2.45,https://www.woolworths.com.au/shop/productdetails/127079/cabbage-red-quarter
124011,Mushroom Portobello Flat Large Min. 200g,$13.50,https://www.woolworths.com.au/shop/productdetails/124011/mushroom-portobello-flat-large
120847,Woolworths Garlic 3 Pack,$3.30,https://www.woolworths.com.au/shop/productdetails/120847/woolworths-garlic
717237,Macro Certified Organic Baby Spinach 100g,$4.50,https://www.woolworths.com.au/shop/productdetails/717237/macro-certified-organic-baby-spinach
119808,Woolworths Lettuce Oakleaf Green Each,$3.20,https://www.woolworths.com.au/shop/productdetails/119808/woolworths-lettuce-oakleaf-green
693501,Lemon 500g Per Pack,$3.90,https://www.woolworths.com.au/shop/productdetails/693501/lemon-lemon
748851,Woolworths Celery Heart Each,$4.00,https://www.woolworths.com.au/shop/productdetails/748851/woolworths-celery-heart
134782,Woolworths Brussels Sprouts Per Kg,$14.90,https://www.woolworths.com.au/shop/productdetails/134782/woolworths-brussels-sprouts
707364,Woolworths Green Basil Fresh Herb 15g Punnet,$3.20,https://www.woolworths.com.au/shop/productdetails/707364/woolworths-green-basil-fresh-herb
743361,Woolworths Asian Style Salad Kit 350g,$5.50,https://www.woolworths.com.au/shop/productdetails/743361/woolworths-asian-style-salad-kit
145259,Fresh Green Nashi Pear Each,$1.90,https://www.woolworths.com.au/shop/productdetails/145259/fresh-green-nashi-pear
134923,Cabbage Green Whole Each,$8.50,https://www.woolworths.com.au/shop/productdetails/134923/cabbage-green
210688,Woolworths Lettuce Gourmet Leaf Mix 170g,$4.00,https://www.woolworths.com.au/shop/productdetails/210688/woolworths-lettuce-gourmet-leaf-mix
840769,Woolworths Sweet Potato Mini Gold Prepacked 300g,$2.70,https://www.woolworths.com.au/shop/productdetails/840769/woolworths-sweet-potato-mini-gold-prepacked
113616,Honeydew Large Half Each,$3.95,https://www.woolworths.com.au/shop/productdetails/113616/honeydew-large
707370,Woolworths Rosemary Fresh Herb 10g Punnet,$3.20,https://www.woolworths.com.au/shop/productdetails/707370/woolworths-rosemary-fresh-herb
30758,Woolworths Diced Pumpkin & Sweet Potato 500g,$5.00,https://www.woolworths.com.au/shop/productdetails/30758/woolworths-diced-pumpkin-sweet-potato
159626,Woolworths Greek Salad Kit 270g,$5.50,https://www.woolworths.com.au/shop/productdetails/159626/woolworths-greek-salad-kit
385086,Woolworths Baby Red Washed Potato 1kg Bag,$3.80,https://www.woolworths.com.au/shop/productdetails/385086/woolworths-baby-red-washed-potato
621085,Sungold Kiwifruit Punnet 500g,$6.20,https://www.woolworths.com.au/shop/productdetails/621085/kiwifruit-sungold-kiwifruit-punnet
163364,Tomato Loose Vine Ripened Vine Ripened Each,$1.37,https://www.woolworths.com.au/shop/productdetails/163364/tomato-loose-vine-ripened-vine-ripened
823690,Woolworths Little Gem Lettuce Green 2 Pack,$4.50,https://www.woolworths.com.au/shop/productdetails/823690/woolworths-little-gem-lettuce-green
705436,Woolworths Kaleslaw Kit 350g,$5.50,https://www.woolworths.com.au/shop/productdetails/705436/woolworths-kaleslaw-kit
204588,Sweetango Apples Each,$1.21,https://www.woolworths.com.au/shop/productdetails/204588/sweetango-apples
584927,Cherry Tomatoes Loose Red Cherry Each,$0.26,https://www.woolworths.com.au/shop/productdetails/584927/perfection-fresh-cherry-tomatoes-loose-red-cherry
781401,Gourmet Garden Basil Lightly Dried 10g Sachet,$4.00,https://www.woolworths.com.au/shop/productdetails/781401/gourmet-garden-basil-lightly-dried
215609,Woolworths Portobello Flat Mushrooms Punnet 375g,$8.50,https://www.woolworths.com.au/shop/productdetails/215609/woolworths-portobello-flat-mushrooms-punnet
170127,Cabbage Chinese Wombok Whole Each,$6.90,https://www.woolworths.com.au/shop/productdetails/170127/cabbage-chinese-wombok
642106,Woolworths Chicken Caesar Salad Bowl 180g,$5.90,https://www.woolworths.com.au/shop/productdetails/642106/woolworths-chicken-caesar-salad-bowl-caesar-bowl
317566,Woolworths Baby Leaf With Beetroot & Carrot 180g,$4.00,https://www.woolworths.com.au/shop/productdetails/317566/woolworths-baby-leaf-with-beetroot-carrot
259345,Grapefruit Red Flesh Each,$1.49,https://www.woolworths.com.au/shop/productdetails/259345/grapefruit-red-flesh
325816,Jazz Apple Snackers 1kg Punnet,$6.90,https://www.woolworths.com.au/shop/productdetails/325816/jazz-apple-snackers
147947,Aussie Sprouts Alfalfa Sprouts 125g Punnet,$2.50,https://www.woolworths.com.au/shop/productdetails/147947/aussie-sprouts-alfalfa-sprouts
721337,Select Lettuce Oakleaf Combo Each,$3.20,https://www.woolworths.com.au/shop/productdetails/721337/select-lettuce-oakleaf-combo
255068,Potato Dutch Cream Loose Each,$1.32,https://www.woolworths.com.au/shop/productdetails/255068/potato-dutch-cream-loose
144523,Onion White Each,$1.00,https://www.woolworths.com.au/shop/productdetails/144523/onion-white
78633,Mini Qukes Loose Each,$0.46,https://www.woolworths.com.au/shop/productdetails/78633/qukes-mini-qukes-loose
706450,Gourmet Garden Garlic Cold Blended Paste Tube 120g,$5.00,https://www.woolworths.com.au/shop/productdetails/706450/gourmet-garden-garlic-cold-blended-paste-tube
381241,Woolworths Mushrooms Swiss Brown Sliced 200g Punnet,$5.50,https://www.woolworths.com.au/shop/productdetails/381241/woolworths-mushrooms-swiss-brown-sliced
172659,Papaya Red Whole Each,$4.90,https://www.woolworths.com.au/shop/productdetails/172659/papaya-red-whole
186285,Potato Sweet Purple Each,$3.11,https://www.woolworths.com.au/shop/productdetails/186285/potato-sweet-purple
648994,Woolworths Kiwifruit Green Kids 5 Pack,$2.50,https://www.woolworths.com.au/shop/productdetails/648994/woolworths-kiwifruit-green-kids
54901,Woolworths Baby Spinach & Kale 300g,$5.00,https://www.woolworths.com.au/shop/productdetails/54901/woolworths-baby-spinach-kale
134986,Cabbage Red Half Each,$4.90,https://www.woolworths.com.au/shop/productdetails/134986/cabbage-red
201685,Woolworths Mushrooms Cups Sliced 375g Punnet,$6.00,https://www.woolworths.com.au/shop/productdetails/201685/woolworths-mushrooms-cups-sliced
178497,Silverbeet Fresh Bunch Each,$4.70,https://www.woolworths.com.au/shop/productdetails/178497/silverbeet-fresh-bunch
827628,Woolworths Leafy Mix Salad 120g,$2.00,https://www.woolworths.com.au/shop/productdetails/827628/woolworths-leafy-mix-salad
190092,Select Lettuce Baby Cos Each,$3.20,https://www.woolworths.com.au/shop/productdetails/190092/select-lettuce-baby-cos
204588,Sweetango Apples Each,$1.21,https://www.woolworths.com.au/shop/productdetails/204588/sweetango-apples
584928,Grape Tomato Golden Each,$0.18,https://www.woolworths.com.au/shop/productdetails/584928/perfection-fresh-grape-tomato-golden
193753,Woolworths Crunchy Noodle Coleslaw Kit Coleslaw Kit 520g,$5.50,https://www.woolworths.com.au/shop/productdetails/193753/woolworths-crunchy-noodle-coleslaw-kit-coleslaw-kit
120230,Woolworths Mixed Vegetables Soup Starter With Celery 1kg Punnet,$4.90,https://www.woolworths.com.au/shop/productdetails/120230/woolworths-mixed-vegetables-soup-starter-with-celery
738337,Parsnip Mini 350g,$7.00,https://www.woolworths.com.au/shop/productdetails/738337/parsnip-mini
197423,Potato Royal Blue Washed Each,$1.26,https://www.woolworths.com.au/shop/productdetails/197423/potato-royal-blue-washed
147319,Radish Fresh Bunch,$3.90,https://www.woolworths.com.au/shop/productdetails/147319/radish-fresh
761414,Envy Apple Each,$1.03,https://www.woolworths.com.au/shop/productdetails/761414/envy-apple
199732,Turnip Fresh Each,$1.40,https://www.woolworths.com.au/shop/productdetails/199732/turnip-fresh
159072,Woolworths Washed & Ready To Cook Pumpkin Cubes 500g,$5.00,https://www.woolworths.com.au/shop/productdetails/159072/woolworths-washed-ready-to-cook-pumpkin-cubes
578168,Mi Apple Loose Each,$1.03,https://www.woolworths.com.au/shop/productdetails/578168/mi-apple-loose
707362,Woolworths Lemongrass Fresh Herb 30g Punnet,$3.20,https://www.woolworths.com.au/shop/productdetails/707362/woolworths-lemongrass-fresh-herb
702151,Woolworths American Style Slaw Kit 450g,$4.50,https://www.woolworths.com.au/shop/productdetails/702151/woolworths-american-style-slaw-kit
147199,Pumpkin Jarrahdale Grey Cut Each,$3.50,https://www.woolworths.com.au/shop/productdetails/147199/pumpkin-jarrahdale-grey-cut
649090,Woolworths Fresh Food Kids Mini Mandarins 5 Pack,$3.50,https://www.woolworths.com.au/shop/productdetails/649090/woolworths-fresh-food-kids-mini-mandarins
169160,Woolworths Caesar Salad Kit Tub 250g,$5.90,https://www.woolworths.com.au/shop/productdetails/169160/woolworths-caesar-salad-kit-tub
780371,Woolworths Beetroot Fresh Beetroot 250g,$3.00,https://www.woolworths.com.au/shop/productdetails/780371/woolworths-beetroot-fresh-beetroot
515547,Woolworths Thai Salad Kit 315g,$5.50,https://www.woolworths.com.au/shop/productdetails/515547/woolworths-thai-salad-kit
609700,Fresh Papple Each,$1.42,https://www.woolworths.com.au/shop/productdetails/609700/pear-fresh-papple
443314,Woolworths Cook Stir Fry Vegetable Super Foods 250g,$3.50,https://www.woolworths.com.au/shop/productdetails/443314/woolworths-cook-stir-fry-vegetable-super-foods
324819,Pomegranate Fresh Each,$5.90,https://www.woolworths.com.au/shop/productdetails/324819/pomegranate-fresh
117383,Macro Organic Green Zucchini Punnet 500g,$5.50,https://www.woolworths.com.au/shop/productdetails/117383/macro-organic-green-zucchini-punnet
135030,Cabbage Savoy Half Each,$4.90,https://www.woolworths.com.au/shop/productdetails/135030/cabbage-savoy
78632,Mini Vine Sweet Capsicum Orange Loose Each,$0.92,https://www.woolworths.com.au/shop/productdetails/78632/orange-vine-mini-vine-sweet-capsicum-orange-loose
135037,Woolworths Baby Buk Choy Asian Greens Each,$2.50,https://www.woolworths.com.au/shop/productdetails/135037/woolworths-baby-buk-choy-asian-greens
204588,Sweetango Apples Each,$1.21,https://www.woolworths.com.au/shop/productdetails/204588/sweetango-apples
702156,Woolworths Rainbow Coleslaw 300g,$3.00,https://www.woolworths.com.au/shop/productdetails/702156/woolworths-rainbow-coleslaw
781395,Gourmet Garden Coriander Lightly Dried 8g Sachet,$4.00,https://www.woolworths.com.au/shop/productdetails/781395/gourmet-garden-coriander-lightly-dried
839552,Zucchini Green Punnet 500g,$4.90,https://www.woolworths.com.au/shop/productdetails/839552/zucchini-green-punnet
136979,Select Choy Sum Asian Greens Each,$2.50,https://www.woolworths.com.au/shop/productdetails/136979/select-choy-sum-asian-greens
769063,Macro Dutch Cream Organic Potato 1kg Punnet,$4.80,https://www.woolworths.com.au/shop/productdetails/769063/macro-dutch-cream-organic-potato
134784,Woolworths Brussel Sprouts Prepack 500g Punnet,$6.90,https://www.woolworths.com.au/shop/productdetails/134784/woolworths-brussel-sprouts-prepack
379518,Woolworths Baby Spinach & Rocket 60g,$2.00,https://www.woolworths.com.au/shop/productdetails/379518/woolworths-baby-spinach-rocket-with-rocket
159055,Woolworths Washed & Ready To Cook Broccoli Florets 150g,$2.00,https://www.woolworths.com.au/shop/productdetails/159055/woolworths-washed-ready-to-cook-broccoli-florets
90622,Ambrosia Apple Each,$0.98,https://www.woolworths.com.au/shop/productdetails/90622/ambrosia-apple
145919,Persimmon Fresh Each,$1.80,https://www.woolworths.com.au/shop/productdetails/145919/persimmon-fresh
179060,Woolworths Baby Brussels Sprouts 300g Punnet,$4.50,https://www.woolworths.com.au/shop/productdetails/179060/woolworths-baby-brussels-sprouts
54899,Woolworths Classic Coleslaw Kit 500g,$4.50,https://www.woolworths.com.au/shop/productdetails/54899/woolworths-classic-coleslaw-kit
208679,The Odd Bunch Apple Prepacked 2kg,$5.60,https://www.woolworths.com.au/shop/productdetails/208679/the-odd-bunch-apple-prepacked
780372,Woolworths Beetroot Fresh Beetroot 500g,$5.00,https://www.woolworths.com.au/shop/productdetails/780372/woolworths-beetroot-fresh-beetroot
56534,Woolworths Green Goodness Salad Bowl 240g,$5.90,https://www.woolworths.com.au/shop/productdetails/56534/woolworths-green-goodness-salad-bowl-salad-bowl
185251,Woolworths Cook Stir Fry Mix Rainbow Vegetables 400g,$3.50,https://www.woolworths.com.au/shop/productdetails/185251/woolworths-cook-stir-fry-mix-rainbow-vegetables
948525,Gourmet Garden Paste Lemongrass 80g,$4.00,https://www.woolworths.com.au/shop/productdetails/948525/gourmet-garden-paste-lemongrass
164642,Woolworths Caesar Salad Bowl 200g,$5.00,https://www.woolworths.com.au/shop/productdetails/164642/woolworths-caesar-salad-bowl
707369,Woolworths Sage Fresh Herb 10g Punnet,$3.20,https://www.woolworths.com.au/shop/productdetails/707369/woolworths-sage-fresh-herb
1632,Macro Pumpkin Kent Cut Organic Each,$2.45,https://www.woolworths.com.au/shop/productdetails/1632/macro-pumpkin-kent-cut-organic
785544,Kanzi Apple 1kg Punnet,$5.50,https://www.woolworths.com.au/shop/productdetails/785544/kanzi-apple
948511,Gourmet Garden Paste Ginger 80g,$4.00,https://www.woolworths.com.au/shop/productdetails/948511/gourmet-garden-paste-ginger
204588,Sweetango Apples Each,$1.21,https://www.woolworths.com.au/shop/productdetails/204588/sweetango-apples
157404,Macro Organic Ginger Punnet 150g,$5.90,https://www.woolworths.com.au/shop/productdetails/157404/macro-organic-ginger-punnet
79288,Organic Mini Watermelon Seedless Each,$9.50,https://www.woolworths.com.au/shop/productdetails/79288/organic-mini-watermelon-seedless
948491,Gourmet Garden Paste Garlic 80g,$4.00,https://www.woolworths.com.au/shop/productdetails/948491/gourmet-garden-paste-garlic
116404,Pear Red Angel Each,$1.09,https://www.woolworths.com.au/shop/productdetails/116404/pear-red-angel
707373,Woolworths Kaffir Lime Leaf Fresh Herb 10g Punnet,$3.20,https://www.woolworths.com.au/shop/productdetails/707373/woolworths-kaffir-lime-leaf-fresh-herb
427867,Macro Organic Herb Coriander Bunch Each,$4.50,https://www.woolworths.com.au/shop/productdetails/427867/macro-organic-herb-coriander-bunch
210687,Woolworths Cranberry & Kaleslaw Kit 350g,$5.50,https://www.woolworths.com.au/shop/productdetails/210687/woolworths-cranberry-kaleslaw-kit
810386,Macro Organic Broccoli 500g,$7.50,https://www.woolworths.com.au/shop/productdetails/810386/macro-organic-broccoli
243094,Avofresh Classic Avocado Guacamole 160g,$5.50,https://www.woolworths.com.au/shop/productdetails/243094/avofresh-classic-avocado-guacamole
707363,Woolworths Thai Basil Fresh Herbs 15g Punnet,$3.20,https://www.woolworths.com.au/shop/productdetails/707363/woolworths-thai-basil-fresh-herbs
139033,Woolworths Cook Stir-fry Traditional Vegetables 400g,$5.00,https://www.woolworths.com.au/shop/productdetails/139033/woolworths-cook-stir-fry-traditional-vegetables
364554,Avofresh Avocado Hint Of Lemon Tube 160g,$5.50,https://www.woolworths.com.au/shop/productdetails/364554/avofresh-avocado-hint-of-lemon-tube-hint-of-lemon
583615,Woolworths Cook Roast Mixed Vegetables With Garlic & Rosemary 500g,$5.50,https://www.woolworths.com.au/shop/productdetails/583615/woolworths-cook-roast-mixed-vegetables-with-garlic-rosemary
185242,Galiko All Natural Ginger Minced Jar 145g,$3.00,https://www.woolworths.com.au/shop/productdetails/185242/galiko-all-natural-ginger-minced-jar
149820,Strawberry Organic 250g Punnet,$8.90,https://www.woolworths.com.au/shop/productdetails/149820/strawberry-organic
164620,Woolworths Beetroot & Feta Salad Bowl 200g,$5.90,https://www.woolworths.com.au/shop/productdetails/164620/woolworths-beetroot-feta-salad-bowl
210691,Woolworths Caesar Salad Kit Entertainer Pack 500g,$7.50,https://www.woolworths.com.au/shop/productdetails/210691/woolworths-caesar-salad-kit-entertainer-pack
413886,Macro Organic Sweet Potato Each,$4.46,https://www.woolworths.com.au/shop/productdetails/413886/macro-organic-sweet-potato
515646,Woolworths Simply Steam Zucchini Spaghetti 250g,$3.00,https://www.woolworths.com.au/shop/productdetails/515646/woolworths-simply-steam-zucchini-spaghetti
159054,Woolworths Washed & Ready To Cook Broccoli & Cauliflower Florets 150g,$2.00,https://www.woolworths.com.au/shop/productdetails/159054/woolworths-washed-ready-to-cook-broccoli-cauliflower-florets
285761,Perfection Romatherapy Baby Roma Tomato 250g Punnet,$4.90,https://www.woolworths.com.au/shop/productdetails/285761/perfection-romatherapy-baby-roma-tomato
185243,Galiko All Natural Garlic Minced Jar 145g,$3.00,https://www.woolworths.com.au/shop/productdetails/185243/galiko-all-natural-garlic-minced-jar
204588,Sweetango Apples Each,$1.21,https://www.woolworths.com.au/shop/productdetails/204588/sweetango-apples
129909,Sweet Gold Mini Potato Each,$1.00,https://www.woolworths.com.au/shop/productdetails/129909/sweet-gold-mini-potato
703808,Woolworths Beetroot & Feta Salad Kit 270g,$6.50,https://www.woolworths.com.au/shop/productdetails/703808/woolworths-beetroot-feta-salad-kit-salad-kit
789892,Macro Fresh Celery Heart Organic Each,$7.50,https://www.woolworths.com.au/shop/productdetails/789892/macro-fresh-celery-heart-organic
306567,Macro Organic Round Beans 200g,$5.80,https://www.woolworths.com.au/shop/productdetails/306567/macro-organic-round-beans
876327,Woolworths Red Cayenne Chilli (medium) 50g Punnet,$3.80,https://www.woolworths.com.au/shop/productdetails/876327/woolworths-red-cayenne-chilli-medium-
127101,Aussie Sprouts Pea Shoots 100g Pack,$3.50,https://www.woolworths.com.au/shop/productdetails/127101/aussie-sprouts-pea-shoots
137548,Eggplant Lebanese Each,$3.58,https://www.woolworths.com.au/shop/productdetails/137548/eggplant-lebanese
143179,Naturally Sweet Pineapple Half Each,$2.25,https://www.woolworths.com.au/shop/productdetails/143179/woolworths-naturally-sweet-pineapple
948505,Gourmet Garden Paste Basil 80g,$4.00,https://www.woolworths.com.au/shop/productdetails/948505/gourmet-garden-paste-basil
211774,Macro Fuji Apple Organic 1kg Punnet,$5.50,https://www.woolworths.com.au/shop/productdetails/211774/macro-fuji-apple-organic
427873,Macro Organic Herb Parsley Bunch Each,$4.50,https://www.woolworths.com.au/shop/productdetails/427873/macro-organic-herb-parsley-bunch
784073,Fresh Beurre Bosc Pear 750g Punnet,$2.10,https://www.woolworths.com.au/shop/productdetails/784073/fresh-beurre-bosc-pear
593297,Gourmet Garden Mint Lightly Dried 5g,$4.00,https://www.woolworths.com.au/shop/productdetails/593297/gourmet-garden-mint-lightly-dried
773340,Macro Mini Organic Apple 1kg,$7.50,https://www.woolworths.com.au/shop/productdetails/773340/macro-mini-organic-apple
374347,Pomlife Pomegranate Arils Punnet 75g,$5.00,https://www.woolworths.com.au/shop/productdetails/374347/pomlife-pomegranate-arils-punnet
164646,Woolworths Garden Salad Bowl 180g,$5.00,https://www.woolworths.com.au/shop/productdetails/164646/woolworths-garden-salad-bowl
164644,Woolworths Asian Salad Bowl 230g,$5.00,https://www.woolworths.com.au/shop/productdetails/164644/woolworths-asian-salad-bowl
145457,Potato Kipfler Brushed Each,$0.84,https://www.woolworths.com.au/shop/productdetails/145457/potato-kipfler-brushed
173264,Woolworths Yellow Squash 250g Punnet,$5.90,https://www.woolworths.com.au/shop/productdetails/173264/woolworths-yellow-squash
122674,Macro Onion Spring Organic Each,$4.90,https://www.woolworths.com.au/shop/productdetails/122674/macro-onion-spring-organic
555398,Gourmet Garden Lightly Dried Chives 4g,$4.00,https://www.woolworths.com.au/shop/productdetails/555398/gourmet-garden-lightly-dried-chives
177575,Georgina Premium White Wash Potatoes Bag 1.5kg,$4.50,https://www.woolworths.com.au/shop/productdetails/177575/georgina-premium-white-wash-potatoes-bag
204588,Sweetango Apples Each,$1.21,https://www.woolworths.com.au/shop/productdetails/204588/sweetango-apples
160888,Macro Pink Lady Apple Organic 1kg Punnet,$7.90,https://www.woolworths.com.au/shop/productdetails/160888/macro-pink-lady-apple-organic
651491,Macro Organic Coleslaw & Kale Slaw Kit 250g,$4.90,https://www.woolworths.com.au/shop/productdetails/651491/macro-organic-coleslaw-kale-slaw-kit
318163,Macro Organic Dates Punnet 200g,$7.50,https://www.woolworths.com.au/shop/productdetails/318163/macro-organic-dates-punnet
147346,Rhubarb Fresh Bunch,$6.00,https://www.woolworths.com.au/shop/productdetails/147346/rhubarb-fresh
271213,Macro Wholefoods Market Organic Australian Mini Cucumbers 200g,$4.00,https://www.woolworths.com.au/shop/productdetails/271213/macro-wholefoods-market-organic-australian-mini-cucumbers
224918,Woolworths Cook Potato Baby Herb & Butter 400g,$5.00,https://www.woolworths.com.au/shop/productdetails/224918/woolworths-cook-potato-baby-herb-butter
786006,Macro Fresh Lettuce Baby Cos Organic Pack Each,$5.00,https://www.woolworths.com.au/shop/productdetails/786006/macro-fresh-lettuce-baby-cos-organic-pack
685740,Organic Pumpkin Butternut Each,$4.90,https://www.woolworths.com.au/shop/productdetails/685740/organic-pumpkin-butternut
210686,Woolworths Honey Mustard Salad Kit 285g,$5.50,https://www.woolworths.com.au/shop/productdetails/210686/woolworths-honey-mustard-salad-kit
145289,Fresh Brown Nashi Pear Each,$1.90,https://www.woolworths.com.au/shop/productdetails/145289/fresh-brown-nashi-pear
792361,Macro Organic Avocado Each,$4.40,https://www.woolworths.com.au/shop/productdetails/792361/macro-organic-avocado
135334,Woolworths Carrot Dutch Bunch Each,$3.90,https://www.woolworths.com.au/shop/productdetails/135334/woolworths-carrot-dutch-bunch
139344,Grape Red Globe Bunch Each,$5.23,https://www.woolworths.com.au/shop/productdetails/139344/grape-red-globe-bunch
806260,Macro Organic Beetroot 250g,$5.00,https://www.woolworths.com.au/shop/productdetails/806260/macro-organic-beetroot
134984,Cabbage Red Whole Each,$9.80,https://www.woolworths.com.au/shop/productdetails/134984/cabbage-red
707371,Woolworths Oregano Fresh Herb 10g Punnet,$3.20,https://www.woolworths.com.au/shop/productdetails/707371/woolworths-oregano-fresh-herb
707361,Woolworths Curry Leaf Fresh Herb 5g Punnet,$3.20,https://www.woolworths.com.au/shop/productdetails/707361/woolworths-curry-leaf-fresh-herb
707375,Woolworths Bay Leaf Fresh Herb 10g,$3.20,https://www.woolworths.com.au/shop/productdetails/707375/woolworths-bay-leaf-fresh-herb
772786,Macro Organic Kale Each,$5.50,https://www.woolworths.com.au/shop/productdetails/772786/macro-organic-kale
703827,Woolworths Korean Style Salad Kit 400g,$5.50,https://www.woolworths.com.au/shop/productdetails/703827/woolworths-korean-style-salad-kit
233567,Woolworths Four Seasons Coleslaw Coleslaw 400g,$4.50,https://www.woolworths.com.au/shop/productdetails/233567/woolworths-four-seasons-coleslaw-coleslaw
204588,Sweetango Apples Each,$1.21,https://www.woolworths.com.au/shop/productdetails/204588/sweetango-apples
215610,Woolworths White Flat Mushrooms Punnet 375g,$7.00,https://www.woolworths.com.au/shop/productdetails/215610/woolworths-white-flat-mushrooms-punnet
59809,Gourmet Garden Herb Tube Ginger 115g,$5.00,https://www.woolworths.com.au/shop/productdetails/59809/gourmet-garden-herb-tube-ginger
364558,Avofresh Avocado Hint Of Lemon Tub 160g,$5.50,https://www.woolworths.com.au/shop/productdetails/364558/avofresh-avocado-hint-of-lemon-tub-hint-of-lemon
210689,Woolworths Mexican Style Salad Kit 340g,$5.50,https://www.woolworths.com.au/shop/productdetails/210689/woolworths-mexican-style-salad-kit
668581,Woolworths Fresh Josephine Pear 750g Punnet,$3.50,https://www.woolworths.com.au/shop/productdetails/668581/woolworths-fresh-josephine-pear
158938,Woolworths Washed & Ready To Cook Carrot Sticks 150g,$2.00,https://www.woolworths.com.au/shop/productdetails/158938/woolworths-washed-ready-to-cook-carrot-sticks
210690,Woolworths Smokey Bbq Slaw Kit 450g,$4.50,https://www.woolworths.com.au/shop/productdetails/210690/woolworths-smokey-bbq-slaw-kit
629215,Macro Organic Celery Sticks 250g,$5.50,https://www.woolworths.com.au/shop/productdetails/629215/macro-organic-celery-sticks
663649,Perfection Kumato Tomato Punnet 300g,$4.90,https://www.woolworths.com.au/shop/productdetails/663649/perfection-kumato-tomato-punnet
56533,Woolworths Chicken Buffalo Salad Bowl 180g,$5.90,https://www.woolworths.com.au/shop/productdetails/56533/woolworths-chicken-buffalo-salad-bowl-salad-bowl
823691,Woolworths Little Gem Lettuce Combo 2 Pack,$4.50,https://www.woolworths.com.au/shop/productdetails/823691/woolworths-little-gem-lettuce-combo
948509,Gourmet Garden Paste Coriander 80g,$4.00,https://www.woolworths.com.au/shop/productdetails/948509/gourmet-garden-paste-coriander
664108,The Salad Servers Quinoa Tabbouleh 250g,$6.20,https://www.woolworths.com.au/shop/productdetails/664108/the-salad-servers-quinoa-tabbouleh
145947,Macro Brown Onions Organic 1kg Bag,$4.90,https://www.woolworths.com.au/shop/productdetails/145947/macro-brown-onions-organic
154992,Choy Sum Baby Asian Greens Each,$2.50,https://www.woolworths.com.au/shop/productdetails/154992/choy-sum-baby-asian-greens
338087,Woolworths Asian Salad Kit Tub 250g,$5.90,https://www.woolworths.com.au/shop/productdetails/338087/woolworths-asian-salad-kit-tub
143311,Woolworths Mushrooms Shiitake 100g Punnet,$6.90,https://www.woolworths.com.au/shop/productdetails/143311/woolworths-mushrooms-shiitake
593301,Gourmet Garden Oregano Lightly Dried 5g,$4.00,https://www.woolworths.com.au/shop/productdetails/593301/gourmet-garden-oregano-lightly-dried
136691,Woolworths Broccoli Chinese Bunch,$2.50,https://www.woolworths.com.au/shop/productdetails/136691/woolworths-broccoli-chinese
346757,Oxheart Tomato Per Kg,$15.00,https://www.woolworths.com.au/shop/productdetails/346757/oxheart-tomato
179004,Perfection Chinese Wombok Baby Whole Each,$3.90,https://www.woolworths.com.au/shop/productdetails/179004/perfection-chinese-wombok-baby
66613,Melonball Each,$4.90,https://www.woolworths.com.au/shop/productdetails/66613/melon-melonball
204588,Sweetango Apples Each,$1.21,https://www.woolworths.com.au/shop/productdetails/204588/sweetango-apples
717236,Macro Organic Wild Rocket 100g,$4.50,https://www.woolworths.com.au/shop/productdetails/717236/organic-wild-rocket
717238,Macro Certified Organic Salad Mix 100g,$3.80,https://www.woolworths.com.au/shop/productdetails/717238/macro-certified-organic-salad-mix
22095,Bravo Apple Punnet 750g,$5.50,https://www.woolworths.com.au/shop/productdetails/22095/bravo-apple-punnet
135006,Cabbage Savoy Quarter Each,$2.45,https://www.woolworths.com.au/shop/productdetails/135006/cabbage-savoy
307140,Cocktail Potato Each,$0.32,https://www.woolworths.com.au/shop/productdetails/307140/cocktail-potato
948507,Gourmet Garden Paste Chilli Mild 80g,$4.00,https://www.woolworths.com.au/shop/productdetails/948507/gourmet-garden-paste-chilli-mild
116277,Macro Organic Beetroot Punnet 500g,$4.90,https://www.woolworths.com.au/shop/productdetails/116277/macro-organic-beetroot-punnet
405658,Avofresh Avocado Lime & Black Pepper Tube 160g,$5.50,https://www.woolworths.com.au/shop/productdetails/405658/avofresh-avocado-lime-black-pepper-tube
725063,Tomato Loose Kumato Loose Each,$0.90,https://www.woolworths.com.au/shop/productdetails/725063/tomato-kumato-tomato-loose-kumato-loose
669459,Birch & Waite Milk Chocolate Dessert Sauce 130g,$3.00,https://www.woolworths.com.au/shop/productdetails/669459/birch-waite-milk-chocolate-dessert-sauce
290644,Woolworths Roasted Garlilc Butter Baby Potatoes 400g,$5.00,https://www.woolworths.com.au/shop/productdetails/290644/woolworths-roasted-garlilc-butter-baby-potatoes
1634,Macro Pumpkin Butternut Cut Organic Each,$2.45,https://www.woolworths.com.au/shop/productdetails/1634/macro-pumpkin-butternut-cut-organic
265225,Happy Chop Tearless Brown Onions 500g,$2.50,https://www.woolworths.com.au/shop/productdetails/265225/happy-chop-tearless-brown-onions
876201,Woolworths Bird's Eye Chilli (hot) 20g Punnet,$3.80,https://www.woolworths.com.au/shop/productdetails/876201/woolworths-chilli-birdseye
78607,Mini Vine Sweet Caps Red Loose Each,$0.70,https://www.woolworths.com.au/shop/productdetails/78607/red-vine-mini-vine-sweet-caps-red-loose
179994,Woolworths Mushrooms Oyster 150g Punnet,$6.90,https://www.woolworths.com.au/shop/productdetails/179994/woolworths-mushrooms-oyster
154446,Macro Organic Garlic Cloves 150g Punnet,$9.90,https://www.woolworths.com.au/shop/productdetails/154446/macro-organic-garlic-cloves
164645,Woolworths Mexican Style Salad Bowl 220g,$5.00,https://www.woolworths.com.au/shop/productdetails/164645/woolworths-mexican-style-salad-bowl
147863,Spinach English Salad Bunch,$3.90,https://www.woolworths.com.au/shop/productdetails/147863/spinach-english-salad
218235,Woolworths Cook Simmer Veggie Mix 400g,$4.50,https://www.woolworths.com.au/shop/productdetails/218235/woolworths-cook-simmer-veggie-mix
271214,Macro Organic Sweet Potato 500g,$6.00,https://www.woolworths.com.au/shop/productdetails/271214/macro-organic-sweet-potato
476796,Gourmet Garden Mixed Herbs Lightly Dried 8g Sachet,$4.00,https://www.woolworths.com.au/shop/productdetails/476796/gourmet-garden-mixed-herbs-lightly-dried
79928,"Woolworths Carrot, Corn & Beans 350g",$5.00,https://www.woolworths.com.au/shop/productdetails/79928/woolworths-carrot-corn-beans
204588,Sweetango Apples Each,$1.21,https://www.woolworths.com.au/shop/productdetails/204588/sweetango-apples
164641,Woolworths Cobb Salad Bowl 240g,$5.90,https://www.woolworths.com.au/shop/productdetails/164641/woolworths-cobb-salad-bowl
829707,Woolworths Organic Mushroom Cup 180g,$6.30,https://www.woolworths.com.au/shop/productdetails/829707/woolworths-organic-mushroom-cup
158940,Woolworths Washed & Ready To Cook Vegetable Medley 150g,$2.30,https://www.woolworths.com.au/shop/productdetails/158940/woolworths-washed-ready-to-cook-vegetable-medley
73195,Good To Go Fresh Pineapple 200g,$4.50,https://www.woolworths.com.au/shop/productdetails/73195/good-to-go-fresh-pineapple
426911,Macro Organic Gourmet Salad Mix 100g,$4.00,https://www.woolworths.com.au/shop/productdetails/426911/macro-organic-gourmet-salad-mix
806333,Woolworths Organic Salad Coleslaw 200g,$3.00,https://www.woolworths.com.au/shop/productdetails/806333/woolworths-organic-salad-coleslaw
159056,Woolworths Washed & Ready To Cook Cauliflower Florets 150g,$2.00,https://www.woolworths.com.au/shop/productdetails/159056/woolworths-washed-ready-to-cook-cauliflower-florets
79173,Macro Organic Lebanese Cucumber 350g,$6.90,https://www.woolworths.com.au/shop/productdetails/79173/macro-organic-lebanese-cucumber
149792,Macro Fresh Cabbage Organic Green Half Each,$8.50,https://www.woolworths.com.au/shop/productdetails/149792/macro-fresh-cabbage-organic-green-half
827507,Country Fresh Exotic Mushroom Stir Fry Mix 150g,$6.90,https://www.woolworths.com.au/shop/productdetails/827507/country-fresh-exotic-mushroom-stir-fry-mix
876280,Woolworths Jalapeno Chilli (medium) 80g Punnet,$3.80,https://www.woolworths.com.au/shop/productdetails/876280/woolworths-chilli-jalapeno
767560,Cara Cara Oranges Bag 1kg,$3.90,https://www.woolworths.com.au/shop/productdetails/767560/cara-cara-oranges-bag
798100,Gourmet Garden Chilli Lightly Dried 10g Sachet,$4.00,https://www.woolworths.com.au/shop/productdetails/798100/gourmet-garden-chilli-lightly-dried
127017,Pumpkin Jarrahdale Whole Each,$10.50,https://www.woolworths.com.au/shop/productdetails/127017/pumpkin-jarrahdale-whole
79986,Woolworths Quick Cook Potatoes With Garlic & Rosemary 400g,$5.00,https://www.woolworths.com.au/shop/productdetails/79986/woolworths-quick-cook-potatoes-with-garlic-rosemary
948513,Gourmet Garden Paste Italian 80g,$4.00,https://www.woolworths.com.au/shop/productdetails/948513/gourmet-garden-paste-italian
290118,Woolworths Gourmet Baby Kale Leaf Mix 170g,$4.00,https://www.woolworths.com.au/shop/productdetails/290118/woolworths-gourmet-baby-kale-leaf-mix
878644,Woolworths Habanero Chilli Hot 35g Punnet,$3.80,https://www.woolworths.com.au/shop/productdetails/878644/woolworths-habanero-chilli-hot
137009,Coco Q Green Drinking Coconut Each,$3.90,https://www.woolworths.com.au/shop/productdetails/137009/coco-q-green-drinking-coconut-for-drinking
204588,Sweetango Apples Each,$1.21,https://www.woolworths.com.au/shop/productdetails/204588/sweetango-apples
875855,Woolworths Green Cayenne Chilli (mild) 50g Punnet,$3.80,https://www.woolworths.com.au/shop/productdetails/875855/woolworths-green-cayenne-chilli-mild-
173415,Papaya Red Cut Half Each,$2.45,https://www.woolworths.com.au/shop/productdetails/173415/papaya-red-cut-half
583617,Woolworths Cook Cauliflower Broccoli & Carrot With Herb Butter 200g,$5.00,https://www.woolworths.com.au/shop/productdetails/583617/woolworths-cook-cauliflower-broccoli-carrot-with-herb-butter
431074,Woolworths Cook Stir Fry Kit With Honey Soy Sauce Sachet 400g,$5.00,https://www.woolworths.com.au/shop/productdetails/431074/woolworths-cook-stir-fry-kit-with-honey-soy-sauce-sachet
73192,Woolworths Good To Go Seasonal Fruit Salad 200g,$4.50,https://www.woolworths.com.au/shop/productdetails/73192/woolworths-good-to-go-seasonal-fruit-salad
325130,Gourmet Garden Paste Thai 80g Tube,$4.00,https://www.woolworths.com.au/shop/productdetails/325130/gourmet-garden-paste-thai
79987,Woolworths Parmesan Crumbed Potatoes 500g,$5.50,https://www.woolworths.com.au/shop/productdetails/79987/woolworths-parmesan-crumbed-potatoes
120471,Macro Organic Silverbeet Bunch Each,$5.50,https://www.woolworths.com.au/shop/productdetails/120471/macro-organic-silverbeet-bunch
515925,Macro Organic Corn Cobettes Pre-pack 425g,$8.50,https://www.woolworths.com.au/shop/productdetails/515925/macro-organic-corn-cobettes-pre-pack
94978,Woolworths Sliced Potato 450g,$4.50,https://www.woolworths.com.au/shop/productdetails/94978/woolworths-sliced-potato
856965,Organic Pak Choy Baby Each,$5.50,https://www.woolworths.com.au/shop/productdetails/856965/organic-pak-choy-baby
135029,Cabbage Savoy Whole Each,$9.80,https://www.woolworths.com.au/shop/productdetails/135029/cabbage-savoy
129911,Kipfler Washed Potato Each,$1.08,https://www.woolworths.com.au/shop/productdetails/129911/kipfler-washed-potato
409878,Woolworths Cook Stir Fry Kit With Teriyaki Sauce Sachet 400g,$5.00,https://www.woolworths.com.au/shop/productdetails/409878/woolworths-cook-stir-fry-kit-with-teriyaki-sauce-sachet
409893,Woolworths Cook Soup Kit Chicken Flavoured Veg 450g,$5.00,https://www.woolworths.com.au/shop/productdetails/409893/woolworths-cook-soup-kit-chicken-flavoured-veg
305895,Fig Fresh Each,$1.50,https://www.woolworths.com.au/shop/productdetails/305895/fig-fresh
409879,Woolworths Cook Stir Fry Mix Asian Style Vegetables 400g,$5.00,https://www.woolworths.com.au/shop/productdetails/409879/woolworths-cook-stir-fry-mix-asian-style-vegetables
199757,Custard Apple Fresh Each,$3.95,https://www.woolworths.com.au/shop/productdetails/199757/custard-apple-fresh
349592,Macro Organic Silverbeet Rainbow Each,$5.50,https://www.woolworths.com.au/shop/productdetails/349592/macro-organic-silverbeet-rainbow
767532,Sunfresh Moroccan Couscous 300g,$5.50,https://www.woolworths.com.au/shop/productdetails/767532/sunfresh-moroccan-couscous
204588,Sweetango Apples Each,$1.21,https://www.woolworths.com.au/shop/productdetails/204588/sweetango-apples
63832,Macro Organic Lemon 500g,$7.90,https://www.woolworths.com.au/shop/productdetails/63832/macro-organic-lemon
211784,Spanish Onion Red Organic 500g,$4.90,https://www.woolworths.com.au/shop/productdetails/211784/spanish-onion-red-organic
409952,Woolworths Carrot Broccoli & Cauliflower Mix 750g,$6.75,https://www.woolworths.com.au/shop/productdetails/409952/woolworths-carrot-broccoli-cauliflower-mix
778035,Potato Sweet Hawaiian Per Kg,$8.00,https://www.woolworths.com.au/shop/productdetails/778035/potato-sweet-hawaiian
571556,Broccolini & Green Beans With Toasted Almond Flake 170g,$5.00,https://www.woolworths.com.au/shop/productdetails/571556/broccolini-greenbeans170g-broccolini-green-beans-with-toasted-almond-flake
116276,Macro Organic Spinach English Bunch Each,$5.50,https://www.woolworths.com.au/shop/productdetails/116276/macro-organic-spinach-english-bunch
159074,Woolworths Washed & Ready To Cook Mixed Rainbow Vegetables 750g,$7.50,https://www.woolworths.com.au/shop/productdetails/159074/woolworths-washed-ready-to-cook-mixed-rainbow-vegetables
226075,Ambrosia Apple Punnet 1kg,$4.90,https://www.woolworths.com.au/shop/productdetails/226075/ambrosia-apple-punnet
79931,Woolworths Cook Mixed Green Vegetables & Edamame 225g,$5.00,https://www.woolworths.com.au/shop/productdetails/79931/woolworths-cook-mixed-green-vegetables-edamame
285804,Gourmet Garden Zesty Lemon Paste 80g,$4.00,https://www.woolworths.com.au/shop/productdetails/285804/gourmet-garden-zesty-lemon-paste
73196,Woolworths Mixed Fruit Salad With Passionfruit 200g,$4.50,https://www.woolworths.com.au/shop/productdetails/73196/woolworths-mixed-fruit-salad-with-passionfruit
135797,Celeriac Fresh Each,$4.50,https://www.woolworths.com.au/shop/productdetails/135797/celeriac-fresh
136981,Woolworths Coconut Fresh Each,$5.50,https://www.woolworths.com.au/shop/productdetails/136981/woolworths-coconut-fresh
573712,Asian Greens & Broccolini With Japanese Style Sauce 175g,$5.00,https://www.woolworths.com.au/shop/productdetails/573712/broccolini-asiangreenswithjapanesestylesauce175g-asian-greens-broccolini-with-japanese-style-sauce
204588,Sweetango Apples Each,$1.21,https://www.woolworths.com.au/shop/productdetails/204588/sweetango-apples
571899,Honey Sea Salt Carrots With Broccolini 180g,$5.00,https://www.woolworths.com.au/shop/productdetails/571899/broccolini-carrot-with-oil-and-honey-seasalt-honey-sea-salt-carrots-with-broccolini
515705,Woolworths Fruit Platter 400g,$6.50,https://www.woolworths.com.au/shop/productdetails/515705/woolworths-fruit-platter
515648,Woolworths Simply Steam Cauliflower Rice 250g,$3.50,https://www.woolworths.com.au/shop/productdetails/515648/woolworths-simply-steam-cauliflower-rice
60053,Macro Organic Parsnip 350g,$6.50,https://www.woolworths.com.au/shop/productdetails/60053/macro-organic-parsnip
73194,Woolworths Good To Go Seasonal Melon Mix 200g,$4.50,https://www.woolworths.com.au/shop/productdetails/73194/woolworths-good-to-go-seasonal-melon-mix
545294,Macro Organic Orange Loose Each,$1.48,https://www.woolworths.com.au/shop/productdetails/545294/macro-organic-orange-loose
126812,Woolworths Dill Fresh Herb Bunch,$3.20,https://www.woolworths.com.au/shop/productdetails/126812/woolworths-dill-fresh-herb
327464,Organic Red Onion Each,$1.49,https://www.woolworths.com.au/shop/productdetails/327464/organic-red-onion
616009,Mediterranean Roast Vegetables With Fresh Lemon & Fetta 300g,$7.00,https://www.woolworths.com.au/shop/productdetails/616009/mediterranean-roast-vegetables-with-fresh-lemon-fetta
756242,Woolworths Red Seedless Grapes 400g,$6.90,https://www.woolworths.com.au/shop/productdetails/756242/woolworths-red-seedless-grapes
139091,Sage Fresh Herb Bunch,$3.20,https://www.woolworths.com.au/shop/productdetails/139091/sage-fresh-herb
204588,Sweetango Apples Each,$1.21,https://www.woolworths.com.au/shop/productdetails/204588/sweetango-apples
531025,Organic Zucchini Green Loose Each,$2.18,https://www.woolworths.com.au/shop/productdetails/531025/organic-farm-organic-zucchini-green-loose
165848,Longan Fresh Per Kg,$19.90,https://www.woolworths.com.au/shop/productdetails/165848/longan-fresh
318290,Southern Bliss Apples Big Juicy Crisp Apples Box 1kg,$7.50,https://www.woolworths.com.au/shop/productdetails/318290/southern-bliss-apples-big-juicy-crisp-apples-box
204588,Sweetango Apples Each,$1.21,https://www.woolworths.com.au/shop/productdetails/204588/sweetango-apples
616007,Butter Chicken Seasoned Potato Wedges With Yoghurt Drizzle 420g,$7.00,https://www.woolworths.com.au/shop/productdetails/616007/butter-chicken-seasoned-potato-wedges-with-yoghurt-drizzle
571555,Cauli-goddess With Zesty Green Goddess Sauce 190g,$5.00,https://www.woolworths.com.au/shop/productdetails/571555/cauli-goddess-190g-cauli-goddess-with-zesty-green-goddess-sauce
616010,Moroccan Sweet Potato With Chickpeas & Zesty Orange 420g,$7.00,https://www.woolworths.com.au/shop/productdetails/616010/moroccan-sweet-potato-with-chickpeas-zesty-orange
