847049,Tassal Smoked Salmon 150g,$11.00,https://www.woolworths.com.au/shop/productdetails/847049/tassal-smoked-salmon
71859,D'orsogna Middle Bacon Per Kg,$17.00,https://www.woolworths.com.au/shop/productdetails/71859/d-orsogna-middle-bacon
577864,Woolworths Beef Mince 1kg,$11.00,https://www.woolworths.com.au/shop/productdetails/577864/woolworths-beef-mince
577860,Woolworths Heart Smart Extra Lean Beef Mince 500g,$10.00,https://www.woolworths.com.au/shop/productdetails/577860/woolworths-heart-smart-extra-lean-beef-mince
824100,Market Value 24 Thin Beef Sausages 1.8kg,$12.00,https://www.woolworths.com.au/shop/productdetails/824100/market-value-24-thin-beef-sausages
340975,Woolworths Chicken Thigh Fillet Per Kg,$13.50,https://www.woolworths.com.au/shop/productdetails/340975/woolworths-chicken-thigh-fillet
577862,Woolworths Lean Beef Mince 1kg,$15.50,https://www.woolworths.com.au/shop/productdetails/577862/woolworths-lean-beef-mince
577863,Woolworths Beef Mince 500g,$6.50,https://www.woolworths.com.au/shop/productdetails/577863/woolworths-beef-mince
582608,Woolworths Lean Pork Mince 500g,$6.00,https://www.woolworths.com.au/shop/productdetails/582608/woolworths-lean-pork-mince
129693,Champagne Leg Ham Shaved From The Deli Per Kg,$23.50,https://www.woolworths.com.au/shop/productdetails/129693/champagne-leg-ham-shaved-from-the-deli
746376,D'orsogna Plain Streaky Bacon From The Deli Per Kg,$20.00,https://www.woolworths.com.au/shop/productdetails/746376/d-orsogna-plain-streaky-bacon-from-the-deli
577861,Woolworths Lean Beef Mince 500g,$9.00,https://www.woolworths.com.au/shop/productdetails/577861/woolworths-lean-beef-mince
820196,Woolworths 8 Beef Sausages 600g,$6.50,https://www.woolworths.com.au/shop/productdetails/820196/woolworths-8-beef-sausages
700228,Macro Chicken Breast Fillets Free Range 800g - 1.1kg,$14.30,https://www.woolworths.com.au/shop/productdetails/700228/macro-chicken-breast-fillets-free-range
55374,Woolworths Shortcut Bacon 500g,$7.70,https://www.woolworths.com.au/shop/productdetails/55374/woolworths-shortcut-bacon
531015,Woolworths Beef Stir Fry 500g,$10.00,https://www.woolworths.com.au/shop/productdetails/531015/woolworths-beef-stir-fry
582607,Woolworths Lamb Mince 500g,$7.00,https://www.woolworths.com.au/shop/productdetails/582607/woolworths-lamb-mince
184628,Macro Chicken Breast Fillets Free Range 500g - 600g,$10.20,https://www.woolworths.com.au/shop/productdetails/184628/macro-chicken-breast-fillets-free-range
95171,Salmon Tasmanian Atlantic Fillets Skin On Per Kg,$42.00,https://www.woolworths.com.au/shop/productdetails/95171/salmon-tasmanian-atlantic-fillets-skin-on
713234,Woolworths Rspca Approved Chicken Breast Fillet Min. 350g,$10.00,https://www.woolworths.com.au/shop/productdetails/713234/woolworths-rspca-approved-chicken-breast-fillet
764859,Macro Free Range Chicken Thigh Fillet 800g - 1.1kg,$18.70,https://www.woolworths.com.au/shop/productdetails/764859/macro-free-range-chicken-thigh-fillet
114261,Woolworths Rspca Approved Diced Chicken Breast 1kg,$13.00,https://www.woolworths.com.au/shop/productdetails/114261/woolworths-rspca-approved-diced-chicken-breast
769243,Woolworths Chicken Kyiv Garlic Each,$1.30,https://www.woolworths.com.au/shop/productdetails/769243/woolworths-chicken-kyiv-garlic
310742,Ingham's Turkey Mince 500g,$6.50,https://www.woolworths.com.au/shop/productdetails/310742/ingham-s-turkey-mince
741794,Don Cocktail Frankfurts From The Deli Per Kg,$9.50,https://www.woolworths.com.au/shop/productdetails/741794/don-cocktail-frankfurts-from-the-deli
847049,Tassal Smoked Salmon 150g,$11.00,https://www.woolworths.com.au/shop/productdetails/847049/tassal-smoked-salmon
71860,D'orsogna Diced Bacon Per Kg,$19.50,https://www.woolworths.com.au/shop/productdetails/71860/d-orsogna-diced-bacon
96995,Woolworths Green Banana Prawns Large Thawed Per Kg,$20.00,https://www.woolworths.com.au/shop/productdetails/96995/woolworths-green-banana-prawns-large-thawed
169853,Woolworths Pork Mince 800g,$7.00,https://www.woolworths.com.au/shop/productdetails/169853/woolworths-pork-mince
239598,Woolworths Pork & Beef Mince 500g,$6.50,https://www.woolworths.com.au/shop/productdetails/239598/woolworths-pork-beef-mince
764264,Woolworths Beef & Lamb Meatballs 400g,$6.00,https://www.woolworths.com.au/shop/productdetails/764264/woolworths-beef-lamb-meatballs
519549,D'orsogna Maple Glazed Streaky Bacon From The Deli Per Kg,$20.00,https://www.woolworths.com.au/shop/productdetails/519549/d-orsogna-maple-glazed-streaky-bacon-from-the-deli
675632,Woolworths Beef Chuck Steak Medium 350g - 800g,$14.00,https://www.woolworths.com.au/shop/productdetails/675632/woolworths-beef-chuck-steak-medium
236846,Woolworths Beef Rump Steak 250g,$8.00,https://www.woolworths.com.au/shop/productdetails/236846/woolworths-beef-rump-steak
126497,Salmon Tasmanian Atlantic Fillets Skinned & Boned Per Kg,$40.00,https://www.woolworths.com.au/shop/productdetails/126497/salmon-tasmanian-atlantic-fillets-skinned-boned
175734,D'orsogna Ham Leg Triple Smoked 97% Fat Free Shaved 1kg,$27.00,https://www.woolworths.com.au/shop/productdetails/175734/d-orsogna-ham-leg-triple-smoked-97-fat-free-shaved
686853,Woolworths Beef Sizzle Schnitzel 400g,$12.00,https://www.woolworths.com.au/shop/productdetails/686853/woolworths-beef-sizzle-schnitzel
820199,Woolworths 8 Beef Sausages Herb & Garlic 600g,$6.50,https://www.woolworths.com.au/shop/productdetails/820199/woolworths-8-beef-sausages-herb-garlic
820810,Woolworths 8 Pork Sausages 600g,$6.50,https://www.woolworths.com.au/shop/productdetails/820810/woolworths-8-pork-sausages
184653,Macro Whole Chicken Free Range 1.15kg - 2.25kg,$11.25,https://www.woolworths.com.au/shop/productdetails/184653/macro-whole-chicken-free-range
55375,Woolworths Shortcut Bacon 1kg,$13.20,https://www.woolworths.com.au/shop/productdetails/55375/woolworths-shortcut-bacon
162378,Woolworths 10 Thin Beef Sausages 600g,$6.50,https://www.woolworths.com.au/shop/productdetails/162378/woolworths-10-thin-beef-sausages
741872,Don Thin Frankfurts From The Deli Per Kg,$9.50,https://www.woolworths.com.au/shop/productdetails/741872/don-thin-frankfurts-from-the-deli
509865,Woolworths Short Cut Bacon 200g,$4.40,https://www.woolworths.com.au/shop/productdetails/509865/woolworths-short-cut-bacon
148345,Woolworths Corned Beef Silverside 1kg - 2.1kg,$20.00,https://www.woolworths.com.au/shop/productdetails/148345/woolworths-corned-beef-silverside
109099,Woolworths Aussie Beef Gluten Free Sausage Mince 500g,$5.50,https://www.woolworths.com.au/shop/productdetails/109099/woolworths-aussie-beef-gluten-free-sausage-mince
346624,Bertocchi Shortcut Bacon Rashers From The Deli Per Kg,$17.00,https://www.woolworths.com.au/shop/productdetails/346624/bertocchi-shortcut-bacon-rashers-from-the-deli
666237,Chicken Sandwich Schnitzel Each,$2.80,https://www.woolworths.com.au/shop/productdetails/666237/chicken-sandwich-chicken-sandwich-schnitzel
847049,Tassal Smoked Salmon 150g,$11.00,https://www.woolworths.com.au/shop/productdetails/847049/tassal-smoked-salmon
820198,Woolworths 8 Beef Sausages Honey Flavoured 600g,$6.50,https://www.woolworths.com.au/shop/productdetails/820198/woolworths-8-beef-sausages-honey-flavoured
130276,Deli Leg Ham Shaved From The Deli Per Kg,$19.00,https://www.woolworths.com.au/shop/productdetails/130276/deli-leg-ham-shaved-from-the-deli
184649,Macro Chicken Thigh Fillets Free Range 450g - 550g,$10.18,https://www.woolworths.com.au/shop/productdetails/184649/macro-chicken-thigh-fillets-free-range
48358,Woolworths Middle Bacon 1kg,$13.20,https://www.woolworths.com.au/shop/productdetails/48358/woolworths-middle-bacon-middle-rashers
675482,Woolworths Diced Beef Heart Smart 500g,$11.00,https://www.woolworths.com.au/shop/productdetails/675482/woolworths-diced-beef-heart-smart
700279,Macro Chicken Tenderloins Free Range 450g - 650g,$13.00,https://www.woolworths.com.au/shop/productdetails/700279/macro-chicken-tenderloins-free-range
353946,Bertocchi Premium Boneless Leg Ham Shaved From The Deli Per Kg,$26.00,https://www.woolworths.com.au/shop/productdetails/353946/bertocchi-premium-boneless-leg-ham-shaved-from-the-deli
827609,Woolworths Lamb Leg Steak 540g,$14.00,https://www.woolworths.com.au/shop/productdetails/827609/woolworths-lamb-leg-steak
351196,Chicken Schnitzel Crumbed Each,$3.70,https://www.woolworths.com.au/shop/productdetails/351196/chicken-schnitzel-crumbed
27316,Ingham's Oven Roasted Turkey Breast Shaved From The Deli Per Kg,$30.00,https://www.woolworths.com.au/shop/productdetails/27316/ingham-s-oven-roasted-turkey-breast-shaved-from-the-deli
285093,Macro Grass Fed Beef Rump Steak 300g,$10.00,https://www.woolworths.com.au/shop/productdetails/285093/macro-grass-fed-beef-rump-steak
445352,Woolworths Frozen Basa Fillets 1kg,$8.00,https://www.woolworths.com.au/shop/productdetails/445352/woolworths-frozen-basa-fillets
764968,Woolworths Lamb Leg Roast Half 750g - 1.6kg,$14.40,https://www.woolworths.com.au/shop/productdetails/764968/woolworths-lamb-leg-roast-half
629441,Woolworths Cook Chicken Kebab Honey Soy 750g,$11.50,https://www.woolworths.com.au/shop/productdetails/629441/woolworths-cook-chicken-kebab-honey-soy
236845,Macro Grass Fed Beef Mince Lean 500g,$11.00,https://www.woolworths.com.au/shop/productdetails/236845/macro-grass-fed-beef-mince-lean
675483,Woolworths Diced Beef Casserole 500g,$9.00,https://www.woolworths.com.au/shop/productdetails/675483/woolworths-diced-beef-casserole
243050,Woolworths Beef Porterhouse Steak & Butter 400g,$15.00,https://www.woolworths.com.au/shop/productdetails/243050/woolworths-beef-porterhouse-steak-butter
175570,Macro Grass Fed Australian Beef Mince 500g,$9.50,https://www.woolworths.com.au/shop/productdetails/175570/macro-grass-fed-australian-beef-mince
820197,Woolworths 16 Beef Chipolatas 600g,$6.50,https://www.woolworths.com.au/shop/productdetails/820197/woolworths-16-beef-chipolatas
266794,Woolworths Middle Bacon 250g,$4.40,https://www.woolworths.com.au/shop/productdetails/266794/woolworths-middle-bacon-middle-cut-rashers
764321,Woolworths Bbq Classic Beef Burger 4 Pack,$8.50,https://www.woolworths.com.au/shop/productdetails/764321/woolworths-bbq-classic-beef-burger
847049,Tassal Smoked Salmon 150g,$11.00,https://www.woolworths.com.au/shop/productdetails/847049/tassal-smoked-salmon
354007,Chicken Thigh Cutlets Skin On Per Kg,$7.00,https://www.woolworths.com.au/shop/productdetails/354007/chicken-thigh-cutlets-skin-on
675478,Woolworths Beef Rump Steak Medallion Small 300g,$12.00,https://www.woolworths.com.au/shop/productdetails/675478/woolworths-beef-rump-steak-medallion-small
48527,Hans Devon Sliced Per Kg,$10.00,https://www.woolworths.com.au/shop/productdetails/48527/hans-devon-sliced
2841,Woolworths Rspca Approved Chicken Stirfry 500g,$9.00,https://www.woolworths.com.au/shop/productdetails/2841/woolworths-rspca-approved-chicken-stirfry
593307,Thawed Marinara Mix Per Kg,$15.00,https://www.woolworths.com.au/shop/productdetails/593307/marinara-mix-thawed-marinara-mix
700269,Macro Chicken Wing Nibbles Free Range 600g - 800g,$7.20,https://www.woolworths.com.au/shop/productdetails/700269/macro-chicken-wing-nibbles-free-range
59755,Ingham's Oven Roasted Turkey Breast Sliced From The Deli Per Kg,$30.00,https://www.woolworths.com.au/shop/productdetails/59755/ingham-s-oven-roasted-turkey-breast-sliced-from-the-deli
176564,D'orsogna Shortcut Bacon 1kg,$14.00,https://www.woolworths.com.au/shop/productdetails/176564/d-orsogna-shortcut-bacon
134036,Woolworths Chicken Bulk Schnitzels 1.5kg,$15.50,https://www.woolworths.com.au/shop/productdetails/134036/woolworths-chicken-bulk-schnitzels
675318,Woolworths Beef Rump Steak Medium 270g - 750g,$19.60,https://www.woolworths.com.au/shop/productdetails/675318/woolworths-beef-rump-steak-medium
764857,Macro Chicken Drumsticks Free Range 900g - 1.1kg,$7.15,https://www.woolworths.com.au/shop/productdetails/764857/macro-chicken-drumsticks-free-range
763087,D'orsogna Bacon Streaky 200g,$6.50,https://www.woolworths.com.au/shop/productdetails/763087/d-orsogna-bacon-streaky
725992,Woolworths Cook Chicken Wing Nibbles Honey Soy 1kg,$9.00,https://www.woolworths.com.au/shop/productdetails/725992/woolworths-cook-chicken-wing-nibbles-honey-soy
765062,Woolworths Lamb Forequarter Chops 4 - 6 Pieces 800g - 1.3kg,$20.80,https://www.woolworths.com.au/shop/productdetails/765062/woolworths-lamb-forequarter-chops-4-6-pieces
217404,Primo Kransky Cheese From The Deli Per Kg,$22.50,https://www.woolworths.com.au/shop/productdetails/217404/primo-kransky-cheese-from-the-deli
134085,Woolworths Southern Style Buttermilk Chicken Thigh Fillet Burgers 350g,$9.00,https://www.woolworths.com.au/shop/productdetails/134085/woolworths-southern-style-buttermilk-chicken-thigh-fillet-burgers
675479,Woolworths Beef Oyster Blade Steak 600g,$13.00,https://www.woolworths.com.au/shop/productdetails/675479/woolworths-beef-oyster-blade-steak
937258,D'orsogna Premium Ham Off The Bone Shaved From The Deli Per Kg,$30.00,https://www.woolworths.com.au/shop/productdetails/937258/d-orsogna-premium-ham-off-the-bone-shaved-from-the-deli
666563,Just Caught Peeled & Deveined Raw Prawns 1kg,$28.00,https://www.woolworths.com.au/shop/productdetails/666563/just-caught-peeled-deveined-raw-prawns
340853,Woolworths Chicken Breast Fillet Skinless Small 450g - 715g,$10.01,https://www.woolworths.com.au/shop/productdetails/340853/woolworths-chicken-breast-fillet-skinless-small
175592,Macro Grass Fed Australian Beef Eye Fillet 320g,$19.00,https://www.woolworths.com.au/shop/productdetails/175592/macro-grass-fed-australian-beef-eye-fillet
764541,Woolworths Pork Shoulder Roast Boneless 1.3kg - 2.8kg,$28.00,https://www.woolworths.com.au/shop/productdetails/764541/woolworths-pork-shoulder-roast-boneless-boneless-small
847049,Tassal Smoked Salmon 150g,$11.00,https://www.woolworths.com.au/shop/productdetails/847049/tassal-smoked-salmon
194648,Woolworths Beef Lasagne 2kg,$13.30,https://www.woolworths.com.au/shop/productdetails/194648/woolworths-beef-lasagne-null
354066,Macro Free Range Diced Chicken Breast 500g,$12.00,https://www.woolworths.com.au/shop/productdetails/354066/macro-free-range-diced-chicken-breast
134032,Woolworths Creamy Garlic Stuffed Boneless Chicken Kievs 700g,$9.50,https://www.woolworths.com.au/shop/productdetails/134032/woolworths-creamy-garlic-stuffed-boneless-chicken-kievs
60058,Woolworths Angus Beef Burgers Sea Salt & Pepper 450g,$9.00,https://www.woolworths.com.au/shop/productdetails/60058/woolworths-angus-beef-burgers-sea-salt-pepper
969724,Woolworths Rspca Approved Chicken Breast Fillet 1.2kg - 1.65kg,$18.15,https://www.woolworths.com.au/shop/productdetails/969724/woolworths-rspca-approved-chicken-breast-fillet
764527,Woolworths Pork Leg Roast Boneless 1.2kg - 2.6kg,$23.40,https://www.woolworths.com.au/shop/productdetails/764527/woolworths-pork-leg-roast-boneless-boneless-small
680992,Woolworths Pork Sizzle Steak 400g,$8.00,https://www.woolworths.com.au/shop/productdetails/680992/woolworths-pork-sizzle-steak
764967,Woolworths Lamb Midloins 3 - 6 Pieces 450g - 800g,$22.40,https://www.woolworths.com.au/shop/productdetails/764967/woolworths-lamb-midloins-3-6-pieces-6-8-pieces
675315,Woolworths Beef Eye Fillet Steak 200g - 500g,$23.40,https://www.woolworths.com.au/shop/productdetails/675315/woolworths-beef-eye-fillet-steak
935707,Woolworths Cook Boneless Butterflied Chicken Greek Style 850g - 1.25kg,$15.00,https://www.woolworths.com.au/shop/productdetails/935707/woolworths-cook-boneless-butterflied-chicken-greek-style
705461,Macro Chicken Mince Free Range 500g,$10.00,https://www.woolworths.com.au/shop/productdetails/705461/macro-chicken-mince-free-range
764294,Market Value 10 Beef Burgers 1kg,$11.00,https://www.woolworths.com.au/shop/productdetails/764294/market-value-10-beef-burgers
340976,Chicken Drumsticks Per Kg,$4.00,https://www.woolworths.com.au/shop/productdetails/340976/chicken-drumsticks
675492,Woolworths Scotch Fillet Pork 600g,$12.00,https://www.woolworths.com.au/shop/productdetails/675492/woolworths-scotch-fillet-pork
785788,Moira Mac's Oven Roasted Chicken Breast Shredded From The Deli Per Kg,$29.00,https://www.woolworths.com.au/shop/productdetails/785788/moira-mac-s-oven-roasted-chicken-breast-shredded-from-the-deli
84993,Woolworths &veg Beef Meatballs With Carrot Celery Tomato & Onion 400g,$6.00,https://www.woolworths.com.au/shop/productdetails/84993/woolworths-veg-beef-meatballs-with-carrot-celery-tomato-onion
727933,D'orsogna Streaky Bacon 500g,$15.00,https://www.woolworths.com.au/shop/productdetails/727933/d-orsogna-streaky-bacon
764979,Lamb Leg Roast 1.8kg - 2.8kg,$25.20,https://www.woolworths.com.au/shop/productdetails/764979/lamb-leg-roast
822439,Woolworths Pork & Veal Meatballs 400g,$6.00,https://www.woolworths.com.au/shop/productdetails/822439/woolworths-pork-veal-meatballs
134041,Woolworths Chicken Schnitzels 600g,$10.50,https://www.woolworths.com.au/shop/productdetails/134041/woolworths-chicken-schnitzels
697368,Woolworths Cook Pork Steaks With Sweet & Smokey Bbq Glaze 250g,$8.00,https://www.woolworths.com.au/shop/productdetails/697368/woolworths-cook-pork-steaks-with-sweet-smokey-bbq-glaze
260669,Woolworths Angus Beef & Caramelised Onion Sausages 450g,$8.00,https://www.woolworths.com.au/shop/productdetails/260669/woolworths-angus-beef-caramelised-onion-sausages
476944,Bertocchi Gold Long Rindless Bacon 400g,$7.70,https://www.woolworths.com.au/shop/productdetails/476944/bertocchi-gold-long-rindless-bacon
764868,Woolworths Lamb Midloins 6 - 9 Pieces 650g - 1.1kg,$30.80,https://www.woolworths.com.au/shop/productdetails/764868/woolworths-lamb-midloins-6-9-pieces-9-12-pieces
847049,Tassal Smoked Salmon 150g,$11.00,https://www.woolworths.com.au/shop/productdetails/847049/tassal-smoked-salmon
82224,Woolworths Beef Eye Fillet Thick Cut Steak 320g,$20.00,https://www.woolworths.com.au/shop/productdetails/82224/woolworths-beef-eye-fillet-thick-cut-steak
840244,Ingham's Turkey Breast Mince 400g,$10.00,https://www.woolworths.com.au/shop/productdetails/840244/ingham-s-turkey-breast-mince
765046,Woolworths Lamb Cutlets 6 - 10 Pieces 500g - 900g,$38.70,https://www.woolworths.com.au/shop/productdetails/765046/woolworths-lamb-cutlets-6-10-pieces
148292,K-roo Kangaroo Mince 1kg,$12.50,https://www.woolworths.com.au/shop/productdetails/148292/k-roo-kangaroo-mince
666557,Woolworths Heart Smart Extra Lean Pork Mince 500g,$7.00,https://www.woolworths.com.au/shop/productdetails/666557/woolworths-heart-smart-extra-lean-pork-mince
675654,Woolworths Beef Scotch Fillet Steak Medium 280g - 800g,$33.20,https://www.woolworths.com.au/shop/productdetails/675654/woolworths-beef-scotch-fillet-steak-medium
54241,Woolworths Cook Beef Pepper Steaks 300g,$8.00,https://www.woolworths.com.au/shop/productdetails/54241/woolworths-cook-beef-pepper-steaks
40556,Primo Kransky Double Smoked From The Deli Per Kg,$22.50,https://www.woolworths.com.au/shop/productdetails/40556/primo-kransky-double-smoked-from-the-deli
259832,Woolworths Frozen Salmon Fillets Skin On 250g,$8.50,https://www.woolworths.com.au/shop/productdetails/259832/woolworths-frozen-salmon-fillets-skin-on
847118,Tassal Smoked Salmon 250g,$21.00,https://www.woolworths.com.au/shop/productdetails/847118/tassal-smoked-salmon
345350,Ocean Blue Smoked Salmon 100g,$6.90,https://www.woolworths.com.au/shop/productdetails/345350/ocean-blue-smoked-salmon
820811,Woolworths 16 Pork Chipolatas 600g,$6.50,https://www.woolworths.com.au/shop/productdetails/820811/woolworths-16-pork-chipolatas
175593,Macro Grass Fed Australian Beef Scotch Fillet 270g,$14.00,https://www.woolworths.com.au/shop/productdetails/175593/macro-grass-fed-australian-beef-scotch-fillet
675490,Woolworths Lamb Leg Steak 270g,$8.00,https://www.woolworths.com.au/shop/productdetails/675490/woolworths-lamb-leg-steak
764465,Woolworths Pork Belly 600g - 1.3kg,$24.70,https://www.woolworths.com.au/shop/productdetails/764465/woolworths-pork-belly
747157,Woolworths Corned Beef Shaved Per Kg,$27.00,https://www.woolworths.com.au/shop/productdetails/747157/woolworths-corned-beef-shaved
733123,Woolworths Bbq Lamb Kebabs With Mint & Honey 450g,$8.50,https://www.woolworths.com.au/shop/productdetails/733123/woolworths-bbq-lamb-kebabs-with-mint-honey
630332,Tassal Atlantic Salmon Skin On 300g,$16.00,https://www.woolworths.com.au/shop/productdetails/630332/tassal-atlantic-salmon-skin-on
72363,Woolworths Diced Lamb 450g,$13.00,https://www.woolworths.com.au/shop/productdetails/72363/woolworths-diced-lamb
365407,Ocean Blue Smoked Salmon 300g,$18.00,https://www.woolworths.com.au/shop/productdetails/365407/ocean-blue-smoked-salmon
114242,Woolworths Rspca Approved Chicken Maryland Supreme 600g - 950g,$7.60,https://www.woolworths.com.au/shop/productdetails/114242/woolworths-rspca-approved-chicken-maryland-supreme
829116,Woolworths Loin Steaks Pork 500g,$10.00,https://www.woolworths.com.au/shop/productdetails/829116/woolworths-loin-steaks-pork
675671,Woolworths Pork Fillet Heart Smart 250g - 600g,$12.60,https://www.woolworths.com.au/shop/productdetails/675671/woolworths-pork-fillet-heart-smart
847049,Tassal Smoked Salmon 150g,$11.00,https://www.woolworths.com.au/shop/productdetails/847049/tassal-smoked-salmon
675623,Woolworths Pork Loin Chop Medium 200g - 600g,$11.40,https://www.woolworths.com.au/shop/productdetails/675623/woolworths-pork-loin-chop-medium
83729,Woolworths Italian Style Fennel Pork Sausages 500g,$8.00,https://www.woolworths.com.au/shop/productdetails/83729/woolworths-italian-style-fennel-pork-sausages
589137,Woolworths Homestyle Beef Rissoles 8 Pack,$8.50,https://www.woolworths.com.au/shop/productdetails/589137/woolworths-homestyle-beef-rissoles
380578,Primo Middle Rindless Bacon 250g,$6.70,https://www.woolworths.com.au/shop/productdetails/380578/primo-middle-rindless-bacon
134082,Woolworths Chicken Schnitzels Garlic & Herb 600g,$10.50,https://www.woolworths.com.au/shop/productdetails/134082/woolworths-chicken-schnitzels-garlic-herb
235782,Primo Shortcut Rindless Bacon 750g,$16.80,https://www.woolworths.com.au/shop/productdetails/235782/primo-shortcut-rindless-bacon-bacon
114251,Macro Free Range Chicken Breast Schnitzel 500g,$10.50,https://www.woolworths.com.au/shop/productdetails/114251/macro-free-range-chicken-breast-schnitzel
82226,Woolworths Beef Scotch Fillet Steak Steak 300g,$17.50,https://www.woolworths.com.au/shop/productdetails/82226/woolworths-beef-scotch-fillet-steak-steak
826675,Steggles Family Roast Whole Chicken 1.9kg - 3.1kg,$21.70,https://www.woolworths.com.au/shop/productdetails/826675/steggles-family-roast-whole-chicken
200152,Woolworths Lamb Easy Carve Leg Roast 900g - 1.4kg,$28.00,https://www.woolworths.com.au/shop/productdetails/200152/woolworths-lamb-easy-carve-leg-roast
134038,Woolworths Crumbed Chicken Burgers 440g,$7.00,https://www.woolworths.com.au/shop/productdetails/134038/woolworths-crumbed-chicken-burgers
763541,Ocean Chef Salmon Portions Skin On 1kg,$25.00,https://www.woolworths.com.au/shop/productdetails/763541/ocean-chef-salmon-portions-skin-on
347074,Bertocchi Double Smoked Ham Off The Bone Freshly Shaved From The Deli Per Kg,$35.50,https://www.woolworths.com.au/shop/productdetails/347074/bertocchi-double-smoked-ham-off-the-bone-freshly-shaved-from-the-deli
715368,Woolworths Chicken Kebab Smokey Bbq Each,$1.00,https://www.woolworths.com.au/shop/productdetails/715368/woolworths-chicken-kebab-smokey-bbq
185960,Woolworths Moisture Infused Pork Chops 400g,$8.00,https://www.woolworths.com.au/shop/productdetails/185960/woolworths-moisture-infused-pork-chops
175569,Macro Grass Fed Australian Stir-fry Beef 500g,$13.00,https://www.woolworths.com.au/shop/productdetails/175569/macro-grass-fed-australian-stir-fry-beef
164677,Woolworths Roasted Garlic Chicken Tenderloins 400g,$9.50,https://www.woolworths.com.au/shop/productdetails/164677/woolworths-roasted-garlic-chicken-tenderloins
630331,Tassal Atlantic Salmon Skin Off 300g,$17.00,https://www.woolworths.com.au/shop/productdetails/630331/tassal-atlantic-salmon-skin-off
176001,Moira Mac's Classic Roasted Chicken Breast 350g,$8.50,https://www.woolworths.com.au/shop/productdetails/176001/moira-mac-s-classic-roasted-chicken-breast
765665,Woolworths Australian Rare Roast Beef Sliced From The Deli Per Kg,$38.00,https://www.woolworths.com.au/shop/productdetails/765665/woolworths-australian-rare-roast-beef-sliced-from-the-deli
357418,Woolworths Classic Angus Beef Sausages 6 Pack,$8.00,https://www.woolworths.com.au/shop/productdetails/357418/woolworths-classic-angus-beef-sausages
843231,Bertocchi Smoked Pork Meaty Hock 700g - 1kg,$13.50,https://www.woolworths.com.au/shop/productdetails/843231/bertocchi-smoked-pork-meaty-hock
847049,Tassal Smoked Salmon 150g,$11.00,https://www.woolworths.com.au/shop/productdetails/847049/tassal-smoked-salmon
563937,Macro Free Range Chicken Stir Fry 500g,$12.00,https://www.woolworths.com.au/shop/productdetails/563937/macro-free-range-chicken-stir-fry
83534,Woolworths Cook Marinated Lamb Steaks With Thyme Pepper & Garlic 270g,$8.50,https://www.woolworths.com.au/shop/productdetails/83534/woolworths-cook-marinated-lamb-steaks-with-thyme-pepper-garlic
98431,Ingham's Chicken Breast Supreme Shaved From The Deli Per Kg,$21.00,https://www.woolworths.com.au/shop/productdetails/98431/ingham-s-chicken-breast-supreme-shaved-from-the-deli
62050,Just Caught Raw Prawn Meat 300g,$12.00,https://www.woolworths.com.au/shop/productdetails/62050/just-caught-raw-prawn-meat
178137,Peppercorn Beef Burger Extra Lean 500g,$10.00,https://www.woolworths.com.au/shop/productdetails/178137/peppercorn-beef-burger-extra-lean
844680,Woolworths Fresh Skin On Barramundi Fillets Per Kg,$30.00,https://www.woolworths.com.au/shop/productdetails/844680/woolworths-fresh-skin-on-barramundi-fillets
390879,Primo Shortcut Rindless Bacon 200g,$6.70,https://www.woolworths.com.au/shop/productdetails/390879/primo-shortcut-rindless-bacon-rindless
672975,Macro Organic Lean Beef Mince 500g,$13.75,https://www.woolworths.com.au/shop/productdetails/672975/macro-organic-lean-beef-mince
675494,Woolworths Pork Medallion 250g,$8.00,https://www.woolworths.com.au/shop/productdetails/675494/woolworths-pork-medallion
55373,Woolworths Shortcut Australian Bacon 200g,$4.85,https://www.woolworths.com.au/shop/productdetails/55373/woolworths-shortcut-australian-bacon
764567,Woolworths Beef Bolar Blade Roast 900g - 2kg,$30.00,https://www.woolworths.com.au/shop/productdetails/764567/woolworths-beef-bolar-blade-roast
624299,Woolworths Premium Roast Beef 97% Fat Free Sliced From The Deli Per Kg,$36.00,https://www.woolworths.com.au/shop/productdetails/624299/woolworths-premium-roast-beef-97-fat-free-sliced-from-the-deli
150806,Woolworths Salmon Portions Skin On 4 Pack,$19.50,https://www.woolworths.com.au/shop/productdetails/150806/woolworths-salmon-portions-skin-on
11303,Moira Mac's Marinated Bbq Chicken Breast Sliced Per Kg,$29.00,https://www.woolworths.com.au/shop/productdetails/11303/moira-mac-s-marinated-bbq-chicken-breast-sliced
723025,Woolworths Rspca Approved Chicken Mignon Each,$3.80,https://www.woolworths.com.au/shop/productdetails/723025/woolworths-rspca-approved-chicken-mignon
285094,Macro Grass Fed Beef Porterhouse Steaks 2 Pack 400g,$19.00,https://www.woolworths.com.au/shop/productdetails/285094/macro-grass-fed-beef-porterhouse-steaks-2-pack
721116,Woolworths Rspca Approved Fresh Chicken Thigh Fillets Skinless Tray 1kg - 1.9kg,$25.65,https://www.woolworths.com.au/shop/productdetails/721116/woolworths-rspca-approved-fresh-chicken-thigh-fillets-skinless-tray
42566,Don Frankfurts Thin Skinless Per Kg,$13.70,https://www.woolworths.com.au/shop/productdetails/42566/don-frankfurts-thin-skinless
341592,Chicken Wings Honey Soy Per Kg,$9.00,https://www.woolworths.com.au/shop/productdetails/341592/chicken-wings-honey-soy
294972,Tibaldi Ham Off The Bone 500g,$14.50,https://www.woolworths.com.au/shop/productdetails/294972/tibaldi-ham-off-the-bone
216733,Don Short Cut Rindless Bacon Twin Pack 500g,$13.00,https://www.woolworths.com.au/shop/productdetails/216733/don-short-cut-rindless-bacon-twin-pack
847049,Tassal Smoked Salmon 150g,$11.00,https://www.woolworths.com.au/shop/productdetails/847049/tassal-smoked-salmon
175568,Macro Grass Fed Australian Diced Beef 500g,$12.00,https://www.woolworths.com.au/shop/productdetails/175568/macro-grass-fed-australian-diced-beef
428204,Woolworths Cook Roast Beef With Onion & Garlic Gravy 500g,$13.00,https://www.woolworths.com.au/shop/productdetails/428204/woolworths-cook-roast-beef-with-onion-garlic-gravy
361522,Woolworths Corned Beef Sliced From The Deli Per Kg,$27.00,https://www.woolworths.com.au/shop/productdetails/361522/woolworths-corned-beef-sliced-from-the-deli
675687,Woolworths Pork Rashers 350g- 800g,$16.80,https://www.woolworths.com.au/shop/productdetails/675687/woolworths-pork-rashers
666554,Macro Free Range Lean Pork Mince 500g,$8.00,https://www.woolworths.com.au/shop/productdetails/666554/macro-free-range-lean-pork-mince
345345,Ocean Blue Smoked Salmon Sliced 50g,$5.50,https://www.woolworths.com.au/shop/productdetails/345345/ocean-blue-smoked-salmon-sliced
340973,Woolworths Rspca Approved Chicken Tenderloins Per Kg,$14.50,https://www.woolworths.com.au/shop/productdetails/340973/woolworths-rspca-approved-chicken-tenderloins
274957,Woolworths Wood Smoked & Sliced Smoked Salmon Natural 100g,$5.95,https://www.woolworths.com.au/shop/productdetails/274957/woolworths-wood-smoked-sliced-smoked-salmon-natural
675650,Woolworths Beef Porterhouse Steak Medium 290g - 750g,$30.00,https://www.woolworths.com.au/shop/productdetails/675650/woolworths-beef-porterhouse-steak-medium
476948,Bertocchi Gold Short Rindless Bacon 400g,$7.70,https://www.woolworths.com.au/shop/productdetails/476948/bertocchi-gold-short-rindless-bacon
321551,Macro Organic Beef Mince Heart Smart 500g,$15.00,https://www.woolworths.com.au/shop/productdetails/321551/macro-organic-beef-mince-heart-smart
317296,Woolworths Beef Oyster Blade Steak 200g,$6.00,https://www.woolworths.com.au/shop/productdetails/317296/woolworths-beef-oyster-blade-steak
67763,Ingham's Turkey Breast Strips 400g,$7.00,https://www.woolworths.com.au/shop/productdetails/67763/ingham-s-turkey-breast-strips
533193,D'orsogna Maple Glazed Streaky Bacon 200g,$6.50,https://www.woolworths.com.au/shop/productdetails/533193/d-orsogna-maple-glazed-streaky-bacon
340859,Woolworths Chicken Thigh Cutlets Skinless 550g - 715g,$6.79,https://www.woolworths.com.au/shop/productdetails/340859/woolworths-chicken-thigh-cutlets-skinless
345348,Ocean Blue Smoked Salmon 180g,$12.50,https://www.woolworths.com.au/shop/productdetails/345348/ocean-blue-smoked-salmon
134035,Woolworths Boneless Chicken Kiev With Creamy Cheese & Ham Filling 700g,$9.50,https://www.woolworths.com.au/shop/productdetails/134035/woolworths-boneless-chicken-kiev-with-creamy-cheese-ham-filling
160857,Macro Free Range Chicken Schnitzel 350g,$9.00,https://www.woolworths.com.au/shop/productdetails/160857/macro-free-range-chicken-schnitzel
83728,Woolworths Classic Cumberland Pork Sausages 500g,$8.00,https://www.woolworths.com.au/shop/productdetails/83728/woolworths-classic-cumberland-pork-sausages
160856,Woolworths Chicken Tenders 400g,$8.00,https://www.woolworths.com.au/shop/productdetails/160856/woolworths-chicken-tenders
764944,Woolworths Lamb Extra Trim Cutlets 8-9 Pieces 250g - 600g,$30.00,https://www.woolworths.com.au/shop/productdetails/764944/woolworths-lamb-extra-trim-cutlets-8-9-pieces
210498,D'orsogna Natural Shortcut Bacon Gluten Free Wood Smoked 200g,$7.00,https://www.woolworths.com.au/shop/productdetails/210498/d-orsogna-natural-shortcut-bacon-gluten-free-wood-smoked
847049,Tassal Smoked Salmon 150g,$11.00,https://www.woolworths.com.au/shop/productdetails/847049/tassal-smoked-salmon
340875,Woolworths Chicken Drumsticks Bulk 1.1kg - 1.65kg,$6.60,https://www.woolworths.com.au/shop/productdetails/340875/woolworths-chicken-drumsticks-bulk
675656,Woolworths Gravy Beef Slow Cook 400g - 750g,$14.25,https://www.woolworths.com.au/shop/productdetails/675656/woolworths-gravy-beef-slow-cook
250457,"Woolworths Roast Beef In Onion, Garlic & Red Wine 800g - 1.5kg",$25.50,https://www.woolworths.com.au/shop/productdetails/250457/woolworths-roast-beef-in-onion-garlic-red-wine
82225,Woolworths Beef Porterhouse Steak Thick Cut 300g,$15.50,https://www.woolworths.com.au/shop/productdetails/82225/woolworths-beef-porterhouse-steak-thick-cut
407559,Woolworths Smoked Beef Pastrami Freshly Sliced From The Deli Per Kg,$32.90,https://www.woolworths.com.au/shop/productdetails/407559/woolworths-smoked-beef-pastrami-freshly-sliced-from-the-deli
675622,Woolworths Pork Ribs 600g - 1.9kg,$32.30,https://www.woolworths.com.au/shop/productdetails/675622/woolworths-pork-ribs
846995,Tassal Hot Smoked Salmon Natural 150g,$11.00,https://www.woolworths.com.au/shop/productdetails/846995/tassal-hot-smoked-salmon-natural
340824,Woolworths Chicken Thigh Fillets Skinless Small 550g - 715g,$11.80,https://www.woolworths.com.au/shop/productdetails/340824/woolworths-chicken-thigh-fillets-skinless-small
710886,Woolworths Moisture Infused Pork Chops 1.2kg,$17.00,https://www.woolworths.com.au/shop/productdetails/710886/woolworths-moisture-infused-pork-chops
16349,Ingham's Chicken Breast Supreme Sliced From The Deli Per Kg,$21.00,https://www.woolworths.com.au/shop/productdetails/16349/ingham-s-chicken-breast-supreme-sliced-from-the-deli
317306,Woolworths Beef Rump Stir Fry Thin Sliced 400g,$10.00,https://www.woolworths.com.au/shop/productdetails/317306/woolworths-beef-rump-stir-fry-thin-sliced
662996,Woolworths Premium Roast Beef 97% Fat Free Shaved From The Deli Per Kg,$36.00,https://www.woolworths.com.au/shop/productdetails/662996/woolworths-premium-roast-beef-97-fat-free-shaved-from-the-deli
891961,Just Caught Atlantic Salmon Skinless 1kg,$32.00,https://www.woolworths.com.au/shop/productdetails/891961/just-caught-atlantic-salmon-skinless
354374,Bertocchi Authentic Leg Ham Triple Smoked 500g - 950g,$21.85,https://www.woolworths.com.au/shop/productdetails/354374/bertocchi-authentic-leg-ham-triple-smoked
362469,Woolworths Cook Chicken Kebabs Hoisin 375g,$8.00,https://www.woolworths.com.au/shop/productdetails/362469/woolworths-cook-chicken-kebabs-hoisin
799575,K-roo Kangaroo Diced 500g,$11.00,https://www.woolworths.com.au/shop/productdetails/799575/k-roo-kangaroo-diced
713233,Chicken Wings Three Joint Per Kg,$6.00,https://www.woolworths.com.au/shop/productdetails/713233/chicken-wings-three-joint
134090,Woolworths Chicken Kyiv Bites With Creamy Garlic Filling 400g,$8.50,https://www.woolworths.com.au/shop/productdetails/134090/woolworths-chicken-kyiv-bites-with-creamy-garlic-filling
220824,Don Short Cut Rindless Bacon 200g,$5.40,https://www.woolworths.com.au/shop/productdetails/220824/don-short-cut-rindless-bacon
360483,"Woolworths Chicken, Mozzarella & Chives Sausages 6 Pack",$8.00,https://www.woolworths.com.au/shop/productdetails/360483/woolworths-chicken-mozzarella-chives-sausages
178241,Don Bacon Pan Size Rindless 200g,$5.40,https://www.woolworths.com.au/shop/productdetails/178241/don-bacon-pan-size-rindless
175571,Macro Grass Fed Beef Rump Medallions 300g,$14.50,https://www.woolworths.com.au/shop/productdetails/175571/macro-grass-fed-beef-rump-medallions
764406,Woolworths Pork Loin Roast Boneless Small 1.2kg - 2kg,$28.00,https://www.woolworths.com.au/shop/productdetails/764406/woolworths-pork-loin-roast-boneless-small
67677,Woolworths Cook Boneless Butterflied Spiced Mango Glaze Chicken 850g - 1.25kg,$16.25,https://www.woolworths.com.au/shop/productdetails/67677/woolworths-cook-boneless-butterflied-spiced-mango-glaze-chicken
847049,Tassal Smoked Salmon 150g,$11.00,https://www.woolworths.com.au/shop/productdetails/847049/tassal-smoked-salmon
120304,K-roo Kangaroo Sizzle Steak 400g,$9.00,https://www.woolworths.com.au/shop/productdetails/120304/k-roo-kangaroo-sizzle-steak
150807,Woolworths Salmon Portions Skin Off 4 Pack,$21.50,https://www.woolworths.com.au/shop/productdetails/150807/woolworths-salmon-portions-skin-off
563002,Market Value Bbq Pack 8 Sausages & 4 Burgers 1kg,$10.50,https://www.woolworths.com.au/shop/productdetails/563002/market-value-bbq-pack-8-sausages-4-burgers
700257,Macro Chicken Lovely Legs Free Range 550g - 650g,$6.83,https://www.woolworths.com.au/shop/productdetails/700257/macro-chicken-lovely-legs-free-range
29637,Tassal Premium Tasmanian Smoked Salmon Slices 100g,$11.50,https://www.woolworths.com.au/shop/productdetails/29637/tassal-premium-tasmanian-smoked-salmon-slices
162395,Woolworths 6 Chicken Sausage With Roasted Garlic & Thyme 500g,$8.00,https://www.woolworths.com.au/shop/productdetails/162395/woolworths-6-chicken-sausage-with-roasted-garlic-thyme
756620,Woolworths Hot Smoked Salmon Natural 150g,$8.00,https://www.woolworths.com.au/shop/productdetails/756620/woolworths-hot-smoked-salmon-natural
254626,Macro Grass Fed Beef Sizzle Steaks 275g,$10.00,https://www.woolworths.com.au/shop/productdetails/254626/macro-grass-fed-beef-sizzle-steaks
114265,Woolworths Rspca Approved Chicken Single Breast Fillet 300g,$5.00,https://www.woolworths.com.au/shop/productdetails/114265/woolworths-rspca-approved-chicken-single-breast-fillet
286300,Macro Grass Fed Australian Lamb Mince 450g,$9.00,https://www.woolworths.com.au/shop/productdetails/286300/macro-grass-fed-australian-lamb-mince
387020,Don Rindless Bacon Pan Size 2 Pack,$13.00,https://www.woolworths.com.au/shop/productdetails/387020/don-rindless-bacon-pan-size
692995,Woolworths Beef Scotch Fillet Thin Slice 400g - 850g,$34.00,https://www.woolworths.com.au/shop/productdetails/692995/woolworths-beef-scotch-fillet-thin-slice
880239,Humpty Doo Barramundi Skin On 260g,$13.00,https://www.woolworths.com.au/shop/productdetails/880239/humpty-doo-barramundi-skin-on
328044,Primo Speck Portion 100g - 450g,$13.86,https://www.woolworths.com.au/shop/productdetails/328044/primo-speck-portion
345734,Woolworths Chef's Selection Variety Sausages 8 Pack,$11.00,https://www.woolworths.com.au/shop/productdetails/345734/woolworths-chef-s-selection-variety-sausages
393676,Bertocchi Gold Pan Sized Hickory Smoked Aussie Bacon 400g,$7.70,https://www.woolworths.com.au/shop/productdetails/393676/bertocchi-gold-pan-sized-hickory-smoked-aussie-bacon
390420,D'orsogna Middle Bacon 1kg,$19.50,https://www.woolworths.com.au/shop/productdetails/390420/d-orsogna-middle-bacon
391930,Bertocchi Gold Streaky Hickory Smoked Aussie Bacon 300g,$7.70,https://www.woolworths.com.au/shop/productdetails/391930/bertocchi-gold-streaky-hickory-smoked-aussie-bacon
743952,Woolworths Rspca Approved Chicken Kebab Honey Soy Each,$1.00,https://www.woolworths.com.au/shop/productdetails/743952/woolworths-rspca-approved-chicken-kebab-honey-soy
311660,Fitzco Aussie Country Style Burgers Style Burger 9 Pack,$5.90,https://www.woolworths.com.au/shop/productdetails/311660/fitzco-aussie-country-style-burgers-style-burger
83172,Woolworths Cook Chicken Roasting Portions Italian Style 1.5kg - 2kg,$14.00,https://www.woolworths.com.au/shop/productdetails/83172/woolworths-cook-chicken-roasting-portions-italian-style
846996,Tassal Hot Smoked Salmon Peppercorn 150g,$11.00,https://www.woolworths.com.au/shop/productdetails/846996/tassal-hot-smoked-salmon-peppercorn
847049,Tassal Smoked Salmon 150g,$11.00,https://www.woolworths.com.au/shop/productdetails/847049/tassal-smoked-salmon
321141,Woolworths Cook Butterflied Lamb Leg With Garlic & Herbs 750g - 1.4kg,$28.00,https://www.woolworths.com.au/shop/productdetails/321141/woolworths-cook-butterflied-lamb-leg-with-garlic-herbs
764994,Woolworths Lamb Cutlets 4 - 7 Pieces 250g - 600g,$25.80,https://www.woolworths.com.au/shop/productdetails/764994/woolworths-lamb-cutlets-4-7-pieces
160852,Woolworths Buttermilk Tennessee Style Chicken Wing Nibbles 600g,$8.50,https://www.woolworths.com.au/shop/productdetails/160852/woolworths-buttermilk-tennessee-style-chicken-wing-nibbles
393640,Three Aussie Farmers Slow Cooked Pulled Pork 500g,$12.00,https://www.woolworths.com.au/shop/productdetails/393640/three-aussie-farmers-slow-cooked-pulled-pork
178505,Macro Free Range Chicken Breast Tenders 400g,$11.00,https://www.woolworths.com.au/shop/productdetails/178505/macro-free-range-chicken-breast-tenders
250846,Woolworths Classic Beef Sausage Roll 460g,$8.00,https://www.woolworths.com.au/shop/productdetails/250846/woolworths-classic-beef-sausage-roll
580252,D'orsogna Mini Champagne Leg Ham 850g,$14.75,https://www.woolworths.com.au/shop/productdetails/580252/d-orsogna-mini-champagne-leg-ham
202497,Primo Shortcut Rindless Bacon 350g,$8.20,https://www.woolworths.com.au/shop/productdetails/202497/primo-shortcut-rindless-bacon-lean-shortcut
178202,Don Bacon Pansize Double Smoked 200g,$5.40,https://www.woolworths.com.au/shop/productdetails/178202/don-bacon-pansize-double-smoked
162393,Woolworths 6 Beef Sausage With Roasted Garlic & Parsley 500g,$8.00,https://www.woolworths.com.au/shop/productdetails/162393/woolworths-6-beef-sausage-with-roasted-garlic-parsley
765012,Woolworths Lamb Offcut 4-6 Pieces 650g - 1.2kg,$10.80,https://www.woolworths.com.au/shop/productdetails/765012/woolworths-lamb-offcut-4-6-pieces
162269,Woolworths Butter Chicken Style Kebabs Kebabs 10 Pack,$11.50,https://www.woolworths.com.au/shop/productdetails/162269/woolworths-butter-chicken-style-kebabs-kebabs
580986,Woolworths Boneless Lamb Shoulder Rolled 1kg - 1.5kg,$22.50,https://www.woolworths.com.au/shop/productdetails/580986/woolworths-boneless-lamb-shoulder-rolled
253888,Macro Free Range Chicken Breast Steaks Sweet Chipotle 500g,$12.00,https://www.woolworths.com.au/shop/productdetails/253888/macro-free-range-chicken-breast-steaks-sweet-chipotle
805730,Luv-a-duck Fresh Duck Breast Fillets 380g,$12.00,https://www.woolworths.com.au/shop/productdetails/805730/luv-a-duck-fresh-duck-breast-fillets
873023,Woolworths Smoked Mussels In Oil 85g,$1.70,https://www.woolworths.com.au/shop/productdetails/873023/woolworths-smoked-mussels-in-oil
84045,Woolworths Fresh Snapper Saddletail Fillets Per Kg,$32.00,https://www.woolworths.com.au/shop/productdetails/84045/woolworths-fresh-snapper-saddletail-fillets
399163,Moira Mac's Roasted Double Chicken Breast Sliced From The Deli Per Kg,$22.00,https://www.woolworths.com.au/shop/productdetails/399163/moira-mac-s-roasted-double-chicken-breast-sliced-from-the-deli
175691,Moira Mac's Portuguese Roasted Chicken Breast 350g,$8.50,https://www.woolworths.com.au/shop/productdetails/175691/moira-mac-s-portuguese-roasted-chicken-breast
393154,Moira Mac's Smoked Chicken Breast 300g,$8.50,https://www.woolworths.com.au/shop/productdetails/393154/moira-mac-s-smoked-chicken-breast
847049,Tassal Smoked Salmon 150g,$11.00,https://www.woolworths.com.au/shop/productdetails/847049/tassal-smoked-salmon
240363,Woolworths Smoked Streaky Bacon 200g,$7.00,https://www.woolworths.com.au/shop/productdetails/240363/woolworths-smoked-streaky-bacon
254623,Macro Grass Fed Beef Chuck Steak 380g - 800g,$19.20,https://www.woolworths.com.au/shop/productdetails/254623/macro-grass-fed-beef-chuck-steak
517468,Luv-a-duck Peking Duck Breasts 360g,$12.00,https://www.woolworths.com.au/shop/productdetails/517468/luv-a-duck-peking-duck-breasts
265186,Just Caught Peeled & Deveined Cooked Prawns 500g,$20.00,https://www.woolworths.com.au/shop/productdetails/265186/just-caught-peeled-deveined-cooked-prawns
67739,Ingham's Turkey Breast Steaks 400g,$10.00,https://www.woolworths.com.au/shop/productdetails/67739/ingham-s-turkey-breast-steaks
214923,Woolworths Diced Tasmanian Salmon Skin Off 300g,$13.00,https://www.woolworths.com.au/shop/productdetails/214923/woolworths-diced-tasmanian-salmon-skin-off
675653,Woolworths Beef Scotch Fillet Steak Small 170g - 420g,$17.43,https://www.woolworths.com.au/shop/productdetails/675653/woolworths-beef-scotch-fillet-steak-small
859281,Thawed Freshwater Basa Fillets Bag And Bake Teriyaki Ginger Per Kg,$11.00,https://www.woolworths.com.au/shop/productdetails/859281/thawed-freshwater-basa-fillets-bag-and-bake-teriyaki-ginger
227743,Bertocchi Mortadella Plain Shaved From The Deli Per Kg,$14.50,https://www.woolworths.com.au/shop/productdetails/227743/bertocchi-mortadella-plain-shaved-from-the-deli
88773,The Free Ranger Free Range Chicken Thigh Fillets 450g - 550g,$10.73,https://www.woolworths.com.au/shop/productdetails/88773/the-free-ranger-free-range-chicken-thigh-fillets
693435,The British Sausage Co Raw Smoked Rindless Back Bacon 200g,$7.00,https://www.woolworths.com.au/shop/productdetails/693435/the-british-sausage-co-raw-smoked-rindless-back-bacon
218133,Woolworths Hickory Half Leg Ham 600g - 1.05kg,$23.10,https://www.woolworths.com.au/shop/productdetails/218133/woolworths-hickory-half-leg-ham
532958,D'orsogna Natural Leg Ham Portion 700g,$16.00,https://www.woolworths.com.au/shop/productdetails/532958/d-orsogna-natural-leg-ham-portion
695638,Macro Free Range Pork Medallion 250g,$8.00,https://www.woolworths.com.au/shop/productdetails/695638/macro-free-range-pork-medallion
262374,Bertocchi Pork Bones Smoked 500g,$6.75,https://www.woolworths.com.au/shop/productdetails/262374/bertocchi-pork-bones-smoked
692999,Woolworths Pork Loin Cutlets Medium 400g - 700g,$12.60,https://www.woolworths.com.au/shop/productdetails/692999/woolworths-pork-loin-cutlets-medium
792933,Macro Free Range Chicken V Wings 750g - 1.1kg,$11.55,https://www.woolworths.com.au/shop/productdetails/792933/macro-free-range-chicken-v-wings
14812,Bertocchi Mortadella Plain Sliced From The Deli Per Kg,$14.50,https://www.woolworths.com.au/shop/productdetails/14812/bertocchi-mortadella-plain-sliced-from-the-deli
846997,Superior Gold Salmon Smoked 180g,$14.00,https://www.woolworths.com.au/shop/productdetails/846997/superior-gold-salmon-smoked
117766,Woolworths Heart Smart Veal Schnitzel 290g - 500g,$17.50,https://www.woolworths.com.au/shop/productdetails/117766/woolworths-heart-smart-veal-schnitzel
321135,Woolworths Lamb Leg Butterflied 600g - 1.3kg,$26.00,https://www.woolworths.com.au/shop/productdetails/321135/woolworths-lamb-leg-butterflied
847049,Tassal Smoked Salmon 150g,$11.00,https://www.woolworths.com.au/shop/productdetails/847049/tassal-smoked-salmon
317386,Woolworths Premium Beef Picanha Rump Cap Steak 300g - 500g,$17.50,https://www.woolworths.com.au/shop/productdetails/317386/woolworths-premium-beef-picanha-rump-cap-steak
859282,Thawed Marinara Mix Bag And Bake Teriyaki Ginger Per Kg,$15.00,https://www.woolworths.com.au/shop/productdetails/859282/thawed-marinara-mix-bag-and-bake-teriyaki-ginger
88493,The Free Ranger Free Range Chicken Breast Fillets 500g - 650g,$12.68,https://www.woolworths.com.au/shop/productdetails/88493/the-free-ranger-free-range-chicken-breast-fillets
764099,Woolworths Hot Smoked Salmon Pepper 150g,$8.00,https://www.woolworths.com.au/shop/productdetails/764099/woolworths-hot-smoked-salmon-pepper
42178,Woolworths Prawn Ring Platter Cooked & Peeled 200g,$8.00,https://www.woolworths.com.au/shop/productdetails/42178/woolworths-prawn-ring-platter-cooked-peeled
608981,Cleaver's Organic Beef Hot Dogs 275g,$10.50,https://www.woolworths.com.au/shop/productdetails/608981/cleaver-s-organic-beef-hot-dogs
859284,Thawed Barramundi Fillets Bag And Bake Teriyaki Ginger Per Kg,$19.00,https://www.woolworths.com.au/shop/productdetails/859284/thawed-barramundi-fillets-bag-and-bake-teriyaki-ginger
841749,Birch & Waite Rich Tartare Seafood Sauce 250ml,$5.25,https://www.woolworths.com.au/shop/productdetails/841749/birch-waite-rich-tartare-seafood-sauce
700303,Woolworths Cook Chicken Kebab Honey Soy 375g,$8.00,https://www.woolworths.com.au/shop/productdetails/700303/woolworths-cook-chicken-kebab-honey-soy
285355,Woolworths Raw Peeled & Deveined Prawns 500g,$18.50,https://www.woolworths.com.au/shop/productdetails/285355/woolworths-raw-peeled-deveined-prawns
675643,Woolworths Lamb Rump Steak Medium 400g - 600g,$19.20,https://www.woolworths.com.au/shop/productdetails/675643/woolworths-lamb-rump-steak-medium
694706,Primo Middle Rindless Bacon Twin Pack 500g,$13.00,https://www.woolworths.com.au/shop/productdetails/694706/primo-middle-rindless-bacon-twin-pack
388014,Steggles Chicken Breast Schnitzel Gravy Flavoured 600g,$12.00,https://www.woolworths.com.au/shop/productdetails/388014/steggles-chicken-breast-schnitzel-gravy-flavoured
93465,Just Caught Cooked Prawns Tail On 300g,$12.00,https://www.woolworths.com.au/shop/productdetails/93465/just-caught-cooked-prawns-tail-on
275751,Woolworths Rspca Approved Whole Fresh Plain Chicken 1.4kg - 2.85kg,$15.68,https://www.woolworths.com.au/shop/productdetails/275751/woolworths-rspca-approved-whole-fresh-plain-chicken
390399,Bertocchi Traditional Flat Pancetta With Black Pepper 230g - 350g,$14.70,https://www.woolworths.com.au/shop/productdetails/390399/bertocchi-traditional-flat-pancetta-with-black-pepper
713466,K-roo Kangaroo Burger 440g,$8.50,https://www.woolworths.com.au/shop/productdetails/713466/k-roo-kangaroo-burger
176620,Tassal Salmon Mustard & Dill 300g,$18.00,https://www.woolworths.com.au/shop/productdetails/176620/tassal-salmon-mustard-dill
429265,Woolworths Cook Chicken Wing Nibbles Sweet Chilli Jam 1kg,$9.00,https://www.woolworths.com.au/shop/productdetails/429265/woolworths-cook-chicken-wing-nibbles-sweet-chilli-jam
133861,Macro Organic Grass Fed Beef Sausages 450g,$11.00,https://www.woolworths.com.au/shop/productdetails/133861/macro-organic-grass-fed-beef-sausages
289214,Woolworths Cook Salmon Fillets With Miso & Maple Marinade 320g,$16.00,https://www.woolworths.com.au/shop/productdetails/289214/woolworths-cook-salmon-fillets-with-miso-maple-marinade
847049,Tassal Smoked Salmon 150g,$11.00,https://www.woolworths.com.au/shop/productdetails/847049/tassal-smoked-salmon
880215,Humpty Doo Barramundi Skin Off 260g,$14.00,https://www.woolworths.com.au/shop/productdetails/880215/humpty-doo-barramundi-skin-off
289586,Woolworths Raw Prawn Meat 220g,$10.00,https://www.woolworths.com.au/shop/productdetails/289586/woolworths-raw-prawn-meat
392395,Macro Wholefoods Market Grass Fed Beef Porterhouse Steak With Garlic Butter 220g,$12.50,https://www.woolworths.com.au/shop/productdetails/392395/macro-wholefoods-market-grass-fed-beef-porterhouse-steak-with-garlic-butter
120843,Ocean Blue Sliced Smoked Salmon Cracked Pepper 100g,$6.90,https://www.woolworths.com.au/shop/productdetails/120843/ocean-blue-sliced-smoked-salmon-cracked-pepper
251628,Woolworths Slow Cooked Chicken Breast In Creamy Mushroom Sauce 700g,$15.00,https://www.woolworths.com.au/shop/productdetails/251628/woolworths-slow-cooked-chicken-breast-in-creamy-mushroom-sauce
288124,Macro Grass Fed Australian Lamb Mini Leg Roast 500g-700g,$21.00,https://www.woolworths.com.au/shop/productdetails/288124/macro-grass-fed-australian-lamb-mini-leg-roast
656743,Woolworths Jumbo Cooked Prawn 500g,$19.00,https://www.woolworths.com.au/shop/productdetails/656743/woolworths-jumbo-cooked-prawn
46119,Woolworths Thawed Extra Large Cooked Tiger Prawns Per Kg,$36.00,https://www.woolworths.com.au/shop/productdetails/46119/woolworths-thawed-extra-large-cooked-tiger-prawns
825129,Woolworths Chicken Sausages 600g,$6.50,https://www.woolworths.com.au/shop/productdetails/825129/woolworths-chicken-sausages
317384,Woolworths Beef Oyster Blade Roast 450g - 1.25kg,$22.50,https://www.woolworths.com.au/shop/productdetails/317384/woolworths-beef-oyster-blade-roast
399725,Just Caught Garlic & Herbs Prawn Skewers 6 Pack,$5.00,https://www.woolworths.com.au/shop/productdetails/399725/just-caught-garlic-herbs-prawn-skewers
708457,Goulburn River Trout Hot Smoked Rainbow Trout 350g,$13.50,https://www.woolworths.com.au/shop/productdetails/708457/goulburn-river-trout-hot-smoked-rainbow-trout
140658,Primo Middle Bacon 750g,$16.80,https://www.woolworths.com.au/shop/productdetails/140658/primo-middle-bacon
150805,Woolworths Salmon Portions Skin Off 2 Pack,$16.00,https://www.woolworths.com.au/shop/productdetails/150805/woolworths-salmon-portions-skin-off
164178,Holland House Caviar Black 50g,$5.00,https://www.woolworths.com.au/shop/productdetails/164178/holland-house-caviar-black
253887,Macro Free Range Chicken Boneless Butterflied Chicken Moroccan 900g - 1.4kg,$21.00,https://www.woolworths.com.au/shop/productdetails/253887/macro-free-range-chicken-boneless-butterflied-chicken-moroccan
346571,Just Caught Whiting Fillets Skin On 1kg,$10.00,https://www.woolworths.com.au/shop/productdetails/346571/just-caught-whiting-fillets-skin-on
289589,Woolworths Cocktail Prawns Peeled & Deveined 220g,$10.00,https://www.woolworths.com.au/shop/productdetails/289589/woolworths-cocktail-prawns-peeled-deveined
25426,Luv-a-duck Confit Duck Legs 500g,$14.50,https://www.woolworths.com.au/shop/productdetails/25426/luv-a-duck-confit-duck-legs
83197,Woolworths Rspca Approved Chicken Hearts 500g,$3.75,https://www.woolworths.com.au/shop/productdetails/83197/woolworths-rspca-approved-chicken-hearts
255174,Bertocchi Authentic Leg Ham Boneless 500g - 1kg,$23.00,https://www.woolworths.com.au/shop/productdetails/255174/bertocchi-authentic-leg-ham-boneless
713467,K-roo Kangaroo Sausages Kanga Bangas Bush Tomato 500g,$8.50,https://www.woolworths.com.au/shop/productdetails/713467/k-roo-kangaroo-sausages-kanga-bangas-bush-tomato
246370,Woolworths Beef Rump Roast 250g - 1.1kg,$27.50,https://www.woolworths.com.au/shop/productdetails/246370/woolworths-beef-rump-roast
700300,Woolworths Cook Chicken Kebab Satay Style 375g,$8.00,https://www.woolworths.com.au/shop/productdetails/700300/woolworths-cook-chicken-kebab-satay-style
847049,Tassal Smoked Salmon 150g,$11.00,https://www.woolworths.com.au/shop/productdetails/847049/tassal-smoked-salmon
212403,Ingham's Turkey Breast Portion 400g,$11.00,https://www.woolworths.com.au/shop/productdetails/212403/ingham-s-turkey-breast-portion
248544,Macro Free Range Pork Rashers 250g - 550g,$14.85,https://www.woolworths.com.au/shop/productdetails/248544/macro-free-range-pork-rashers
399608,Ocean Chef Peeled Tail Off & Deveined Raw Prawns 500g,$15.00,https://www.woolworths.com.au/shop/productdetails/399608/ocean-chef-peeled-tail-off-deveined-raw-prawns
274959,Woolworths Wood Smoked & Sliced Smoked Trout 100g,$5.95,https://www.woolworths.com.au/shop/productdetails/274959/woolworths-wood-smoked-sliced-smoked-trout
288123,Macro Grass Fed Australian Lamb Trimmed Loin 180g - 320g,$16.00,https://www.woolworths.com.au/shop/productdetails/288123/macro-grass-fed-australian-lamb-trimmed-loin
182718,United Fish Co Whole Shell Greenshell Mussels Frozen 1kg,$6.50,https://www.woolworths.com.au/shop/productdetails/182718/united-fish-co-whole-shell-greenshell-mussels-frozen
212935,Primo Salt Reduced Shortcut Rindless Bacon 200g,$6.70,https://www.woolworths.com.au/shop/productdetails/212935/primo-salt-reduced-shortcut-rindless-bacon
275728,Woolworths Rspca Approved Fresh Chicken Drumsticks 2kg,$8.00,https://www.woolworths.com.au/shop/productdetails/275728/woolworths-rspca-approved-fresh-chicken-drumsticks
117132,K-roo Kangaroo Steak Marinated 500g - 600g,$13.20,https://www.woolworths.com.au/shop/productdetails/117132/k-roo-kangaroo-steak-marinated
609710,Luv-a-duck Peking Duck Pancake Kit 560g,$18.00,https://www.woolworths.com.au/shop/productdetails/609710/luv-a-duck-peking-duck-pancake-kit
674265,Primo Pan Sized Rindless Bacon 750g,$16.80,https://www.woolworths.com.au/shop/productdetails/674265/primo-pan-sized-rindless-bacon-pan-size
794638,Ocean Chef Fish King Snapper Portions 1kg,$30.00,https://www.woolworths.com.au/shop/productdetails/794638/ocean-chef-fish-king-snapper-portions
250897,Woolworths Pork & Fennel Sausage Roll 460g,$8.00,https://www.woolworths.com.au/shop/productdetails/250897/woolworths-pork-fennel-sausage-roll
150803,Woolworths Salmon Portions Skin On 2 Pack,$15.00,https://www.woolworths.com.au/shop/productdetails/150803/woolworths-salmon-portions-skin-on
830166,Clearly Premium Smoked Salmon 100g,$8.00,https://www.woolworths.com.au/shop/productdetails/830166/clearly-premium-smoked-salmon
680499,Woolworths The Cooks Cuts Beef Cheek 300g - 1kg,$26.00,https://www.woolworths.com.au/shop/productdetails/680499/woolworths-the-cooks-cuts-beef-cheek
392035,Macro Free Range Easy Roast Chicken With  Lemon & Herb Stuffing 1.5kg-2.1kg,$17.85,https://www.woolworths.com.au/shop/productdetails/392035/macro-free-range-easy-roast-chicken-with-lemon-herb-stuffing
286301,Macro Grass Fed Australian Lamb Cutlets 200g-400g,$20.80,https://www.woolworths.com.au/shop/productdetails/286301/macro-grass-fed-australian-lamb-cutlets
263379,Woolworths Beef Brisket Bones 800g - 2kg,$13.00,https://www.woolworths.com.au/shop/productdetails/263379/woolworths-beef-brisket-bones
189225,Karumba Karumba Banana Prawns 500g,$23.00,https://www.woolworths.com.au/shop/productdetails/189225/karumba-banana-prawns
756107,Woolworths Corned Beef Silverside Cooked Portion 500g - 1.1kg,$22.00,https://www.woolworths.com.au/shop/productdetails/756107/woolworths-corned-beef-silverside-cooked-portion
289587,Woolworths Raw Prawns With Garlic & Herb Marinade 220g,$10.00,https://www.woolworths.com.au/shop/productdetails/289587/woolworths-raw-prawns-with-garlic-herb-marinade
690880,Woolworths Surimi Mix 1kg,$9.00,https://www.woolworths.com.au/shop/productdetails/690880/woolworths-surimi-mix
847049,Tassal Smoked Salmon 150g,$11.00,https://www.woolworths.com.au/shop/productdetails/847049/tassal-smoked-salmon
187172,Just Caught Frozen Natural Squid Rings 500g,$8.70,https://www.woolworths.com.au/shop/productdetails/187172/just-caught-frozen-natural-squid-rings
169852,Macro Free Range Pork Scotch Fillet Steak 300g,$8.00,https://www.woolworths.com.au/shop/productdetails/169852/macro-free-range-pork-scotch-fillet-steak
102083,Crystal Bay Australian Tiger Prawns 1kg,$33.00,https://www.woolworths.com.au/shop/productdetails/102083/crystal-bay-australian-tiger-prawns
766473,Ocean Blue Surimi Sea Sticks 150g,$4.00,https://www.woolworths.com.au/shop/productdetails/766473/ocean-blue-surimi-sea-sticks
841741,Birch & Waite Parsley Dill & Tarragon Seafood Sauce 250ml,$5.25,https://www.woolworths.com.au/shop/productdetails/841741/birch-waite-parsley-dill-tarragon-seafood-sauce
256720,Woolworths Wagyu Rump Steak 150g - 350g,$20.30,https://www.woolworths.com.au/shop/productdetails/256720/woolworths-wagyu-rump-steak
365627,Macro Organic Chicken Thigh Fillet 450g - 550g,$19.53,https://www.woolworths.com.au/shop/productdetails/365627/macro-organic-chicken-thigh-fillet
288125,Macro Grass Fed Australian Lamb Shoulder Rosemary & Garlic 400g-600g,$13.80,https://www.woolworths.com.au/shop/productdetails/288125/macro-grass-fed-australian-lamb-shoulder-rosemary-garlic
726028,Bertocchi Pancetta Mild Sliced From The Deli Per Kg,$37.00,https://www.woolworths.com.au/shop/productdetails/726028/bertocchi-pancetta-mild-sliced-from-the-deli
666358,Clearly Premium Smoked Ocean Trout 500g,$31.00,https://www.woolworths.com.au/shop/productdetails/666358/clearly-premium-smoked-ocean-trout
210537,Ingham's Classic Turkey Breast Oven Roasted 800g,$21.00,https://www.woolworths.com.au/shop/productdetails/210537/ingham-s-classic-turkey-breast-oven-roasted
254550,Macro Grass Fed Beef Rump Roast 450g - 850g,$23.80,https://www.woolworths.com.au/shop/productdetails/254550/macro-grass-fed-beef-rump-roast
227128,Tassal Fresh Tassie Salmon Side Skin On 500g,$23.00,https://www.woolworths.com.au/shop/productdetails/227128/tassal-fresh-tassie-salmon-side-skin-on
354065,Woolworths Rspca Approved Chicken Wings 2kg,$9.50,https://www.woolworths.com.au/shop/productdetails/354065/woolworths-rspca-approved-chicken-wings
236847,Woolworths Beef Rib Eye Bone In 230g - 500g,$19.50,https://www.woolworths.com.au/shop/productdetails/236847/woolworths-beef-rib-eye-bone-in
488351,Woolworths Pork Belly Thinly Sliced 350g,$9.50,https://www.woolworths.com.au/shop/productdetails/488351/woolworths-pork-belly-thinly-sliced
221145,Lamb Offal Hearts 400g - 700g,$6.30,https://www.woolworths.com.au/shop/productdetails/221145/lamb-offal-hearts
221144,Woolworths Lamb Offal Liver 450g - 750g,$6.38,https://www.woolworths.com.au/shop/productdetails/221144/woolworths-lamb-offal-liver
801197,From The Deli Beretta Italian Prosciutto Di Parma Freshly Sliced Per Kg,$65.00,https://www.woolworths.com.au/shop/productdetails/801197/from-the-deli-beretta-italian-prosciutto-di-parma-freshly-sliced
269105,Jc Seafood Jumbo Raw Prawn Cutlets 240g,$10.00,https://www.woolworths.com.au/shop/productdetails/269105/jc-seafood-jumbo-raw-prawn-cutlets
83193,Woolworths Rspca Approved Chicken Giblets 500g,$3.75,https://www.woolworths.com.au/shop/productdetails/83193/woolworths-rspca-approved-chicken-giblets
465188,Woolworths Cook Slow Cooked Meatballs In Rich Tomato Sauce 800g,$13.00,https://www.woolworths.com.au/shop/productdetails/465188/woolworths-cook-slow-cooked-meatballs-in-rich-tomato-sauce
359913,Bertocchi Ham Leg Boneless 1.8kg,$25.50,https://www.woolworths.com.au/shop/productdetails/359913/bertocchi-ham-leg-boneless
847049,Tassal Smoked Salmon 150g,$11.00,https://www.woolworths.com.au/shop/productdetails/847049/tassal-smoked-salmon
254551,Macro Grass Fed Beef Flank Steak 200g - 550g,$16.50,https://www.woolworths.com.au/shop/productdetails/254551/macro-grass-fed-beef-flank-steak
354139,Woolworths Rspca Approved Chicken Drumsticks 320g - 480g,$2.88,https://www.woolworths.com.au/shop/productdetails/354139/woolworths-rspca-approved-chicken-drumsticks
256233,Woolworths Seafood Salad 375g,$8.00,https://www.woolworths.com.au/shop/productdetails/256233/woolworths-seafood-salad
186658,"Birds Eye Ocean Selections Raw Prawns Frozen, Peeled & Tail Off 500g",$24.00,https://www.woolworths.com.au/shop/productdetails/186658/birds-eye-ocean-selections-raw-prawns-frozen-peeled-tail-off
782001,Ocean Chef Tuna Yellowfin Tuna Steaks 1kg,$27.00,https://www.woolworths.com.au/shop/productdetails/782001/ocean-chef-tuna-yellowfin-tuna-steaks
365624,Macro Organic Chicken Breast Fillet 500g - 750g,$26.25,https://www.woolworths.com.au/shop/productdetails/365624/macro-organic-chicken-breast-fillet
433238,Woolworths Oven Baked Chicken Breast Schnitzels 350g,$9.50,https://www.woolworths.com.au/shop/productdetails/433238/woolworths-oven-baked-chicken-breast-schnitzels
307736,Bertocchi Bacon Hock Smoked Meaty 900g - 1.55kg,$21.70,https://www.woolworths.com.au/shop/productdetails/307736/bertocchi-bacon-hock-smoked-meaty
234567,Sole Mare Wood Smoked Mussels 120g,$4.00,https://www.woolworths.com.au/shop/productdetails/234567/sole-mare-wood-smoked-mussels
772577,Ocean Chef Squid Salt & Pepper 360g,$8.00,https://www.woolworths.com.au/shop/productdetails/772577/ocean-chef-squid-salt-pepper
803034,Just Caught Raw Prawn Cutlets 850g,$29.00,https://www.woolworths.com.au/shop/productdetails/803034/just-caught-raw-prawn-cutlets
289769,Talley's Chilled Mussels Marinated Plain 375g,$8.00,https://www.woolworths.com.au/shop/productdetails/289769/talley-s-chilled-mussels-marinated-plain
391609,Jc Seafood Salt & Pepper Squid 270g,$7.00,https://www.woolworths.com.au/shop/productdetails/391609/jc-seafood-salt-pepper-squid
772620,Ocean Chef Squid Rings Panko 360g,$8.00,https://www.woolworths.com.au/shop/productdetails/772620/ocean-chef-squid-rings-panko
345337,Tassal Salmon For Cooking 200g,$11.50,https://www.woolworths.com.au/shop/productdetails/345337/tassal-salmon-for-cooking
317391,Woolworths Premium Beef Asado Ribs Thin Slice 150g - 400g,$12.00,https://www.woolworths.com.au/shop/productdetails/317391/woolworths-premium-beef-asado-ribs-thin-slice
252231,Regal New Zealand Beech Wood Smoked Salmon Slices 100g,$11.40,https://www.woolworths.com.au/shop/productdetails/252231/regal-new-zealand-beech-wood-smoked-salmon-slices
177130,Tassal Salmon Infusions Lemon 300g,$18.00,https://www.woolworths.com.au/shop/productdetails/177130/tassal-salmon-infusions-lemon
354300,Woolworths Rspca Approved Fresh Chicken Wings 400g - 600g,$5.10,https://www.woolworths.com.au/shop/productdetails/354300/woolworths-rspca-approved-fresh-chicken-wings
859130,Fresh Saddletail Snapper Bag And Bake Teriyaki Ginger Per Kg,$36.00,https://www.woolworths.com.au/shop/productdetails/859130/fresh-saddletail-snapper-bag-and-bake-teriyaki-ginger
483569,Woolworths Cook Slow Cooked Italian Style Chicken Casserole 700g,$13.00,https://www.woolworths.com.au/shop/productdetails/483569/woolworths-cook-slow-cooked-italian-style-chicken-casserole
345351,Ocean Blue Ocean Trout Smoked 100g,$8.50,https://www.woolworths.com.au/shop/productdetails/345351/ocean-blue-ocean-trout-smoked
441084,Woolworths Thawed Lobster Tails Each,$9.50,https://www.woolworths.com.au/shop/productdetails/441084/woolworths-thawed-lobster-tails
847049,Tassal Smoked Salmon 150g,$11.00,https://www.woolworths.com.au/shop/productdetails/847049/tassal-smoked-salmon
802255,Boston Bay Mussels Cooked 500g,$8.00,https://www.woolworths.com.au/shop/productdetails/802255/boston-bay-mussels-cooked
859280,Fresh Hoki Fillets Bag And Bake Teriyaki Ginger Per Kg,$18.00,https://www.woolworths.com.au/shop/productdetails/859280/fresh-hoki-fillets-bag-and-bake-teriyaki-ginger
345352,Ocean Blue Smoked Ocean Trout Sliced 50g,$5.50,https://www.woolworths.com.au/shop/productdetails/345352/ocean-blue-smoked-ocean-trout-sliced
841751,Birch & Waite Seafood Sauce Creamy Cocktail 250ml,$5.25,https://www.woolworths.com.au/shop/productdetails/841751/birch-waite-seafood-sauce-creamy-cocktail
263311,Jc Seafood Jumbo Cooked Prawn Cutlets 240g,$14.00,https://www.woolworths.com.au/shop/productdetails/263311/jc-seafood-jumbo-cooked-prawn-cutlets
247662,Jervis Bay Shellfish Co Oysters Kilpatrick 6 Pack,$15.50,https://www.woolworths.com.au/shop/productdetails/247662/jervis-bay-shellfish-co-oysters-kilpatrick
354218,Woolworths Rspca Approved Fresh Chicken Cutlets Skin On 400g - 600g,$5.40,https://www.woolworths.com.au/shop/productdetails/354218/woolworths-rspca-approved-fresh-chicken-cutlets-skin-on
254893,Ocean Chef Marinara Seafood Mix 1kg,$18.50,https://www.woolworths.com.au/shop/productdetails/254893/ocean-chef-marinara-seafood-mix
59253,Woolworths Cook Porchetta Roast With Garlic & Herb Seasoning 1.2kg - 1.7kg,$28.90,https://www.woolworths.com.au/shop/productdetails/59253/woolworths-cook-porchetta-roast-with-garlic-herb-seasoning
218146,Woolworths Cooked & Peeled Cocktail Prawns Tail On Per Kg,$34.00,https://www.woolworths.com.au/shop/productdetails/218146/woolworths-cooked-peeled-cocktail-prawns-tail-on
454376,Woolworths Herb & Garlic Oven Baked Chicken Breast Schnitzels 350g,$9.50,https://www.woolworths.com.au/shop/productdetails/454376/woolworths-herb-garlic-oven-baked-chicken-breast-schnitzels
802908,Gourmet Chef Marinara Sauce 450g,$5.20,https://www.woolworths.com.au/shop/productdetails/802908/gourmet-chef-marinara-sauce
811661,Woolworths Cook Asian Style Salmon Portions 325g,$16.00,https://www.woolworths.com.au/shop/productdetails/811661/woolworths-cook-asian-style-salmon-portions
715805,Bertocchi Ham Virginian 750g,$17.50,https://www.woolworths.com.au/shop/productdetails/715805/bertocchi-ham-virginian
231378,Just Caught Cooked & Shelled Mussel Meat 1kg,$14.00,https://www.woolworths.com.au/shop/productdetails/231378/just-caught-cooked-shelled-mussel-meat
392069,Cooke Seafood Smoked Salmon 250g,$15.00,https://www.woolworths.com.au/shop/productdetails/392069/cooke-seafood-smoked-salmon
398128,Just Caught Lemon & Pepper Marinated Prawns 500g,$20.00,https://www.woolworths.com.au/shop/productdetails/398128/just-caught-lemon-pepper-marinated-prawns
391867,Jc Seafood Panko Crumbed Prawns 180g,$7.00,https://www.woolworths.com.au/shop/productdetails/391867/jc-seafood-panko-crumbed-prawns
286299,Woolworths Snap Frozen Cooked & Peeled Prawns 1kg,$28.50,https://www.woolworths.com.au/shop/productdetails/286299/woolworths-snap-frozen-cooked-peeled-prawns
709251,Bertocchi Ham Picnic Shoulder 2.5kg - 4.6 Kg,$57.50,https://www.woolworths.com.au/shop/productdetails/709251/bertocchi-ham-picnic-shoulder
310634,Ingham's Turkey Wing Pieces 640g - 1.9kg,$18.05,https://www.woolworths.com.au/shop/productdetails/310634/ingham-s-turkey-wing-pieces
847049,Tassal Smoked Salmon 150g,$11.00,https://www.woolworths.com.au/shop/productdetails/847049/tassal-smoked-salmon
247602,Ocean Chef Australian Raw Peeld Prawns 400g,$21.50,https://www.woolworths.com.au/shop/productdetails/247602/ocean-chef-australian-raw-peeld-prawns
453086,Woolworths Beef Family Roast 600g - 2kg,$35.00,https://www.woolworths.com.au/shop/productdetails/453086/woolworths-beef-family-roast
354010,Woolworths Chicken Rscpa Approved Chicken Wings 1kg - 1.65kg,$14.85,https://www.woolworths.com.au/shop/productdetails/354010/woolworths-chicken-rscpa-approved-chicken-wings
262682,Don Strassburg Shaved Per Kg,$19.50,https://www.woolworths.com.au/shop/productdetails/262682/don-strassburg-shaved
392138,Tassal Cooked Aussie Tiger Prawns 475g,$16.00,https://www.woolworths.com.au/shop/productdetails/392138/tassal-cooked-aussie-tiger-prawns
97477,The Royal Bacon Co. Bacon Ends 500g,$9.00,https://www.woolworths.com.au/shop/productdetails/97477/the-royal-bacon-co-bacon-ends
255326,Austral Fisheries Karumba Ocean Caught Banana Prawns 1kg,$22.00,https://www.woolworths.com.au/shop/productdetails/255326/austral-fisheries-karumba-ocean-caught-banana-prawns
246721,"Birds Eye Ocean Selections Raw Prawns Frozen, Garlic And Herb Dusted 500g",$24.00,https://www.woolworths.com.au/shop/productdetails/246721/birds-eye-ocean-selections-raw-prawns-frozen-garlic-and-herb-dusted
547999,Clearly Premium Octopus 200g,$13.00,https://www.woolworths.com.au/shop/productdetails/547999/clearly-premium-octopus
340936,Woolworths Chicken Whole Marinated & Seasoned 1.9kg - 2.6kg,$19.50,https://www.woolworths.com.au/shop/productdetails/340936/woolworths-chicken-whole-marinated-seasoned
317385,Woolworths Beef Ribs With Bbq Seasoning 800g-1.550kg,$38.75,https://www.woolworths.com.au/shop/productdetails/317385/woolworths-beef-ribs-with-bbq-seasoning
260595,Kinkawooka Fresh Live Pot Ready Mussels 1kg,$11.00,https://www.woolworths.com.au/shop/productdetails/260595/kinkawooka-fresh-live-pot-ready-mussels
247015,Tassal Smoked Tassie Salmon 50g X 2 Pack,$12.50,https://www.woolworths.com.au/shop/productdetails/247015/tassal-smoked-tassie-salmon
288157,Woolworths Tasmanian Salmon Skewers With Honey Soy 4 Pack,$14.00,https://www.woolworths.com.au/shop/productdetails/288157/woolworths-tasmanian-salmon-skewers-with-honey-soy
341014,Woolworths Rspca Approved Chicken Mixed Pieces 2kg,$9.00,https://www.woolworths.com.au/shop/productdetails/341014/woolworths-rspca-approved-chicken-mixed-pieces
265164,Ocean Blue Double Smoked Salmon 100g,$8.00,https://www.woolworths.com.au/shop/productdetails/265164/ocean-blue-double-smoked-salmon
20923,Safcol Tapas Chilean Mussels In Spanish Escabeche Style Sauce 105g,$3.00,https://www.woolworths.com.au/shop/productdetails/20923/safcol-tapas-chilean-mussels-in-spanish-escabeche-style-sauce
387408,La Ionica Air Chilled Chicken Breast Fillets Skinless 650g - 1kg,$16.50,https://www.woolworths.com.au/shop/productdetails/387408/la-ionica-air-chilled-chicken-breast-fillets-skinless
215508,Otway Streaky Bacon 200g,$10.80,https://www.woolworths.com.au/shop/productdetails/215508/otway-streaky-bacon
20933,Safcol Tapas Chilean Mussels In Spanish Galician Style Sauce 105g,$3.00,https://www.woolworths.com.au/shop/productdetails/20933/safcol-tapas-chilean-mussels-in-spanish-galician-style-sauce
345277,Game Farm Spatchcock Whole 350g - 690g,$13.46,https://www.woolworths.com.au/shop/productdetails/345277/game-farm-spatchcock-whole
847049,Tassal Smoked Salmon 150g,$11.00,https://www.woolworths.com.au/shop/productdetails/847049/tassal-smoked-salmon
392355,Ocean Blue Hot Smoked Salmon Teriyaki 150g,$9.50,https://www.woolworths.com.au/shop/productdetails/392355/ocean-blue-hot-smoked-salmon-teriyaki
504355,Tassal Raw Aussie Tiger Prawns 1kg,$26.50,https://www.woolworths.com.au/shop/productdetails/504355/tassal-raw-aussie-tiger-prawns
140267,Asp Scottish Kippers 335g,$8.00,https://www.woolworths.com.au/shop/productdetails/140267/asp-scottish-kippers
66287,Gourmet Chef Thai Green Curry Sauce 450g,$5.20,https://www.woolworths.com.au/shop/productdetails/66287/gourmet-chef-thai-green-curry-sauce
216667,Otway Shortcut Bacon 200g,$10.80,https://www.woolworths.com.au/shop/productdetails/216667/otway-shortcut-bacon
223880,Just Caught Jumbo Cutlets Raw 500g,$23.00,https://www.woolworths.com.au/shop/productdetails/223880/just-caught-jumbo-cutlets-raw
367125,Luv-a-duck Slow Cooked Roast Half Duck 600g,$16.00,https://www.woolworths.com.au/shop/productdetails/367125/luv-a-duck-slow-cooked-roast-half-duck
387011,La Ionica Air Dried Whole Chicken 1.5-2kg,$15.00,https://www.woolworths.com.au/shop/productdetails/387011/la-ionica-air-dried-whole-chicken
18181,Norfolk Bay Natural Wood Smoked Prawns 120g,$9.50,https://www.woolworths.com.au/shop/productdetails/18181/norfolk-bay-natural-wood-smoked-prawns
117631,Fisher Bear Marinated Baby Octopus 280g,$15.00,https://www.woolworths.com.au/shop/productdetails/117631/fisher-bear-marinated-baby-octopus
391750,Humpty Doo Fresh Australian Barramundi 440g,$20.00,https://www.woolworths.com.au/shop/productdetails/391750/humpty-doo-fresh-australian-barramundi
388244,La Ionica Air Chilled Chicken Thigh Fillets Skinless 650g - 1kg,$17.50,https://www.woolworths.com.au/shop/productdetails/388244/la-ionica-air-chilled-chicken-thigh-fillets-skinless
218148,Prawn Cocktail Cooked Tail On Thawed Per Kg,$34.00,https://www.woolworths.com.au/shop/productdetails/218148/prawn-cocktail-cooked-tail-on-thawed
289772,Talley's Chilled Mussels Chilli 375g,$8.00,https://www.woolworths.com.au/shop/productdetails/289772/talley-s-chilled-mussels-chilli
417419,Bertocchi Berkshire Ham Shaved From The Deli Per Kg,$40.00,https://www.woolworths.com.au/shop/productdetails/417419/bertocchi-berkshire-ham-shaved-from-the-deli
96057,Woolworths Fresh Pacific Oysters 1 Dozen,$18.00,https://www.woolworths.com.au/shop/productdetails/96057/woolworths-fresh-pacific-oysters
859283,Fresh Ling Fillets Bag And Bake Teriyaki Ginger Per Kg,$33.00,https://www.woolworths.com.au/shop/productdetails/859283/fresh-ling-fillets-bag-and-bake-teriyaki-ginger
390869,Cooke Seafood Sockeye Salmon Skin On 250g,$15.00,https://www.woolworths.com.au/shop/productdetails/390869/cooke-seafood-sockeye-salmon-skin-on
256252,Jervis Bay Shellfish Co Handmade Oysters Mornay 6 Pack,$15.50,https://www.woolworths.com.au/shop/productdetails/256252/jervis-bay-shellfish-co-handmade-oysters-mornay
887603,K-roo Kangaroo Fillet 400g,$15.00,https://www.woolworths.com.au/shop/productdetails/887603/k-roo-kangaroo-fillet
402975,Macro Wholefoods Market Free Range Chicken Portions In Tomato & Basil Marinade 1kg - 1.25kg,$13.13,https://www.woolworths.com.au/shop/productdetails/402975/macro-wholefoods-market-free-range-chicken-portions-in-tomato-basil-marinade
847049,Tassal Smoked Salmon 150g,$11.00,https://www.woolworths.com.au/shop/productdetails/847049/tassal-smoked-salmon
270372,Tassal Salmon Tenders 280g,$11.00,https://www.woolworths.com.au/shop/productdetails/270372/tassal-salmon-tenders
387372,Better Choice Fisheries Australian Raw Royal Red Prawn Meat 300g,$16.00,https://www.woolworths.com.au/shop/productdetails/387372/better-choice-fisheries-australian-raw-royal-red-prawn-meat
805969,Luv-a-duck Whole Duck 2.1kg,$22.00,https://www.woolworths.com.au/shop/productdetails/805969/luv-a-duck-whole-duck
201934,Ocean Chef Tasmanian Sea Scallops Roe On 350g,$26.00,https://www.woolworths.com.au/shop/productdetails/201934/ocean-chef-tasmanian-sea-scallops-roe-on
859300,Thawed Skinned Ling Fillets Bag & Bake Teriyaki Ginger Per Kg,$19.00,https://www.woolworths.com.au/shop/productdetails/859300/thawed-skinned-ling-fillets-bag-bake-teriyaki-ginger
66289,Gourmet Chef Thai Red Curry Sauce 450g,$5.20,https://www.woolworths.com.au/shop/productdetails/66289/gourmet-chef-thai-red-curry-sauce
164977,Boston Bay Mussels Hot Pot In Tomato Broth 600g,$12.00,https://www.woolworths.com.au/shop/productdetails/164977/mussel
186759,Clearly Premium Oven Smoked Salmon Lemon & Pepper 300g,$22.50,https://www.woolworths.com.au/shop/productdetails/186759/clearly-premium-oven-smoked-salmon-lemon-pepper
804683,Peppercorn Premium Extra Lean Beef Meatballs 12 Pack,$10.00,https://www.woolworths.com.au/shop/productdetails/804683/peppercorn-premium-extra-lean-beef-meatballs
453087,Woolworths Premium Beef Chuck & Brisket Mince 500g,$10.00,https://www.woolworths.com.au/shop/productdetails/453087/woolworths-premium-beef-chuck-brisket-mince
398223,Humpty Doo Hot Smoked Barramundi Ready To Eat 150g,$12.00,https://www.woolworths.com.au/shop/productdetails/398223/humpty-doo-hot-smoked-barramundi-ready-to-eat
421954,Moira Mac's Roasted Chicken Double Breast Shaved From The Deli Per Kg,$22.00,https://www.woolworths.com.au/shop/productdetails/421954/moira-mac-s-roasted-chicken-double-breast-shaved-from-the-deli
237429,Boston Bay Mussel Hot Pot In White Wine 600g,$12.00,https://www.woolworths.com.au/shop/productdetails/237429/boston-bay-mussel-hot-pot-in-white-wine
790229,From The Deli Seafood Platter For Two Each,$33.00,https://www.woolworths.com.au/shop/productdetails/790229/from-the-deli-seafood-platter-for-two
790773,Seafood Entertaining Platter Each,$60.00,https://www.woolworths.com.au/shop/productdetails/790773/from-the-deli-seafood-entertaining-platter
847049,Tassal Smoked Salmon 150g,$11.00,https://www.woolworths.com.au/shop/productdetails/847049/tassal-smoked-salmon
