ID,Name,Price,URL
326414,Allendale Pantyhose Statique Spray,$7.50,https://www.igashop.com.au/product/allendale-pantyhose-statique-spray-326414
797403,Biozet Attack 3D Clean Action Front And Top Loader Laundry Powder,$24.00,https://www.igashop.com.au/product/biozet-attack-3d-clean-action-front-and-top-loader-laundry-powder-797403
595212,Biozet Attack Front Top Loader Regular Laundry Liquid,$24.00,https://www.igashop.com.au/product/biozet-attack-front-top-loader-regular-laundry-liquid-595212
595181,Biozet Attack Laundry Liquid Regular,$14.35,https://www.igashop.com.au/product/biozet-attack-laundry-liquid-regular-595181
797424,Biozet Attack Laundry Powder With Softener,$26.00,https://www.igashop.com.au/product/biozet-attack-laundry-powder-with-softener-797424
314467,Biozet Attack Liquid Soft Bottle Laundry Liquid,$26.00,https://www.igashop.com.au/product/biozet-attack-liquid-soft-bottle-laundry-liquid-314467
44910,Biozet Attack Plus Eliminator,$26.00,https://www.igashop.com.au/product/biozet-attack-plus-eliminator-44910
797393,Biozet Laundry Powder 3D Clear,$14.00,https://www.igashop.com.au/product/biozet-laundry-powder-3d-clear-797393
242034,Black Gold Clothes Pegs Plastic,$2.95,https://www.igashop.com.au/product/black-gold-clothes-pegs-plastic-242034
491837,Black Gold Clothes Pegs Premuim,$6.00,https://www.igashop.com.au/product/black-gold-clothes-pegs-premuim-491837
242026,Black Gold Clothes Pegs Wood,$3.10,https://www.igashop.com.au/product/black-gold-clothes-pegs-wood-242026
612111,Black Gold Ironing Board Cover,$10.00,https://www.igashop.com.au/product/black-gold-ironing-board-cover-612111
680795,Black Gold Laundry Powder Concentrate,$4.00,https://www.igashop.com.au/product/black-gold-laundry-powder-concentrate-680795
356980,Black Gold Laundry Sanitiser,$3.50,https://www.igashop.com.au/product/black-gold-laundry-sanitiser-356980
550,Black Gold Moisture Damp Absorber,$5.00,https://www.igashop.com.au/product/black-gold-moisture-damp-absorber-550
76027,Black Gold Regular Iron Aid Spray,$2.50,https://www.igashop.com.au/product/black-gold-regular-iron-aid-spray-76027
323602,Bluo Liquid Laundry Brightener,$3.75,https://www.igashop.com.au/product/bluo-liquid-laundry-brightener-323602
370955,Bosistos Sensitive Laundry Powder,$12.00,https://www.igashop.com.au/product/bosistos-sensitive-laundry-powder-370955
713137,Britex Universal Spot N Stain Remover,$14.99,https://www.igashop.com.au/product/britex-universal-spot-n-stain-remover-713137
939356,Canesten Antibacterial And Antifungal Hygiene Laundry Rinse Lemon,$15.00,https://www.igashop.com.au/product/canesten-antibacterial-and-antifungal-hygiene-laundry-rinse-lemon-939356
806728,Cold Power 2In1 Laundry Detergent Powder With Fabric Softener,$24.00,https://www.igashop.com.au/product/cold-power-2in1-laundry-detergent-powder-with-fabric-softener-806728
804132,Cold Power Advanced Clean Laundry Detergent Liquid,$10.00,https://www.igashop.com.au/product/cold-power-advanced-clean-laundry-detergent-liquid-804132
805243,Cold Power Advanced Clean Laundry Detergent Liquid,$24.00,https://www.igashop.com.au/product/cold-power-advanced-clean-laundry-detergent-liquid-805243
805251,Cold Power Advanced Clean Laundry Detergent Liquid,$18.00,https://www.igashop.com.au/product/cold-power-advanced-clean-laundry-detergent-liquid-805251
805285,Cold Power Advanced Clean Laundry Detergent Liquid Frangipani Eucalyptus,$10.00,https://www.igashop.com.au/product/cold-power-advanced-clean-laundry-detergent-liquid-frangipani-eucalyptus-805285
805277,Cold Power Advanced Clean Laundry Detergent Liquid Lemon,$24.00,https://www.igashop.com.au/product/cold-power-advanced-clean-laundry-detergent-liquid-lemon-805277
806663,Cold Power Advanced Clean Laundry Detergent Powder,$10.00,https://www.igashop.com.au/product/cold-power-advanced-clean-laundry-detergent-powder-806663
806671,Cold Power Advanced Clean Laundry Detergent Powder,$24.00,https://www.igashop.com.au/product/cold-power-advanced-clean-laundry-detergent-powder-806671
806689,Cold Power Advanced Clean Laundry Detergent Powder,$28.00,https://www.igashop.com.au/product/cold-power-advanced-clean-laundry-detergent-powder-806689
806605,Cold Power Clean Smooth Laundry Detergent Liquid Easy Ironing,$21.00,https://www.igashop.com.au/product/cold-power-clean-smooth-laundry-detergent-liquid-easy-ironing-806605
805293,Cold Power Pure Clean Laundry Detergent Liquid For Sensitive Skin,$24.00,https://www.igashop.com.au/product/cold-power-pure-clean-laundry-detergent-liquid-for-sensitive-skin-805293
806760,Cold Power Pure Clean Laundry Detergent Powder For Sensitive Skin,$24.00,https://www.igashop.com.au/product/cold-power-pure-clean-laundry-detergent-powder-for-sensitive-skin-806760
20000006377,Cold Power Regular Laundry Detergent Capsules,$17.00,https://www.igashop.com.au/product/cold-power-regular-laundry-detergent-capsules-20000006377
160000013224,Cold Power Sensitive Laundry Detergent Capsules For Sensitive Skin,$14.00,https://www.igashop.com.au/product/cold-power-sensitive-laundry-detergent-capsules-for-sensitive-skin-160000013224
821634,Comfort Exotic Oriental Fabric Conditioner,$7.00,https://www.igashop.com.au/product/comfort-exotic-oriental-fabric-conditioner-821634
650096,Comfort Fabric Softener Conditioner Pure White Sensitive,$14.00,https://www.igashop.com.au/product/comfort-fabric-softener-conditioner-pure-white-sensitive-650096
926984,Community Co Oxy Action Laundry Soaker,$4.00,https://www.igashop.com.au/product/community-co-oxy-action-laundry-soaker-926984
853160,Cuddly Aroma Collections Concentrate Fabric Softener Conditioner White Lily French Vanilla,$8.00,https://www.igashop.com.au/product/cuddly-aroma-collections-concentrate-fabric-softener-conditioner-white-lily-french-vanilla-853160
1917,Cuddly Aroma Collections Fabric Softener Sachet Relaxing,$3.50,https://www.igashop.com.au/product/cuddly-aroma-collections-fabric-softener-sachet-relaxing-1917
348432,Cuddly Concentrate Fabric Softener Cherry Blossom,$8.00,https://www.igashop.com.au/product/cuddly-concentrate-fabric-softener-cherry-blossom-348432
160000011233,Cuddly Concentrate Fabric Softener Conditioner Care Protect Antibacterial,$15.00,https://www.igashop.com.au/product/cuddly-concentrate-fabric-softener-conditioner-care-protect-antibacterial-160000011233
443407,Cuddly Concentrate Fabric Softener Conditioner Sunshine Fresh,$16.00,https://www.igashop.com.au/product/cuddly-concentrate-fabric-softener-conditioner-sunshine-fresh-443407
352334,Cuddly Fabric Softener Refill Sachet Classic Fresh,$3.50,https://www.igashop.com.au/product/cuddly-fabric-softener-refill-sachet-classic-fresh-352334
303034,Cuddly Fabric Softener Ultra Sensitive,$5.00,https://www.igashop.com.au/product/cuddly-fabric-softener-ultra-sensitive-303034
31886,Cuddly Fabric Softener Ultra Sensitive,$10.00,https://www.igashop.com.au/product/cuddly-fabric-softener-ultra-sensitive-31886
29782,Cuddly Fabric Softener Ultra Sunshine Fresh,$8.00,https://www.igashop.com.au/product/cuddly-fabric-softener-ultra-sunshine-fresh-29782
68346,Cuddly Hypoallergenic Fabric Softener Soft Sensitive,$16.00,https://www.igashop.com.au/product/cuddly-hypoallergenic-fabric-softener-soft-sensitive-68346
337871,Cuddly Sunshine Fresh Fabric Softener Long Lasting Fragrance,$7.50,https://www.igashop.com.au/product/cuddly-sunshine-fresh-fabric-softener-long-lasting-fragrance-337871
820581,Cuddly Ultra Complete Care Morning Sun,$10.00,https://www.igashop.com.au/product/cuddly-ultra-complete-care-morning-sun-820581
820280,Cuddly Ultra Complete Care Ocean Wave Fabric Softener,$8.00,https://www.igashop.com.au/product/cuddly-ultra-complete-care-ocean-wave-fabric-softener-820280
820264,Cuddly Ultra Complete Care Wild Rose,$8.00,https://www.igashop.com.au/product/cuddly-ultra-complete-care-wild-rose-820264
970373,Decor Reva Pegs,$8.50,https://www.igashop.com.au/product/decor-reva-pegs-970373
991659,Dettol Spray Wear Surface Spray Disinfectant Fresh Cotton,$8.00,https://www.igashop.com.au/product/dettol-spray-wear-surface-spray-disinfectant-fresh-cotton-991659
940205,Dettol Washing Machine Cleaner Citrus Burst,$8.00,https://www.igashop.com.au/product/dettol-washing-machine-cleaner-citrus-burst-940205
327339,Dylon Fabric Dye Velvet Black In Washing Machine,$12.50,https://www.igashop.com.au/product/dylon-fabric-dye-velvet-black-in-washing-machine-327339
160000013223,Dynamo Professional 7 In 1 Laundry Detergent Capsules,$9.00,https://www.igashop.com.au/product/dynamo-professional-7-in-1-laundry-detergent-capsules-160000013223
205118,Dynamo Professional 7 In 1 Laundry Detergent Capsules,$32.00,https://www.igashop.com.au/product/dynamo-professional-7-in-1-laundry-detergent-capsules-205118
20000006391,Dynamo Professional Laundry Discs Odour Eliminating,$32.00,https://www.igashop.com.au/product/dynamo-professional-laundry-discs-odour-eliminating-20000006391
805269,Dynamo Professional Oxi Plus Laundry Detergent Liquid,$12.00,https://www.igashop.com.au/product/dynamo-professional-oxi-plus-laundry-detergent-liquid-805269
394242,Earth Choice Dishwasher Powder Lemon,$10.65,https://www.igashop.com.au/product/earth-choice-dishwasher-powder-lemon-394242
321715,Earth Choice Fabric Softener Pure Soft,$2.50,https://www.igashop.com.au/product/earth-choice-fabric-softener-pure-soft-321715
376456,Earth Choice Top Front Load Ultra Concentrate Laundry Powder,$9.33,https://www.igashop.com.au/product/earth-choice-top-front-load-ultra-concentrate-laundry-powder-376456
498009,Earth Choice Top Front Loader,$3.00,https://www.igashop.com.au/product/earth-choice-top-front-loader-498009
62015,Earth Choice Ultra Concentrate Laundry Powder,$16.00,https://www.igashop.com.au/product/earth-choice-ultra-concentrate-laundry-powder-62015
307211,Earth Choice Ultra Concentrate Sensitive Laundry Liquid,$7.22,https://www.igashop.com.au/product/earth-choice-ultra-concentrate-sensitive-laundry-liquid-307211
307193,Earth Choice Ultra Laundry Liquid,$7.22,https://www.igashop.com.au/product/earth-choice-ultra-laundry-liquid-307193
394284,Earth Choice Ultra Power Stain Remover,$4.15,https://www.igashop.com.au/product/earth-choice-ultra-power-stain-remover-394284
498025,Earth Choice Wool Wash,$2.60,https://www.igashop.com.au/product/earth-choice-wool-wash-498025
826765,Fab Essential Oils Laundry Detergent Liquid Japan,$9.00,https://www.igashop.com.au/product/fab-essential-oils-laundry-detergent-liquid-japan-826765
20000004816,Fab Essential Oils Laundry Detergent Liquid Orchid,$9.00,https://www.igashop.com.au/product/fab-essential-oils-laundry-detergent-liquid-orchid-20000004816
827680,Fab Essential Oils Laundry Detergent Powder Japan,$8.00,https://www.igashop.com.au/product/fab-essential-oils-laundry-detergent-powder-japan-827680
826773,Fab Fresh Blossoms Laundry Detergent Liquid,$9.00,https://www.igashop.com.au/product/fab-fresh-blossoms-laundry-detergent-liquid-826773
425360,Fab Fresh Blossoms Laundry Detergent Powder,$6.50,https://www.igashop.com.au/product/fab-fresh-blossoms-laundry-detergent-powder-425360
425433,Fab Fresh Blossoms Laundry Detergent Powder,$9.00,https://www.igashop.com.au/product/fab-fresh-blossoms-laundry-detergent-powder-425433
368746,Fab Fresh Frangipani Laundry Detergent Liquid,$6.50,https://www.igashop.com.au/product/fab-fresh-frangipani-laundry-detergent-liquid-368746
838432,Fab Fresh Frangipani Laundry Detergent Liquid,$9.00,https://www.igashop.com.au/product/fab-fresh-frangipani-laundry-detergent-liquid-838432
425386,Fab Fresh Frangipani Laundry Detergent Powder,$6.50,https://www.igashop.com.au/product/fab-fresh-frangipani-laundry-detergent-powder-425386
425441,Fab Fresh Frangipani Laundry Detergent Powder,$9.00,https://www.igashop.com.au/product/fab-fresh-frangipani-laundry-detergent-powder-425441
20000006399,Fab Laundry Powder Essential Oil In Fresh,$9.00,https://www.igashop.com.au/product/fab-laundry-powder-essential-oil-in-fresh-20000006399
806621,Fab Perfume Indulgence Laundry Detergent Liquid Gold,$9.00,https://www.igashop.com.au/product/fab-perfume-indulgence-laundry-detergent-liquid-gold-806621
806639,Fab Perfume Indulgence Laundry Detergent Liquid Sublime Velvet,$6.50,https://www.igashop.com.au/product/fab-perfume-indulgence-laundry-detergent-liquid-sublime-velvet-806639
425860,Fab Perfume Indulgence Laundry Detergent Powder Gold,$9.00,https://www.igashop.com.au/product/fab-perfume-indulgence-laundry-detergent-powder-gold-425860
425467,Fab Perfume Indulgence Laundry Detergent Powder Sublime Velvet,$9.00,https://www.igashop.com.au/product/fab-perfume-indulgence-laundry-detergent-powder-sublime-velvet-425467
69729,Fabulon Ironing Aid Linen Breeze Trigger Spray,$10.50,https://www.igashop.com.au/product/fabulon-ironing-aid-linen-breeze-trigger-spray-69729
375060,Febreze With Ambi Pur Fabric Spray Extra Strength,$6.50,https://www.igashop.com.au/product/febreze-with-ambi-pur-fabric-spray-extra-strength-375060
87002,Fluffy Divine Blends Concentrated Fabric Softener Conditioner Warm Vanilla Creamy Coconut,$9.00,https://www.igashop.com.au/product/fluffy-divine-blends-concentrated-fabric-softener-conditioner-warm-vanilla-creamy-coconut-87002
393597,Fluffy Divine Blends Ultra Fabric Softener Lotus Sea Minerals,$9.00,https://www.igashop.com.au/product/fluffy-divine-blends-ultra-fabric-softener-lotus-sea-minerals-393597
351451,Fluffy Fabric Softener Conditioner Sachet Summer Breeze,$3.00,https://www.igashop.com.au/product/fluffy-fabric-softener-conditioner-sachet-summer-breeze-351451
833908,Fluffy Fabric Softener Divine Blends Vanilla Coconut,$12.00,https://www.igashop.com.au/product/fluffy-fabric-softener-divine-blends-vanilla-coconut-833908
360890,Fluffy Fabric Softener Jasmine,$6.50,https://www.igashop.com.au/product/fluffy-fabric-softener-jasmine-360890
97502,Fluffy Fabric Softener Summer Breeze Long Lasting Fragrance,$6.50,https://www.igashop.com.au/product/fluffy-fabric-softener-summer-breeze-long-lasting-fragrance-97502
68579,Fluffy Fabric Softener White Lavender,$6.50,https://www.igashop.com.au/product/fluffy-fabric-softener-white-lavender-68579
608696,Fluffy Fragrance Temptations Fabric Softener Spice Allure,$12.00,https://www.igashop.com.au/product/fluffy-fragrance-temptations-fabric-softener-spice-allure-608696
666322,Fluffy Fragrance Temptations Ultra Fabric Softener Aqua Desire,$9.00,https://www.igashop.com.au/product/fluffy-fragrance-temptations-ultra-fabric-softener-aqua-desire-666322
68320,Fluffy Fragrance Temptations Ultra Fabric Softener Spice Allure,$9.00,https://www.igashop.com.au/product/fluffy-fragrance-temptations-ultra-fabric-softener-spice-allure-68320
160000011227,Fluffy Freshen Up Clothes Refresher Liquid Spray Fabric Softener,$6.00,https://www.igashop.com.au/product/fluffy-freshen-up-clothes-refresher-liquid-spray-fabric-softener-160000011227
607917,Fluffy Pure Scents Fabric Softener Creamy Coconut,$9.00,https://www.igashop.com.au/product/fluffy-pure-scents-fabric-softener-creamy-coconut-607917
32028,Fluffy Summer Breeze Concentrate Fabric Softener Conditioner,$9.00,https://www.igashop.com.au/product/fluffy-summer-breeze-concentrate-fabric-softener-conditioner-32028
3197,Fluffy Tumble Dryer Sheets Field Flowers Long Lasting Fragrance,$7.50,https://www.igashop.com.au/product/fluffy-tumble-dryer-sheets-field-flowers-long-lasting-fragrance-3197
68265,Fluffy Ultra Spice Allure Fabric Softener,$4.50,https://www.igashop.com.au/product/fluffy-ultra-spice-allure-fabric-softener-68265
721779,Fresh Press Laundry Bag,$3.00,https://www.igashop.com.au/product/fresh-press-laundry-bag-721779
268763,Home Store Hangers Coat,$3.00,https://www.igashop.com.au/product/home-store-hangers-coat-268763
160000013229,Kindness Wool Wash Laundry Liquid Front Top Loader,$10.00,https://www.igashop.com.au/product/kindness-wool-wash-laundry-liquid-front-top-loader-160000013229
17853,Lectric Inwash Soaker Washing Soda,$5.00,https://www.igashop.com.au/product/lectric-inwash-soaker-washing-soda-17853
624744,Omo Active Clean Laundry Detergent Washing Powder,$28.00,https://www.igashop.com.au/product/omo-active-clean-laundry-detergent-washing-powder-624744
624794,Omo Active Clean Laundry Liquid Detergent Front Top Loader,$28.00,https://www.igashop.com.au/product/omo-active-clean-laundry-liquid-detergent-front-top-loader-624794
625164,Omo Active Clean Laundry Washing Powder Front Top Loader,$15.50,https://www.igashop.com.au/product/omo-active-clean-laundry-washing-powder-front-top-loader-625164
160000000780,Omo Laundry Capsules 3 In 1 Active,$16.00,https://www.igashop.com.au/product/omo-laundry-capsules-3-in-1-active-160000000780
624817,Omo Laundry Liquid Detergent Front Top Loader,$45.00,https://www.igashop.com.au/product/omo-laundry-liquid-detergent-front-top-loader-624817
625287,Omo Laundry Liquid Detergent Front Top Loader,$15.50,https://www.igashop.com.au/product/omo-laundry-liquid-detergent-front-top-loader-625287
624809,Omo Sensitive Laundry Detergent Liquid Front Top Loader,$28.00,https://www.igashop.com.au/product/omo-sensitive-laundry-detergent-liquid-front-top-loader-624809
624736,Omo Sensitive Laundry Detergent Powder Front Top Loader,$28.00,https://www.igashop.com.au/product/omo-sensitive-laundry-detergent-powder-front-top-loader-624736
625203,Omo Sensitive Laundry Detergent Washing Powder Front Top Loader,$15.50,https://www.igashop.com.au/product/omo-sensitive-laundry-detergent-washing-powder-front-top-loader-625203
624786,Omo Sensitive Laundry Liquid Detergent Front Top Loader,$45.00,https://www.igashop.com.au/product/omo-sensitive-laundry-liquid-detergent-front-top-loader-624786
625295,Omo Sensitive Laundry Liquid Detergent Front Top Loader,$15.50,https://www.igashop.com.au/product/omo-sensitive-laundry-liquid-detergent-front-top-loader-625295
829975,Omo Touch Of Comfort Laundry Liquid,$28.00,https://www.igashop.com.au/product/omo-touch-of-comfort-laundry-liquid-829975
991735,Pine O Cleen Washing Machine Cleaner Fresh,$8.00,https://www.igashop.com.au/product/pine-o-cleen-washing-machine-cleaner-fresh-991735
150000000077,Pine O Cleen Washing Machine Cleaner Lemon Lime,$8.00,https://www.igashop.com.au/product/pine-o-cleen-washing-machine-cleaner-lemon-lime-150000000077
259463,Pinnacle Peg Basket,$2.50,https://www.igashop.com.au/product/pinnacle-peg-basket-259463
360167,Prinetti Iron Sream 2000W,$18.00,https://www.igashop.com.au/product/prinetti-iron-sream-2000w-360167
822224,Purity Sensitive Fabric Softener,$6.50,https://www.igashop.com.au/product/purity-sensitive-fabric-softener-822224
827449,Purity Sensitive Laundry Liquid,$7.00,https://www.igashop.com.au/product/purity-sensitive-laundry-liquid-827449
742110,Reva Pegs,$5.75,https://www.igashop.com.au/product/reva-pegs-742110
978884,Sard Colour Catcher Sheets Prevent Colour Runs In The Wash,$6.00,https://www.igashop.com.au/product/sard-colour-catcher-sheets-prevent-colour-runs-in-the-wash-978884
933842,Sard Colour Run Remover For Colours,$7.00,https://www.igashop.com.au/product/sard-colour-run-remover-for-colours-933842
995564,Sard Laundry Liquid Sanitiser Antibacterial Disinfectant,$11.00,https://www.igashop.com.au/product/sard-laundry-liquid-sanitiser-antibacterial-disinfectant-995564
69915,Sard Oils Grime Stain Remover Powder Soaker,$11.00,https://www.igashop.com.au/product/sard-oils-grime-stain-remover-powder-soaker-69915
935145,Sard Power Stain Remover Fizz,$10.00,https://www.igashop.com.au/product/sard-power-stain-remover-fizz-935145
34266,Sard Power Stain Remover Powder Soaker,$18.00,https://www.igashop.com.au/product/sard-power-stain-remover-powder-soaker-34266
677967,Sard Power Stain Remover Powder Soaker,$14.40,https://www.igashop.com.au/product/sard-power-stain-remover-powder-soaker-677967
97251,Sard Power Stain Remover Powder Soaker,$11.00,https://www.igashop.com.au/product/sard-power-stain-remover-powder-soaker-97251
301375,Sard Power Stain Remover Spray,$4.00,https://www.igashop.com.au/product/sard-power-stain-remover-spray-301375
464131,Sard Stain Remover Stick,$6.00,https://www.igashop.com.au/product/sard-stain-remover-stick-464131
677925,Sard Super Power Stain Remover Powder Soaker,$14.40,https://www.igashop.com.au/product/sard-super-power-stain-remover-powder-soaker-677925
934835,Sard Super Power Stain Remover Powder Soaker,$11.00,https://www.igashop.com.au/product/sard-super-power-stain-remover-powder-soaker-934835
934034,Sard Washing Machine Cleaner Antibacterial Disinfectant,$10.00,https://www.igashop.com.au/product/sard-washing-machine-cleaner-antibacterial-disinfectant-934034
393783,Sard Whitening Stain Remover Powder Soaker,$11.00,https://www.igashop.com.au/product/sard-whitening-stain-remover-powder-soaker-393783
678117,Sard Whitening Stain Remover Powder Soaker,$14.40,https://www.igashop.com.au/product/sard-whitening-stain-remover-powder-soaker-678117
62141,Sard Wonder Soap Stain Remover,$4.00,https://www.igashop.com.au/product/sard-wonder-soap-stain-remover-62141
325078,Softly Delicates Fabric Solution Gently Fragrant,$7.95,https://www.igashop.com.au/product/softly-delicates-fabric-solution-gently-fragrant-325078
759646,Softly Laundry Powder Pure Soap Flakes,$8.00,https://www.igashop.com.au/product/softly-laundry-powder-pure-soap-flakes-759646
68511,Sunlight Laundry Soap,$4.80,https://www.igashop.com.au/product/sunlight-laundry-soap-68511
991154,Surf Laundry Capsules Aqua Fresh,$13.00,https://www.igashop.com.au/product/surf-laundry-capsules-aqua-fresh-991154
991162,Surf Laundry Capsules Tropical,$13.00,https://www.igashop.com.au/product/surf-laundry-capsules-tropical-991162
160000004739,Surf Laundry Liquid Tropical,$6.00,https://www.igashop.com.au/product/surf-laundry-liquid-tropical-160000004739
302546,Surf Laundry Liquid Tropical Lily,$10.00,https://www.igashop.com.au/product/surf-laundry-liquid-tropical-lily-302546
840031,Surf Laundry Powder Front Top Sunshine,$18.00,https://www.igashop.com.au/product/surf-laundry-powder-front-top-sunshine-840031
160000004726,Surf Laundry Powder Lavender,$18.00,https://www.igashop.com.au/product/surf-laundry-powder-lavender-160000004726
160000004732,Surf Laundry Powder Lavender,$7.50,https://www.igashop.com.au/product/surf-laundry-powder-lavender-160000004732
160000004759,Surf Laundry Powder Tropical,$7.50,https://www.igashop.com.au/product/surf-laundry-powder-tropical-160000004759
627629,Vanish Gold Oxi Action Intelligence Gel,$25.00,https://www.igashop.com.au/product/vanish-gold-oxi-action-intelligence-gel-627629
932294,Vanish Gold Pro Stain Remover Spray,$9.50,https://www.igashop.com.au/product/vanish-gold-pro-stain-remover-spray-932294
932278,Vanish Gold Pro White Stain Remover Spray,$9.50,https://www.igashop.com.au/product/vanish-gold-pro-white-stain-remover-spray-932278
812627,Vanish Napisan Gold Pro Laundry Oxi Action,$9.00,https://www.igashop.com.au/product/vanish-napisan-gold-pro-laundry-oxi-action-812627
112190,Vanish Napisan Gold Pro Oxi Action Stain Remover Powder Crystal White,$22.00,https://www.igashop.com.au/product/vanish-napisan-gold-pro-oxi-action-stain-remover-powder-crystal-white-112190
991947,Vanish Napisan Oxi Action Gold Pro Fabric Stain Remover Whitener Crystal White,$30.00,https://www.igashop.com.au/product/vanish-napisan-oxi-action-gold-pro-fabric-stain-remover-whitener-crystal-white-991947
627483,Vanish Napisan Oxi Action Gold Pro Gel Fabric Stain Remover,$12.00,https://www.igashop.com.au/product/vanish-napisan-oxi-action-gold-pro-gel-fabric-stain-remover-627483
67992,Vanish Napisan Oxi Action Powder Fabric Stain Remover Whitener Crystal White,$11.50,https://www.igashop.com.au/product/vanish-napisan-oxi-action-powder-fabric-stain-remover-whitener-crystal-white-67992
612116,Vanish Napisan Oxi Action Stain Remover Powder,$16.50,https://www.igashop.com.au/product/vanish-napisan-oxi-action-stain-remover-powder-612116
938782,Vanish Napisan Oxi Action Stain Remover Powder,$11.50,https://www.igashop.com.au/product/vanish-napisan-oxi-action-stain-remover-powder-938782
68008,Vanish Napisan White Stain Remover Powder,$16.50,https://www.igashop.com.au/product/vanish-napisan-white-stain-remover-powder-68008
160000014014,Vanish Preen Gold Carpet Cleaner 3 In 1,$11.50,https://www.igashop.com.au/product/vanish-preen-gold-carpet-cleaner-3-in-1-160000014014
927760,Vanish Preen Gold Oxiaction Spray Refill,$6.00,https://www.igashop.com.au/product/vanish-preen-gold-oxiaction-spray-refill-927760
313547,Vanish Preen Odour Neutralising Trigger,$6.50,https://www.igashop.com.au/product/vanish-preen-odour-neutralising-trigger-313547
13736,Vanish Preen Oxi Action Fabric Stain Remover Trigger Refill,$6.50,https://www.igashop.com.au/product/vanish-preen-oxi-action-fabric-stain-remover-trigger-refill-13736
28896,Vanish Preen Oxi Action Fabric Stain Remover Trigger Spray,$7.00,https://www.igashop.com.au/product/vanish-preen-oxi-action-fabric-stain-remover-trigger-spray-28896
90225,White King Fabric Stain Remover Regular,$6.80,https://www.igashop.com.au/product/white-king-fabric-stain-remover-regular-90225
905593,White King Stain Lift Spray,$3.60,https://www.igashop.com.au/product/white-king-stain-lift-spray-905593
