89121,Tip Top Bakery English Muffins Wholemeal 6 Pack,$3.00,https://www.woolworths.com.au/shop/productdetails/89121/tip-top-bakery-english-muffins-wholemeal
87723,Golden Crumpet Toast 700g,$5.00,https://www.woolworths.com.au/shop/productdetails/87723/golden-crumpet-toast
232833,Burgen Soy & Linseed Low Gi Sliced Bread Loaf 700g,$5.90,https://www.woolworths.com.au/shop/productdetails/232833/burgen-soy-linseed-low-gi-sliced-bread-loaf
3805,Tip Top Bakery Raisin Fruit Bread Loaf Toast 520g,$4.50,https://www.woolworths.com.au/shop/productdetails/3805/tip-top-bakery-raisin-fruit-bread-loaf-toast
581176,Woolworths Wholemeal Soft Sandwich Bread 650g,$2.70,https://www.woolworths.com.au/shop/productdetails/581176/woolworths-wholemeal-soft-sandwich-bread
224737,Woolworths English Muffins 6 Pack,$2.90,https://www.woolworths.com.au/shop/productdetails/224737/woolworths-english-muffins
634918,Woolworths White Wrap 8 Pack,$2.40,https://www.woolworths.com.au/shop/productdetails/634918/woolworths-white-wrap
581172,Woolworths White Soft Sandwich Bread 650g,$2.70,https://www.woolworths.com.au/shop/productdetails/581172/woolworths-white-soft-sandwich-bread
263669,Wonder White Bread Vitamins & Minerals Sandwich 700g,$4.40,https://www.woolworths.com.au/shop/productdetails/263669/wonder-white-bread-vitamins-minerals-sandwich
320194,Mission Wraps Original 8 Pack,$5.50,https://www.woolworths.com.au/shop/productdetails/320194/mission-wraps-original
49622,Golden Crumpets Round 6 Pack,$4.40,https://www.woolworths.com.au/shop/productdetails/49622/golden-crumpets-round
634919,Woolworths Wholegrain Wrap 8pk 360g,$2.40,https://www.woolworths.com.au/shop/productdetails/634919/woolworths-wholegrain-wrap-8pk
713816,Tip Top Bakery The One White Sandwich Slice Bread Loaf 700g,$4.40,https://www.woolworths.com.au/shop/productdetails/713816/tip-top-bakery-the-one-white-sandwich-slice-bread-loaf
581281,Woolworths Wholemeal Sandwich Hi-fibre Bread 700g,$3.50,https://www.woolworths.com.au/shop/productdetails/581281/woolworths-wholemeal-sandwich-hi-fibre-bread
253937,Wonder White Wholemeal With Iron Sandwich Slice 700g,$4.40,https://www.woolworths.com.au/shop/productdetails/253937/wonder-white-wholemeal-with-iron-sandwich-slice
46795,Tip Top Bakery English Muffins Original 6 Pack,$3.00,https://www.woolworths.com.au/shop/productdetails/46795/tip-top-bakery-english-muffins-original
713834,Tip Top Bakery The One White Toast Slice Bread Loaf 700g,$4.40,https://www.woolworths.com.au/shop/productdetails/713834/tip-top-bakery-the-one-white-toast-slice-bread-loaf
85969,Woolworths Stonebaked Turkish Rolls 4 Pack,$2.60,https://www.woolworths.com.au/shop/productdetails/85969/woolworths-stonebaked-turkish-rolls
84129,Helga's Bread Traditional Wholemeal 750g,$4.90,https://www.woolworths.com.au/shop/productdetails/84129/helga-s-bread-traditional-wholemeal
236288,Mighty Soft Raisin Toast 600g,$7.00,https://www.woolworths.com.au/shop/productdetails/236288/mighty-soft-raisin-toast
277728,Woolworths White Sandwich Bread Loaf 650g,$2.40,https://www.woolworths.com.au/shop/productdetails/277728/woolworths-white-sandwich-bread-loaf
33593,Woolworths All Butter Croissants 4 Pack,$2.50,https://www.woolworths.com.au/shop/productdetails/33593/woolworths-all-butter-croissants
13044,Mighty Soft Bread Rolls Hamburger Buns 6 Pack,$3.70,https://www.woolworths.com.au/shop/productdetails/13044/mighty-soft-bread-rolls-hamburger-buns
7413,Golden Crumpet Squares 6 Pack,$3.00,https://www.woolworths.com.au/shop/productdetails/7413/golden-crumpet-squares
263667,Wonder White Bread Vitamins & Minerals Toast 700g,$4.40,https://www.woolworths.com.au/shop/productdetails/263667/wonder-white-bread-vitamins-minerals-toast
26162,Mighty Soft Bread Rolls Hot Dog 6 Pack,$3.70,https://www.woolworths.com.au/shop/productdetails/26162/mighty-soft-bread-rolls-hot-dog
84128,Helga's Bread Traditional White 750g,$4.90,https://www.woolworths.com.au/shop/productdetails/84128/helga-s-bread-traditional-white
89121,Tip Top Bakery English Muffins Wholemeal 6 Pack,$3.00,https://www.woolworths.com.au/shop/productdetails/89121/tip-top-bakery-english-muffins-wholemeal
87723,Golden Crumpet Toast 700g,$5.00,https://www.woolworths.com.au/shop/productdetails/87723/golden-crumpet-toast
232833,Burgen Soy & Linseed Low Gi Sliced Bread Loaf 700g,$5.90,https://www.woolworths.com.au/shop/productdetails/232833/burgen-soy-linseed-low-gi-sliced-bread-loaf
3805,Tip Top Bakery Raisin Fruit Bread Loaf Toast 520g,$4.50,https://www.woolworths.com.au/shop/productdetails/3805/tip-top-bakery-raisin-fruit-bread-loaf-toast
365378,Woolworths Pikelets 8 Pack,$2.50,https://www.woolworths.com.au/shop/productdetails/365378/woolworths-pikelets
224739,Woolworths Crumpets 6 Pack,$2.00,https://www.woolworths.com.au/shop/productdetails/224739/woolworths-crumpets
581178,Woolworths Multigrain Soft Sandwich Bread 650g,$2.70,https://www.woolworths.com.au/shop/productdetails/581178/woolworths-multigrain-soft-sandwich-bread
31560,Golden Crumpets Round Wholemeal 6 Pack,$4.40,https://www.woolworths.com.au/shop/productdetails/31560/golden-crumpets-round-wholemeal
95872,Helga's Grain Bread Mixed Grain 850g,$4.90,https://www.woolworths.com.au/shop/productdetails/95872/helga-s-grain-bread-mixed-grain
182138,Helga's Traditional White Wraps 8 Pack,$3.50,https://www.woolworths.com.au/shop/productdetails/182138/helga-s-traditional-white-wraps
581174,Woolworths White Soft Toast Bread 650g,$2.70,https://www.woolworths.com.au/shop/productdetails/581174/woolworths-white-soft-toast-bread
384286,Mission Wraps Wholegrain 8 Pack 567g,$5.50,https://www.woolworths.com.au/shop/productdetails/384286/mission-wraps-wholegrain
749588,Tip Top Bakery The One Wholemeal Sandwich Slice Bread Loaf 700g,$4.40,https://www.woolworths.com.au/shop/productdetails/749588/tip-top-bakery-the-one-wholemeal-sandwich-slice-bread-loaf
581280,Woolworths White Soft Hi-fibre Bread 700g,$3.50,https://www.woolworths.com.au/shop/productdetails/581280/woolworths-white-soft-hi-fibre-bread
581282,Woolworths Multigrain Sandwich Hi-fibre Bread 700g,$3.50,https://www.woolworths.com.au/shop/productdetails/581282/woolworths-multigrain-sandwich-hi-fibre-bread
573301,Menissez Bake At Home White Dinner Rolls 6 Pack,$2.90,https://www.woolworths.com.au/shop/productdetails/573301/menissez-bake-at-home-white-dinner-rolls
320197,Mission Wraps Spinach & Herb 8 Pack,$5.50,https://www.woolworths.com.au/shop/productdetails/320197/mission-wraps-spinach-herb
328822,Woolworths Banana Bread Slices 5 Pack,$6.50,https://www.woolworths.com.au/shop/productdetails/328822/woolworths-banana-bread-slices
645865,Bakery Du Jour Brioche Burger Buns 4 Pack,$3.30,https://www.woolworths.com.au/shop/productdetails/645865/bakery-du-jour-brioche-burger-buns
97237,Woolworths All Butter Croissant 3 Pack,$2.50,https://www.woolworths.com.au/shop/productdetails/97237/woolworths-all-butter-croissant
89471,Woolworths Thin Crust Pizza Base 2 Pack,$3.00,https://www.woolworths.com.au/shop/productdetails/89471/woolworths-thin-crust-pizza-base
320195,Mission Wraps Mini Original 8 Pack,$5.50,https://www.woolworths.com.au/shop/productdetails/320195/mission-wraps-mini-original
75238,Helga's Bread Light Rye 680g,$4.90,https://www.woolworths.com.au/shop/productdetails/75238/helga-s-bread-light-rye
85968,Woolworths Stonebaked Turkish Pide Loaf 400g,$2.60,https://www.woolworths.com.au/shop/productdetails/85968/woolworths-stonebaked-turkish-pide-loaf
131380,Woolworths Lamington Fingers 18 Pack,$3.50,https://www.woolworths.com.au/shop/productdetails/131380/woolworths-lamington-fingers
165306,Tip Top Bakery The One Gluten Free White Sandwich Slice Bread Loaf 550g,$7.00,https://www.woolworths.com.au/shop/productdetails/165306/tip-top-bakery-the-one-gluten-free-white-sandwich-slice-bread-loaf
867246,Toscano Classic Pizza Bases 2 Pack,$5.80,https://www.woolworths.com.au/shop/productdetails/867246/toscano-classic-pizza-bases
89121,Tip Top Bakery English Muffins Wholemeal 6 Pack,$3.00,https://www.woolworths.com.au/shop/productdetails/89121/tip-top-bakery-english-muffins-wholemeal
232833,Burgen Soy & Linseed Low Gi Sliced Bread Loaf 700g,$5.90,https://www.woolworths.com.au/shop/productdetails/232833/burgen-soy-linseed-low-gi-sliced-bread-loaf
87723,Golden Crumpet Toast 700g,$5.00,https://www.woolworths.com.au/shop/productdetails/87723/golden-crumpet-toast
3805,Tip Top Bakery Raisin Fruit Bread Loaf Toast 520g,$4.50,https://www.woolworths.com.au/shop/productdetails/3805/tip-top-bakery-raisin-fruit-bread-loaf-toast
803943,Brioche Gourmet Burger Buns 4 Pack,$5.40,https://www.woolworths.com.au/shop/productdetails/803943/brioche-gourmet-burger-buns
182005,Helga's Wraps Mixed Grain 8 Pack,$3.50,https://www.woolworths.com.au/shop/productdetails/182005/helga-s-wraps-mixed-grain
197276,Tip Top Bakery 9 Grain Classic Sandwich Bread 700g,$4.40,https://www.woolworths.com.au/shop/productdetails/197276/tip-top-bakery-9-grain-classic-sandwich-bread
603317,Tip Top Bakery Sandwich Thins Wholemeal Bread 6 Pack,$3.00,https://www.woolworths.com.au/shop/productdetails/603317/tip-top-bakery-sandwich-thins-wholemeal-bread-bread-low-calories-carbs
283413,Woolworths Fruit Toast 560g,$3.30,https://www.woolworths.com.au/shop/productdetails/283413/woolworths-fruit-toast
182092,Helga's Traditional Wholemeal Wraps 8 Pack,$3.50,https://www.woolworths.com.au/shop/productdetails/182092/helga-s-traditional-wholemeal-wraps
331602,Abbott's Bakery Light Rye Sandwich Slice Bread Loaf 680g,$4.90,https://www.woolworths.com.au/shop/productdetails/331602/abbott-s-bakery-light-rye-sandwich-slice-bread-loaf
331591,Abbott's Bakery Farmhouse Wholemeal Sandwich Slice Bread Loaf 750g,$4.90,https://www.woolworths.com.au/shop/productdetails/331591/abbott-s-bakery-farmhouse-wholemeal-sandwich-slice-bread-loaf
852257,Woolworths Rustic White Sourdough Loaf 500g,$6.00,https://www.woolworths.com.au/shop/productdetails/852257/woolworths-rustic-white-sourdough-loaf
690672,Abbott's Bakery Rustic White Sandwich Slice Bread Loaf 700g,$4.90,https://www.woolworths.com.au/shop/productdetails/690672/abbott-s-bakery-rustic-white-sandwich-slice-bread-loaf
785629,Toscano Waffles 4 Pack,$6.50,https://www.woolworths.com.au/shop/productdetails/785629/toscano-waffles
177677,Mission Souvlaki Bread 320g,$4.50,https://www.woolworths.com.au/shop/productdetails/177677/mission-souvlaki-bread
46645,Golden Pikelets 8 Pack,$4.50,https://www.woolworths.com.au/shop/productdetails/46645/golden-pikelets
690125,Abbott's Bakery Country Grains Sandwich Slice Bread Loaf 800g,$4.90,https://www.woolworths.com.au/shop/productdetails/690125/abbott-s-bakery-country-grains-sandwich-slice-bread-loaf
957684,Mighty Soft Fruit Loaf Cafe Style 600g,$3.75,https://www.woolworths.com.au/shop/productdetails/957684/mighty-soft-fruit-loaf-cafe-style
165220,Tip Top Bakery Hot Dog Rolls 6 Pack,$4.00,https://www.woolworths.com.au/shop/productdetails/165220/tip-top-bakery-hot-dog-rolls
165219,Tip Top Bakery White Bread Rolls Hamburger Buns 6 Pack,$4.00,https://www.woolworths.com.au/shop/productdetails/165219/tip-top-bakery-white-bread-rolls-hamburger-buns
774123,Mission Pita Bread Pockets Plain 420g,$2.20,https://www.woolworths.com.au/shop/productdetails/774123/mission-pita-bread-pockets-plain
277578,Woolworths Free From Gluten White Bread Loaf 440g,$6.25,https://www.woolworths.com.au/shop/productdetails/277578/woolworths-free-from-gluten-white-bread-loaf
370814,Helga's Pumpkin Seed & Grain 720g,$4.90,https://www.woolworths.com.au/shop/productdetails/370814/helga-s-pumpkin-seed-grain
19899,Tip Top Bakery Sunblest Soft White Sandwich Slice Bread Loaf 650g,$4.00,https://www.woolworths.com.au/shop/productdetails/19899/tip-top-bakery-sunblest-soft-white-sandwich-slice-bread-loaf
258204,Tip Top Bakery Caf√© Raisin Bread Thick 650g,$5.00,https://www.woolworths.com.au/shop/productdetails/258204/tip-top-bakery-caf-raisin-bread-thick
243014,Toscano Sourdough Pizza Base 2 Pack,$7.50,https://www.woolworths.com.au/shop/productdetails/243014/toscano-sourdough-pizza-base
89121,Tip Top Bakery English Muffins Wholemeal 6 Pack,$3.00,https://www.woolworths.com.au/shop/productdetails/89121/tip-top-bakery-english-muffins-wholemeal
87723,Golden Crumpet Toast 700g,$5.00,https://www.woolworths.com.au/shop/productdetails/87723/golden-crumpet-toast
232833,Burgen Soy & Linseed Low Gi Sliced Bread Loaf 700g,$5.90,https://www.woolworths.com.au/shop/productdetails/232833/burgen-soy-linseed-low-gi-sliced-bread-loaf
3805,Tip Top Bakery Raisin Fruit Bread Loaf Toast 520g,$4.50,https://www.woolworths.com.au/shop/productdetails/3805/tip-top-bakery-raisin-fruit-bread-loaf-toast
270580,Abe's Bagels Natural Bagels 360g X 4 Pack,$4.00,https://www.woolworths.com.au/shop/productdetails/270580/abe-s-bagels-natural-bagels
182083,Helga's Wraps Spinach & Herb 7 Pack,$3.50,https://www.woolworths.com.au/shop/productdetails/182083/helga-s-wraps-spinach-herb
433887,Woolworths Country Loaf Wholemeal 750g,$3.90,https://www.woolworths.com.au/shop/productdetails/433887/woolworths-country-loaf-wholemeal
688719,Helga's Gluten Free Wholemeal Loaf 500g,$7.50,https://www.woolworths.com.au/shop/productdetails/688719/helga-s-gluten-free-wholemeal-loaf
179435,Simson's Pantry High Protein Low Carb Wraps 5 Pack,$4.70,https://www.woolworths.com.au/shop/productdetails/179435/simson-s-pantry-high-protein-low-carb-wraps
289456,Abbott's Bakery Sourdough White 760g,$5.20,https://www.woolworths.com.au/shop/productdetails/289456/abbott-s-bakery-sourdough-white
218853,Tip Top Bakery Gourmet Burger Buns 4 Pack,$5.50,https://www.woolworths.com.au/shop/productdetails/218853/tip-top-bakery-gourmet-burger-buns
51639,Abbott's Bakery Dark Rye Sandwich Slice Bread Loaf 700g,$4.90,https://www.woolworths.com.au/shop/productdetails/51639/abbott-s-bakery-dark-rye-sandwich-slice-bread-loaf
33140,Golden Pancakes 6 Pack 360g,$4.50,https://www.woolworths.com.au/shop/productdetails/33140/golden-pancakes
222270,Woolworths Plain Bagels 4 Pack,$3.50,https://www.woolworths.com.au/shop/productdetails/222270/woolworths-plain-bagels
180531,Helga's Sourdough Wraps 7 Pack,$3.50,https://www.woolworths.com.au/shop/productdetails/180531/helga-s-sourdough-wraps
774126,Mission Pita Bread Pockets Wholemeal 420g,$2.20,https://www.woolworths.com.au/shop/productdetails/774126/mission-pita-bread-pockets-wholemeal
603316,Tip Top Bakery Sandwich Thins Original Bread 6 Pack,$3.00,https://www.woolworths.com.au/shop/productdetails/603316/tip-top-bakery-sandwich-thins-original-bread-bread-low-calories-carbs
89470,Woolworths High Protein Lower Carb Thin Crust Pizza Base 2 Pack,$5.00,https://www.woolworths.com.au/shop/productdetails/89470/woolworths-high-protein-lower-carb-thin-crust-pizza-base
240473,Simson's Pantry Low Carb High Protein + Fibre Large Wraps 6 Pack,$5.20,https://www.woolworths.com.au/shop/productdetails/240473/simson-s-pantry-low-carb-high-protein-fibre-large-wraps
693170,Toscano Mini Waffle 200g,$4.90,https://www.woolworths.com.au/shop/productdetails/693170/toscano-mini-waffle
658779,Mission Wraps Low Carb 288g 6 Pack,$4.40,https://www.woolworths.com.au/shop/productdetails/658779/mission-wraps-low-carb
218375,Tip Top Bakery The One Gluten Free Smooth Wholegrain Bread 550g,$7.00,https://www.woolworths.com.au/shop/productdetails/218375/tip-top-bakery-the-one-gluten-free-smooth-wholegrain-bread
140171,Woolworths Free From Gluten White Burger Buns 4 Pack,$5.50,https://www.woolworths.com.au/shop/productdetails/140171/woolworths-free-from-gluten-white-burger-buns
270583,Abe's Bagels Sesame Seed Bagels 360g X 4 Pack,$4.00,https://www.woolworths.com.au/shop/productdetails/270583/abe-s-bagels-sesame-seed-bagels
341277,Abbott's Bakery Harvest Seeds & Grains Sandwich Slice Bread Loaf 750g,$4.90,https://www.woolworths.com.au/shop/productdetails/341277/abbott-s-bakery-harvest-seeds-grains-sandwich-slice-bread-loaf
28125,Buttercup Country Split White Bread 450g,$4.00,https://www.woolworths.com.au/shop/productdetails/28125/buttercup-country-split-white-bread
573300,Menissez Bake At Home White Baguettes 2 Pack,$2.40,https://www.woolworths.com.au/shop/productdetails/573300/menissez-bake-at-home-white-baguettes
89121,Tip Top Bakery English Muffins Wholemeal 6 Pack,$3.00,https://www.woolworths.com.au/shop/productdetails/89121/tip-top-bakery-english-muffins-wholemeal
232833,Burgen Soy & Linseed Low Gi Sliced Bread Loaf 700g,$5.90,https://www.woolworths.com.au/shop/productdetails/232833/burgen-soy-linseed-low-gi-sliced-bread-loaf
87723,Golden Crumpet Toast 700g,$5.00,https://www.woolworths.com.au/shop/productdetails/87723/golden-crumpet-toast
3805,Tip Top Bakery Raisin Fruit Bread Loaf Toast 520g,$4.50,https://www.woolworths.com.au/shop/productdetails/3805/tip-top-bakery-raisin-fruit-bread-loaf-toast
476065,Wonder White Smooth Wholegrain 700g,$4.40,https://www.woolworths.com.au/shop/productdetails/476065/wonder-white-smooth-wholegrain
103774,Abbott's Bakery Sourdough Rye Bread Slice Loaf 760g,$5.20,https://www.woolworths.com.au/shop/productdetails/103774/abbott-s-bakery-sourdough-rye-bread-slice-loaf
16436,Mountain Bread Rye Wraps 200g,$4.90,https://www.woolworths.com.au/shop/productdetails/16436/mountain-bread-rye-wraps
263031,Woolworths Chocolate Chip Muffin Bar 10 Pack,$5.25,https://www.woolworths.com.au/shop/productdetails/263031/woolworths-chocolate-chip-muffin-bar
49609,Tip Top Bakery Sunblest Soft White Toast Slice Bread Loaf 650g,$4.00,https://www.woolworths.com.au/shop/productdetails/49609/tip-top-bakery-sunblest-soft-white-toast-slice-bread-loaf
815271,Helga's Gluten Free Mixed Grains 500g,$7.50,https://www.woolworths.com.au/shop/productdetails/815271/helga-s-gluten-free-mixed-grains
453156,Cadbury Mini Rolls Chocolate 5 Pack,$4.00,https://www.woolworths.com.au/shop/productdetails/453156/cadbury-mini-rolls-chocolate
384987,Mission Pizza Bases Round 2 Pack 200g,$4.00,https://www.woolworths.com.au/shop/productdetails/384987/mission-pizza-bases-round
573302,Menissez Bake At Home Multigrain Dinner Rolls 6 Pack,$2.90,https://www.woolworths.com.au/shop/productdetails/573302/menissez-bake-at-home-multigrain-dinner-rolls
61227,Brioche Gourmet Brioche Sliders 10 Pack,$6.50,https://www.woolworths.com.au/shop/productdetails/61227/brioche-gourmet-brioche-sliders
433885,Woolworths Country Loaf White 750g,$3.90,https://www.woolworths.com.au/shop/productdetails/433885/woolworths-country-loaf-white
166393,Helga's Wholemeal Sourdough Loaf 750g,$4.90,https://www.woolworths.com.au/shop/productdetails/166393/helga-s-wholemeal-sourdough-loaf
98602,Meb Foods Middle East Pittes Bread Souvlaki & Pizza 450g,$3.60,https://www.woolworths.com.au/shop/productdetails/98602/meb-foods-middle-east-pittes-bread-souvlaki-pizza
118406,Mountain Bread Natural Light Wraps 8 Pack,$4.90,https://www.woolworths.com.au/shop/productdetails/118406/mountain-bread-natural-light-wraps
846809,Mr Kipling Cake Angel Slices Snack Pack 6 Pack,$6.00,https://www.woolworths.com.au/shop/productdetails/846809/mr-kipling-cake-angel-slices-snack-pack
201815,Abe's Bagels Low Carb 360g,$4.00,https://www.woolworths.com.au/shop/productdetails/201815/abe-s-bagels-low-carb
184268,Helga's 50% Lower Carb 5 Seeds Loaf 700g,$5.50,https://www.woolworths.com.au/shop/productdetails/184268/helga-s-50-lower-carb-5-seeds-loaf
277579,Woolworths Free From Gluten Wholemeal Bread Loaf 450g,$6.25,https://www.woolworths.com.au/shop/productdetails/277579/woolworths-free-from-gluten-wholemeal-bread-loaf
103219,Abbott's Bakery Gluten Free Farmhouse Wholemeal Bread Slice Loaf 500g,$7.80,https://www.woolworths.com.au/shop/productdetails/103219/abbott-s-bakery-gluten-free-farmhouse-wholemeal-bread-slice-loaf
489783,Bfree 5 Wraps Sweet Potato 210g,$8.50,https://www.woolworths.com.au/shop/productdetails/489783/bfree-5-wraps-sweet-potato
49613,Tip Top Bakery Sunblest Soft Wholemeal Sandwich Slice Bread Loaf 650g,$4.00,https://www.woolworths.com.au/shop/productdetails/49613/tip-top-bakery-sunblest-soft-wholemeal-sandwich-slice-bread-loaf
827400,Toscano Gluten Free Pizza Base 180g,$7.00,https://www.woolworths.com.au/shop/productdetails/827400/toscano-gluten-free-pizza-base
232832,Burgen Rye Low Gi Sliced Bread Loaf 700g,$5.90,https://www.woolworths.com.au/shop/productdetails/232832/burgen-rye-low-gi-sliced-bread-loaf
89121,Tip Top Bakery English Muffins Wholemeal 6 Pack,$3.00,https://www.woolworths.com.au/shop/productdetails/89121/tip-top-bakery-english-muffins-wholemeal
232833,Burgen Soy & Linseed Low Gi Sliced Bread Loaf 700g,$5.90,https://www.woolworths.com.au/shop/productdetails/232833/burgen-soy-linseed-low-gi-sliced-bread-loaf
3805,Tip Top Bakery Raisin Fruit Bread Loaf Toast 520g,$4.50,https://www.woolworths.com.au/shop/productdetails/3805/tip-top-bakery-raisin-fruit-bread-loaf-toast
87723,Golden Crumpet Toast 700g,$5.00,https://www.woolworths.com.au/shop/productdetails/87723/golden-crumpet-toast
820588,Woolworths Free From Gluten White Wraps 4 Pack,$6.00,https://www.woolworths.com.au/shop/productdetails/820588/woolworths-free-from-gluten-white-wraps
166423,Helga's Grains & Seeds Sourdough Loaf 750g,$4.90,https://www.woolworths.com.au/shop/productdetails/166423/helga-s-grains-seeds-sourdough-loaf
4378,Toscano Chocolate Croissants 6 Pack,$5.50,https://www.woolworths.com.au/shop/productdetails/4378/toscano-chocolate-croissants
263033,Woolworths Raspberry & White Chocolate Muffin Bar 10 Pack,$5.25,https://www.woolworths.com.au/shop/productdetails/263033/woolworths-raspberry-white-chocolate-muffin-bar
73199,Woolworths Caramel Slices 4 Pack,$4.30,https://www.woolworths.com.au/shop/productdetails/73199/woolworths-caramel-slices
256234,Woolworths Meringue Nests 10 Pack,$5.50,https://www.woolworths.com.au/shop/productdetails/256234/woolworths-meringue-nests
131482,Woolworths Jam Filled Lamingtons 6 Pack,$3.50,https://www.woolworths.com.au/shop/productdetails/131482/woolworths-jam-filled-lamingtons
162880,Hedy's Fresh Quiche Lorraine Chilled Meal 1.1kg,$14.50,https://www.woolworths.com.au/shop/productdetails/162880/hedy-s-fresh-quiche-lorraine-chilled-meal
669044,Hedy's Fresh Quiche Spinach & Feta Chilled Meal 1.1kg,$14.50,https://www.woolworths.com.au/shop/productdetails/669044/hedy-s-fresh-quiche-spinach-feta-chilled-meal
243674,Simson's Pantry Mini Pizza Bases Plain 6 Pack,$4.50,https://www.woolworths.com.au/shop/productdetails/243674/simson-s-pantry-mini-pizza-bases-plain
688779,Woolworths Lightly Fruited Cake 700g,$5.00,https://www.woolworths.com.au/shop/productdetails/688779/woolworths-lightly-fruited-cake
856990,Tip Top Bakery Pizza Bases White 12 Inch 2 Pack,$6.40,https://www.woolworths.com.au/shop/productdetails/856990/tip-top-bakery-pizza-bases-white-12-inch
86567,Woolworths Mini Jam Sponge Rolls 6 Pack,$3.70,https://www.woolworths.com.au/shop/productdetails/86567/woolworths-mini-jam-sponge-rolls
277577,Woolworths Free From Gluten Seeded Bread Loaf 450g,$6.25,https://www.woolworths.com.au/shop/productdetails/277577/woolworths-free-from-gluten-seeded-bread-loaf
684682,Toscano French Croissants 240g X6 Pack,$5.50,https://www.woolworths.com.au/shop/productdetails/684682/toscano-french-croissants
253921,Burgen Wholemeal & Seeds Low Gi Sliced Bread Loaf 700g,$5.90,https://www.woolworths.com.au/shop/productdetails/253921/burgen-wholemeal-seeds-low-gi-sliced-bread-loaf
684683,Toscano Mini Hot Dog Brioche Buns 6 Pack,$6.00,https://www.woolworths.com.au/shop/productdetails/684683/toscano-mini-hot-dog-brioche-buns
103123,Woolworths Free From Gluten Croissants 2 Pack,$5.50,https://www.woolworths.com.au/shop/productdetails/103123/woolworths-free-from-gluten-croissants
221763,Woolworths Sesame Bagels 4 Pack,$3.50,https://www.woolworths.com.au/shop/productdetails/221763/woolworths-sesame-bagels
217401,Tip Top Bakery Potato Burger Buns 4 Pack,$5.50,https://www.woolworths.com.au/shop/productdetails/217401/tip-top-bakery-potato-burger-buns
726067,Toscano Brioche Burger Buns 4 Pack,$6.00,https://www.woolworths.com.au/shop/productdetails/726067/toscano-brioche-burger-buns
435099,Woolworths Country Loaf Wholegrain 850g,$3.90,https://www.woolworths.com.au/shop/productdetails/435099/woolworths-country-loaf-wholegrain
67700,Liberate Gluten Free Crumpets 4 Pack,$7.00,https://www.woolworths.com.au/shop/productdetails/67700/liberate-gluten-free-crumpets
389889,Simson's Pantry Premium White Large Wraps 8 Pack,$3.00,https://www.woolworths.com.au/shop/productdetails/389889/simson-s-pantry-premium-white-large-wraps
89121,Tip Top Bakery English Muffins Wholemeal 6 Pack,$3.00,https://www.woolworths.com.au/shop/productdetails/89121/tip-top-bakery-english-muffins-wholemeal
3805,Tip Top Bakery Raisin Fruit Bread Loaf Toast 520g,$4.50,https://www.woolworths.com.au/shop/productdetails/3805/tip-top-bakery-raisin-fruit-bread-loaf-toast
232833,Burgen Soy & Linseed Low Gi Sliced Bread Loaf 700g,$5.90,https://www.woolworths.com.au/shop/productdetails/232833/burgen-soy-linseed-low-gi-sliced-bread-loaf
87723,Golden Crumpet Toast 700g,$5.00,https://www.woolworths.com.au/shop/productdetails/87723/golden-crumpet-toast
803928,Brioche Gourmet Hot Dog Rolls 6 Pack,$6.50,https://www.woolworths.com.au/shop/productdetails/803928/brioche-gourmet-hot-dog-rolls
535677,Abbott's Bakery Gluten Free Mixed Seeds Sandwich Slice Bread Loaf 500g,$7.80,https://www.woolworths.com.au/shop/productdetails/535677/abbott-s-bakery-gluten-free-mixed-seeds-sandwich-slice-bread-loaf
948485,Home Chef Quiche Lorraine Chilled Meal 700g,$10.50,https://www.woolworths.com.au/shop/productdetails/948485/home-chef-quiche-lorraine-chilled-meal
390660,Glicks Everything Bagels 4 Pack,$4.50,https://www.woolworths.com.au/shop/productdetails/390660/glicks-everything-bagels
260722,Woolworths Double Unfilled Sponge 460g,$6.00,https://www.woolworths.com.au/shop/productdetails/260722/woolworths-double-unfilled-sponge
682573,Abe's Bagels Blueberry Bagels 4 Pack,$4.00,https://www.woolworths.com.au/shop/productdetails/682573/abe-s-bagels-blueberry-bagels
389402,Mission Mini Wholegrain Wraps 8 Pack,$5.50,https://www.woolworths.com.au/shop/productdetails/389402/mission-mini-wholegrain-wraps
240436,Simson's Pantry Low Carb Keto Friendly Wraps 5 Pack,$5.00,https://www.woolworths.com.au/shop/productdetails/240436/simson-s-pantry-low-carb-keto-friendly-wraps
476143,Toscano Waffles Choc Chip 360g,$6.50,https://www.woolworths.com.au/shop/productdetails/476143/toscano-waffles-choc-chip
264174,Woolworths Free From Gluten Turkish Bread Loaf 200g,$5.10,https://www.woolworths.com.au/shop/productdetails/264174/woolworths-free-from-gluten-turkish-bread-loaf
816101,Woolworths Free From Gluten Eng Muffins 4 Pack,$7.00,https://www.woolworths.com.au/shop/productdetails/816101/woolworths-free-from-gluten-eng-muffins
389412,Liberate English Muffin 4 Pack,$7.50,https://www.woolworths.com.au/shop/productdetails/389412/liberate-english-muffin
86566,Woolworths Jam Sponge Roll 400g,$3.70,https://www.woolworths.com.au/shop/productdetails/86566/woolworths-jam-sponge-roll
706337,Abbott's Bakery Gluten Free Rustic White Bread Slice Loaf 500g,$7.80,https://www.woolworths.com.au/shop/productdetails/706337/abbott-s-bakery-gluten-free-rustic-white-bread-slice-loaf
164022,Burgen Lower Carb High Protein Sunflower & Linseed Bread Loaf 660g,$7.00,https://www.woolworths.com.au/shop/productdetails/164022/burgen-lower-carb-high-protein-sunflower-linseed-bread-loaf
63441,Meb Foods Vitastic Pita Bread Wholemeal 250g,$2.60,https://www.woolworths.com.au/shop/productdetails/63441/meb-foods-vitastic-pita-bread-wholemeal
240364,Helga's Wholemeal Lower Carb Wraps 6 Pack,$6.00,https://www.woolworths.com.au/shop/productdetails/240364/helga-s-wholemeal-lower-carb-wraps
809877,Meb Foods Greek Pita 375g,$3.60,https://www.woolworths.com.au/shop/productdetails/809877/meb-foods-greek-pita
63399,Meb Foods Vitastic Pita Pocket White 250g,$2.60,https://www.woolworths.com.au/shop/productdetails/63399/meb-foods-vitastic-pita-pocket-white
263634,Tip Top Bakery 9 Grain Wholemeal Sandwich Bread 750g,$4.40,https://www.woolworths.com.au/shop/productdetails/263634/tip-top-bakery-9-grain-wholemeal-sandwich-bread
263028,Woolworths Traditional Dark Fruit Cake 700g,$6.25,https://www.woolworths.com.au/shop/productdetails/263028/woolworths-traditional-dark-fruit-cake
263020,Woolworths Traditional Light Fruit Cake 700g,$6.25,https://www.woolworths.com.au/shop/productdetails/263020/woolworths-traditional-light-fruit-cake
140173,Woolworths Soft & Glazed Milk Buns 4 Pack,$5.50,https://www.woolworths.com.au/shop/productdetails/140173/woolworths-soft-glazed-milk-buns
255431,Woolworths Choc Marshmallow Slices 4 Pack,$3.00,https://www.woolworths.com.au/shop/productdetails/255431/woolworths-choc-marshmallow-slices
89121,Tip Top Bakery English Muffins Wholemeal 6 Pack,$3.00,https://www.woolworths.com.au/shop/productdetails/89121/tip-top-bakery-english-muffins-wholemeal
3805,Tip Top Bakery Raisin Fruit Bread Loaf Toast 520g,$4.50,https://www.woolworths.com.au/shop/productdetails/3805/tip-top-bakery-raisin-fruit-bread-loaf-toast
232833,Burgen Soy & Linseed Low Gi Sliced Bread Loaf 700g,$5.90,https://www.woolworths.com.au/shop/productdetails/232833/burgen-soy-linseed-low-gi-sliced-bread-loaf
87723,Golden Crumpet Toast 700g,$5.00,https://www.woolworths.com.au/shop/productdetails/87723/golden-crumpet-toast
802845,Lawson's Settlers Grain Traditional Bread 750g,$5.80,https://www.woolworths.com.au/shop/productdetails/802845/lawson-s-settlers-grain-traditional-bread
255549,Woolworths Choc Banana Bread Slice 100g,$2.00,https://www.woolworths.com.au/shop/productdetails/255549/woolworths-choc-banana-bread-slice
200380,Woolworths Free From Gluten Bake At Home White Dinner Rolls 4 Pack,$4.00,https://www.woolworths.com.au/shop/productdetails/200380/woolworths-free-from-gluten-bake-at-home-white-dinner-rolls
763317,Home Chef Quiche Spinach & Feta Chilled Meal 700g,$10.50,https://www.woolworths.com.au/shop/productdetails/763317/home-chef-quiche-spinach-feta-chilled-meal
389096,Simson's Pantry Mini Pizza Base Premium Garlic & Herb 6 Pack,$4.50,https://www.woolworths.com.au/shop/productdetails/389096/simson-s-pantry-mini-pizza-base-premium-garlic-herb
762392,Woolworths Lebanese Bread Wholemeal 400g,$2.20,https://www.woolworths.com.au/shop/productdetails/762392/woolworths-lebanese-bread-wholemeal
803698,Brioche Gourmet Sliced Loaf 500g,$8.80,https://www.woolworths.com.au/shop/productdetails/803698/brioche-gourmet-sliced-loaf
299462,Helga's Protein Wholemeal Bread Loaf 750g,$5.50,https://www.woolworths.com.au/shop/productdetails/299462/helga-s-protein-wholemeal-bread-loaf
802834,Lawson's White Traditional Bread 750g,$5.80,https://www.woolworths.com.au/shop/productdetails/802834/lawson-s-white-traditional-bread
402449,Everyday Bagels Natural Bagels 6 Pack,$5.50,https://www.woolworths.com.au/shop/productdetails/402449/everyday-bagels-natural-bagels
388030,Toscano French Crepes Chocolate Hazelnut 180g,$6.00,https://www.woolworths.com.au/shop/productdetails/388030/toscano-french-crepes-chocolate-hazelnut
283400,Bfree Low Carb High Protein Wraps 5 Pack,$8.50,https://www.woolworths.com.au/shop/productdetails/283400/bfree-low-carb-high-protein-wraps
388838,Brioche Gourmet Plant Based Brioche Burger Buns 4 Pack,$5.40,https://www.woolworths.com.au/shop/productdetails/388838/brioche-gourmet-plant-based-brioche
852258,Woolworths Rustic Rye Sourdough Loaf 500g,$6.00,https://www.woolworths.com.au/shop/productdetails/852258/woolworths-rustic-rye-sourdough-loaf
387749,Abe's Bagels The Supergrain Bagels 360g,$4.00,https://www.woolworths.com.au/shop/productdetails/387749/abe-s-bagels-the-supergrain-bagels
390253,Simson's Pantry Mixed Wholegrain Wraps Wraps 8 Pack,$3.00,https://www.woolworths.com.au/shop/productdetails/390253/simson-s-pantry-mixed-wholegrain-wraps-wraps
294686,Burgen Cholesterol Lowering Whole Grain & Oats Bread Loaf 700g,$6.00,https://www.woolworths.com.au/shop/productdetails/294686/burgen-cholesterol-lowering-whole-grain-oats-bread-loaf
86569,Woolworths Mini Choc Sponge Rolls 6 Pack,$3.70,https://www.woolworths.com.au/shop/productdetails/86569/woolworths-mini-choc-sponge-rolls
298548,Abe's Bagels Brioche Bagels 4 Pack,$4.00,https://www.woolworths.com.au/shop/productdetails/298548/abe-s-bagels-brioche-bagels
164942,Noshu 95% Sugar Free Iced Carrot Cakes 180g,$7.50,https://www.woolworths.com.au/shop/productdetails/164942/noshu-95-sugar-free-iced-carrot-cakes
355416,Old Time Bakery Pizza Bases Gluten Free 2 Pack,$6.50,https://www.woolworths.com.au/shop/productdetails/355416/old-time-bakery-pizza-bases-gluten-free
77136,Buttercup Country Split Wholemeal Bread 450g,$4.00,https://www.woolworths.com.au/shop/productdetails/77136/buttercup-country-split-wholemeal-bread
165218,Tip Top Bakery Damper Rolls 6 Pack,$4.00,https://www.woolworths.com.au/shop/productdetails/165218/tip-top-bakery-damper-rolls
535646,Abbott's Bakery Gluten Free Soy & Linseed Sandwich Slice Bread Loaf 500g,$7.80,https://www.woolworths.com.au/shop/productdetails/535646/abbott-s-bakery-gluten-free-soy-linseed-sandwich-slice-bread-loaf
89121,Tip Top Bakery English Muffins Wholemeal 6 Pack,$3.00,https://www.woolworths.com.au/shop/productdetails/89121/tip-top-bakery-english-muffins-wholemeal
87723,Golden Crumpet Toast 700g,$5.00,https://www.woolworths.com.au/shop/productdetails/87723/golden-crumpet-toast
3805,Tip Top Bakery Raisin Fruit Bread Loaf Toast 520g,$4.50,https://www.woolworths.com.au/shop/productdetails/3805/tip-top-bakery-raisin-fruit-bread-loaf-toast
232833,Burgen Soy & Linseed Low Gi Sliced Bread Loaf 700g,$5.90,https://www.woolworths.com.au/shop/productdetails/232833/burgen-soy-linseed-low-gi-sliced-bread-loaf
494286,Helga's Turkish Roll White 400g,$4.00,https://www.woolworths.com.au/shop/productdetails/494286/helga-s-turkish-roll-white
65817,Meb Foods Middle East Khobz Lebanese Bread White Round 500g,$3.60,https://www.woolworths.com.au/shop/productdetails/65817/meb-foods-middle-east-khobz-lebanese-bread-white-round
679319,Toscano Pizza Bruschettina 270g,$6.00,https://www.woolworths.com.au/shop/productdetails/679319/toscano-pizza-bruschettina
57631,Bfree Pita Pockets 6 Pack,$7.00,https://www.woolworths.com.au/shop/productdetails/57631/bfree-pita-pockets
387009,Green's Strawberries & Cream Lamingtons 4 Pack,$5.00,https://www.woolworths.com.au/shop/productdetails/387009/green-s-strawberries-cream-lamingtons
221345,Helga's Prebiotic Ancient Grains & Seeds 700g,$5.50,https://www.woolworths.com.au/shop/productdetails/221345/helga-s-prebiotic-ancient-grains-seeds
607942,Mr Kipling Lemon Slice 6 Pack,$6.00,https://www.woolworths.com.au/shop/productdetails/607942/mr-kipling-lemon-slice
66366,Old Time Bakery Gluten Free Lebanese Bread 280g,$6.50,https://www.woolworths.com.au/shop/productdetails/66366/old-time-bakery-gluten-free-lebanese-bread
494288,Helga's Turkish Bread White 450g,$4.00,https://www.woolworths.com.au/shop/productdetails/494288/helga-s-turkish-bread-white
164819,Abbott's Bakery Gluten Free Sourdough Grains & Seeds Bread Slice Loaf 500g,$8.30,https://www.woolworths.com.au/shop/productdetails/164819/abbott-s-bakery-gluten-free-sourdough-grains-seeds-bread-slice-loaf
653793,Woolworths Sliced Carrot Sultana & Walnut Loaf 500g,$6.50,https://www.woolworths.com.au/shop/productdetails/653793/woolworths-sliced-carrot-sultana-walnut-loaf
389592,Toscano Toasting Waffles Banana Flavoured 172g,$4.50,https://www.woolworths.com.au/shop/productdetails/389592/toscano-toasting-waffles-banana-flavoured
221503,Helga's Prebiotic Wholemeal & Barley 700g,$5.50,https://www.woolworths.com.au/shop/productdetails/221503/helga-s-prebiotic-wholemeal-barley
275386,Macro Wholefoods Market High Protein Linseed & Sunflower English Muffins 6 Pack,$6.50,https://www.woolworths.com.au/shop/productdetails/275386/macro-wholefoods-market-high-protein-linseed-sunflower-english-muffins
215127,Bakery Du Jour Sliced Brioche Loaf 450g,$4.50,https://www.woolworths.com.au/shop/productdetails/215127/bakery-du-jour-sliced-brioche-loaf
103726,Wonder Sandwich White Mini Loaf 320g,$3.40,https://www.woolworths.com.au/shop/productdetails/103726/wonder-sandwich-white-mini-loaf
390959,Glicks Bagels Poppy Seed & Onion 360g,$4.50,https://www.woolworths.com.au/shop/productdetails/390959/glicks-bagels-poppy-seed-onion
70013,Meb Foods Middle East Lebanese Bread Khobz Wholemeal Round 500g,$3.60,https://www.woolworths.com.au/shop/productdetails/70013/meb-foods-middle-east-lebanese-bread-khobz-wholemeal-round
131381,Woolworths Lamingtons 6 Pack,$3.50,https://www.woolworths.com.au/shop/productdetails/131381/woolworths-lamingtons
285313,Bfree Wholegrain Wraps 5 Pack,$8.50,https://www.woolworths.com.au/shop/productdetails/285313/bfree-wholegrain-wraps
297150,Toscano Brioche English Muffins Classic 5 Pack,$6.00,https://www.woolworths.com.au/shop/productdetails/297150/toscano-brioche-english-muffins-classic
389593,Toscano French Brioche Rolls Chocolate Chip 280g,$6.50,https://www.woolworths.com.au/shop/productdetails/389593/toscano-french-brioche-rolls-chocolate-chip
89468,Woolworths Lower Carb Wholemeal Wrap 5 Pack,$5.50,https://www.woolworths.com.au/shop/productdetails/89468/woolworths-lower-carb-wholemeal-wrap
242149,Noshu 95% Sugar Free Banana Bread Slices 240g,$7.50,https://www.woolworths.com.au/shop/productdetails/242149/noshu-95-sugar-free-banana
89121,Tip Top Bakery English Muffins Wholemeal 6 Pack,$3.00,https://www.woolworths.com.au/shop/productdetails/89121/tip-top-bakery-english-muffins-wholemeal
87723,Golden Crumpet Toast 700g,$5.00,https://www.woolworths.com.au/shop/productdetails/87723/golden-crumpet-toast
3805,Tip Top Bakery Raisin Fruit Bread Loaf Toast 520g,$4.50,https://www.woolworths.com.au/shop/productdetails/3805/tip-top-bakery-raisin-fruit-bread-loaf-toast
232833,Burgen Soy & Linseed Low Gi Sliced Bread Loaf 700g,$5.90,https://www.woolworths.com.au/shop/productdetails/232833/burgen-soy-linseed-low-gi-sliced-bread-loaf
385230,Toscano French Brioche Rolls Classic 8 Pack,$6.50,https://www.woolworths.com.au/shop/productdetails/385230/toscano-french-brioche-rolls-classic
802853,Lawson's Wholemeal Traditional Bread 750g,$5.80,https://www.woolworths.com.au/shop/productdetails/802853/lawson-s-wholemeal-traditional-bread
388031,Helga's Portuguese Peri Peri Wraps 7 Pack,$3.50,https://www.woolworths.com.au/shop/productdetails/388031/helga-s-portuguese-peri-peri-wraps
387327,Bfree 4 Stone Baked Pita Bread 220g,$7.00,https://www.woolworths.com.au/shop/productdetails/387327/bfree-4-stone-baked-pita-bread
247546,Toscano Belgian Liege Waffles Choc Coated 4 Pack,$5.00,https://www.woolworths.com.au/shop/productdetails/247546/toscano-belgian-liege-waffles-choc-coated
109272,Great Temptations Chocolate Brownies 2 Pack,$2.00,https://www.woolworths.com.au/shop/productdetails/109272/great-temptations-chocolate-brownies
389213,Helga's Lower Carb White Wraps 6 Pack,$6.00,https://www.woolworths.com.au/shop/productdetails/389213/helga-s-lower-carb-white-wraps
103122,Woolworths Free From Gluten Seeded Bagels 4 Pack,$5.20,https://www.woolworths.com.au/shop/productdetails/103122/woolworths-free-from-gluten-seeded-bagels
387190,Bfree 5 Avocado Wraps 210g,$8.50,https://www.woolworths.com.au/shop/productdetails/387190/bfree-5-avocado-wraps
289574,Bare Bakers Gluten Free Double Chocolate Muffin Bar 5 Pack,$6.00,https://www.woolworths.com.au/shop/productdetails/289574/bare-bakers-gluten-free-double-chocolate-muffin-bar
105613,Wonder Wholemeal Mini Loaf 320g,$3.40,https://www.woolworths.com.au/shop/productdetails/105613/wonder-wholemeal-mini-loaf
389223,Green's Triple Choc Lamingtons Lamingtons 4 Pack,$5.00,https://www.woolworths.com.au/shop/productdetails/389223/green-s-triple-choc-lamingtons-lamingtons
388377,Liberate Classic Belgian Style Waffles 4 Pack,$9.00,https://www.woolworths.com.au/shop/productdetails/388377/liberate-classic-belgian-style-waffles
387504,Noshu 97% Sugar Free Caramel Mud Cakes 170g,$7.50,https://www.woolworths.com.au/shop/productdetails/387504/noshu-97-sugar-free-caramel
91895,Woolworths Large Pavlova Base Each,$9.20,https://www.woolworths.com.au/shop/productdetails/91895/woolworths-large-pavlova-base
513536,Mr Kipling Cherry Bake Wells 6 Pack,$6.50,https://www.woolworths.com.au/shop/productdetails/513536/mr-kipling-cherry-bake-wells
317576,Edwards Sourdough Light Rye 680g,$8.50,https://www.woolworths.com.au/shop/productdetails/317576/edwards-sourdough-light-rye-sourdough
275270,Macro High Protein Lower Carb Linseed & Sunflower Rolls 4 Pack,$5.00,https://www.woolworths.com.au/shop/productdetails/275270/macro-high-protein-lower-carb-linseed-sunflower-rolls
861012,Noshu 97% Sugar Free Iced Funtella Cakes 180g,$7.50,https://www.woolworths.com.au/shop/productdetails/861012/noshu-97-sugar-free-iced-funtella-cakes
102976,Helga's Traditional White Mini Loaf 360g,$3.90,https://www.woolworths.com.au/shop/productdetails/102976/helga-s-traditional-white-mini-loaf
86433,La Banderita Flour Tortilla 20 Pack,$10.00,https://www.woolworths.com.au/shop/productdetails/86433/la-banderita-flour-tortilla
119865,National Pies Little Beef Pie & Little Sausage Roll 12 Pack,$11.00,https://www.woolworths.com.au/shop/productdetails/119865/national-pies-little-beef-pie-little-sausage-roll
389214,Helga's Mexican Spice Wraps 7 Pack,$3.50,https://www.woolworths.com.au/shop/productdetails/389214/helga-s-mexican-spice-wraps
89121,Tip Top Bakery English Muffins Wholemeal 6 Pack,$3.00,https://www.woolworths.com.au/shop/productdetails/89121/tip-top-bakery-english-muffins-wholemeal
87723,Golden Crumpet Toast 700g,$5.00,https://www.woolworths.com.au/shop/productdetails/87723/golden-crumpet-toast
232833,Burgen Soy & Linseed Low Gi Sliced Bread Loaf 700g,$5.90,https://www.woolworths.com.au/shop/productdetails/232833/burgen-soy-linseed-low-gi-sliced-bread-loaf
3805,Tip Top Bakery Raisin Fruit Bread Loaf Toast 520g,$4.50,https://www.woolworths.com.au/shop/productdetails/3805/tip-top-bakery-raisin-fruit-bread-loaf-toast
387340,Bfree 4 Stone Baked Wholegrain Pita Bread 220g,$7.00,https://www.woolworths.com.au/shop/productdetails/387340/bfree-4-stone-baked-wholegrain-pita-bread
255542,Woolworths Blueberry & Oat Bread Slice 100g,$2.00,https://www.woolworths.com.au/shop/productdetails/255542/woolworths-blueberry-oat-bread-slice
402069,Everyday Bagels Cheesy Bagels 6 Pack,$5.50,https://www.woolworths.com.au/shop/productdetails/402069/everyday-bagels-cheesy-bagels
94441,Woolworths Pastry Flan Case 150g,$3.50,https://www.woolworths.com.au/shop/productdetails/94441/woolworths-pastry-flan-case
317573,Edwards Sourdough Spelt Wholemeal Sourdough 680g,$8.50,https://www.woolworths.com.au/shop/productdetails/317573/edwards-sourdough-spelt-wholemeal-sourdough
184464,Helga's 50% Lower Carb Wholemeal & Seeds 700g,$5.50,https://www.woolworths.com.au/shop/productdetails/184464/helga-s-50-lower-carb-wholemeal-seeds
796187,Turkish Bakeries Stone Baked Pizza Bases 2 Pack,$6.00,https://www.woolworths.com.au/shop/productdetails/796187/turkish-bakeries-stone-baked-pizza-bases
291058,Toscano French Crepes Strawberry Filled 6 Pack,$6.00,https://www.woolworths.com.au/shop/productdetails/291058/toscano-french-crepes-strawberry-filled
245028,Mr Kipling Lemon Bakewell Tarts 6 Pack,$6.50,https://www.woolworths.com.au/shop/productdetails/245028/mr-kipling-lemon-bakewell-tarts
630966,Simmone Logue Quiche Lorraine Chilled Meal 700g,$14.50,https://www.woolworths.com.au/shop/productdetails/630966/simmone-logue-quiche-lorraine-chilled-meal
679317,Alpine Breads Natural Sourdough Spelt & Barley 640g,$6.80,https://www.woolworths.com.au/shop/productdetails/679317/alpine-breads-natural-sourdough-spelt-barley
255544,Woolworths Fruit & Nut Bread Slice 100g,$2.00,https://www.woolworths.com.au/shop/productdetails/255544/woolworths-fruit-nut-bread-slice
317586,Edwards Sourdough 7 Grain Sourdough 680g,$8.50,https://www.woolworths.com.au/shop/productdetails/317586/edwards-sourdough-7-grain-sourdough
243942,Toscano French Style Madeleines Original 220g,$3.80,https://www.woolworths.com.au/shop/productdetails/243942/toscano-french-style-madeleines-original
389384,Mission Soft & Fluffy Butter Flavoured Wraps 12 Pack,$4.50,https://www.woolworths.com.au/shop/productdetails/389384/mission-soft-fluffy-butter-flavoured-wraps
78581,Mr. Cake Lemon Cakes 8 Pack,$6.00,https://www.woolworths.com.au/shop/productdetails/78581/mr-cake-lemon-cakes
317570,Edwards Sourdough Spelt Wholemeal Grain 680g,$8.50,https://www.woolworths.com.au/shop/productdetails/317570/edwards-sourdough-spelt-wholemeal-grain
307574,Simmone Logue Chicken & Leek Pie 700g,$16.50,https://www.woolworths.com.au/shop/productdetails/307574/simmone-logue-chicken-leek-pie
515295,Simmone Logue Leek Spinach Quiche Chilled Meal 700g,$14.50,https://www.woolworths.com.au/shop/productdetails/515295/simmone-logue-leek-spinach-quiche-chilled-meal
57181,Edwards Sourdough Dark Rye 680g,$8.50,https://www.woolworths.com.au/shop/productdetails/57181/edwards-sourdough-dark-rye
307230,Simmone Logue Pie Chunky Beef 700g,$16.50,https://www.woolworths.com.au/shop/productdetails/307230/simmone-logue-pie-chunky-beef-null
242952,Toscano French Style Madeleines Strawberry Jam Filled 238g,$3.80,https://www.woolworths.com.au/shop/productdetails/242952/toscano-french-style-madeleines-strawberry-jam-filled
89121,Tip Top Bakery English Muffins Wholemeal 6 Pack,$3.00,https://www.woolworths.com.au/shop/productdetails/89121/tip-top-bakery-english-muffins-wholemeal
232833,Burgen Soy & Linseed Low Gi Sliced Bread Loaf 700g,$5.90,https://www.woolworths.com.au/shop/productdetails/232833/burgen-soy-linseed-low-gi-sliced-bread-loaf
87723,Golden Crumpet Toast 700g,$5.00,https://www.woolworths.com.au/shop/productdetails/87723/golden-crumpet-toast
3805,Tip Top Bakery Raisin Fruit Bread Loaf Toast 520g,$4.50,https://www.woolworths.com.au/shop/productdetails/3805/tip-top-bakery-raisin-fruit-bread-loaf-toast
318184,Alpine Breads Bread Rolls Crusty Round 6 Pack,$5.80,https://www.woolworths.com.au/shop/productdetails/318184/alpine-breads-bread-rolls-crusty-round
242617,Toscano French Style Madeleines Choc Cream Filled 238g,$3.80,https://www.woolworths.com.au/shop/productdetails/242617/toscano-french-style-madeleines-choc-cream-filled
665731,Turkish Bakeries Stone Baked Pizza Base 3 Pack,$6.00,https://www.woolworths.com.au/shop/productdetails/665731/turkish-bakeries-stone-baked-pizza-base
679315,Alpine Breads Spelt & Sprouted Grains Bread 640g,$6.80,https://www.woolworths.com.au/shop/productdetails/679315/alpine-breads-spelt-sprouted-grains-bread
317584,"Edwards Sourdough Soy Linseed Rye Soy, Linseed & Rye 680g",$8.50,https://www.woolworths.com.au/shop/productdetails/317584/edwards-sourdough-soy-linseed-rye-soy-linseed-rye
108188,Edwards Sourdough Fermented Sprouted Rye 680g,$8.50,https://www.woolworths.com.au/shop/productdetails/108188/edwards-sourdough-fermented-sprouted-rye
108399,Alpine Breads Lower Carb Bread 600g,$7.50,https://www.woolworths.com.au/shop/productdetails/108399/alpine-breads-lower-carb-bread
221033,Alpine Breads Lower Carb Bread Wholemeal 600g,$7.50,https://www.woolworths.com.au/shop/productdetails/221033/alpine-breads-lower-carb-bread-wholemeal
931428,Alpine Breads Super Natural Protein Bread 680g,$6.80,https://www.woolworths.com.au/shop/productdetails/931428/alpine-breads-super-natural-protein-bread
272125,Bakery Du Jour Pain Au Choclat 4 Pack,$4.00,https://www.woolworths.com.au/shop/productdetails/272125/bakery-du-jour-pain-au-choclat
