8956156,Tip Top The One White Sandwich Bread | 700g,$4.40,https://www.coles.com.au/product/tip-top-the-one-white-sandwich-bread-700g-8956156
332394,Tip Top Original English Muffins | 6 pack,$6.00,https://www.coles.com.au/product/tip-top-original-english-muffins-6-pack-332394
5703766,Tip Top Cafe Bread Raisin Toast | 650g,$5.00,https://www.coles.com.au/product/tip-top-cafe-bread-raisin-toast-650g-5703766
8956189,Tip Top The One White Toast Bread | 700g,$4.40,https://www.coles.com.au/product/tip-top-the-one-white-toast-bread-700g-8956189
3738635,Golden Crumpet Toast Bread | 700g,$5.00,https://www.coles.com.au/product/golden-crumpet-toast-bread-700g-3738635
1139480,Tip Top The One Wholemeal Sandwich Br ... 700g,$4.40,https://www.coles.com.au/product/tip-top-the-one-wholemeal-sandwich-bread-700g-1139480
9795915,Tip Top Spicy Fruit English Muffins | 6 pack,$6.00,https://www.coles.com.au/product/tip-top-spicy-fruit-english-muffins-6-pack-9795915
7024470,Tip Top Raisin Toast Bread | 520g,$5.20,https://www.coles.com.au/product/tip-top-raisin-toast-bread-520g-7024470
5111440,Noshu 95% Sugar Free Banana Bread Slices | 240g,$6.00,https://www.coles.com.au/product/noshu-95percent-sugar-free-banana-bread-slices-240g-5111440
4406131,Burgen Lower Carb Sunflower & Linseed Bread | 660g,$7.00,https://www.coles.com.au/product/burgen-lower-carb-sunflower-and-linseed-bread-660g-4406131
4876420,La Fournee Doree Brioche Sliders 10 Pack | 200g,$6.30,https://www.coles.com.au/product/la-fournee-doree-brioche-sliders-10-pack-200g-4876420
292223,Golden Crumpet Rounds Wholemeal | 6 pack,$2.20,https://www.coles.com.au/product/golden-crumpet-rounds-wholemeal-6-pack-292223
4723270,Coles Crumpet Rounds 6 Pack | 300g,$2.00,https://www.coles.com.au/product/coles-crumpet-rounds-6-pack-300g-4723270
3731705,Coles Soft White Wraps 8 pack | 360g,$2.70,https://www.coles.com.au/product/coles-soft-white-wraps-8-pack-360g-3731705
8209722,Coles 4 Leaf Salad Mix | 200g,$3.00,https://www.coles.com.au/product/coles-4-leaf-salad-mix-200g-8209722
4938276,Coles High Fibre Wholemeal Bread | 700g,$3.50,https://www.coles.com.au/product/coles-high-fibre-wholemeal-bread-700g-4938276
4344715,Coles Bakery Super Soft Round Rolls | 6 pack,$2.85,https://www.coles.com.au/product/coles-bakery-super-soft-round-rolls-6-pack-4344715
6743245,Coles Cheese & Bacon Rolls | 4 pack,$4.80,https://www.coles.com.au/product/coles-cheese-and-bacon-rolls-4-pack-6743245
4938312,Coles High Fibre Multigrain Bread | 700g,$3.50,https://www.coles.com.au/product/coles-high-fibre-multigrain-bread-700g-4938312
4938243,Coles High Fibre White Sandwich Bread | 700g,$3.50,https://www.coles.com.au/product/coles-high-fibre-white-sandwich-bread-700g-4938243
1534306,Coles Pavlova | 1 pack,$9.20,https://www.coles.com.au/product/coles-pavlova-1-pack-1534306
5322140,Wonder White Bread Wholemeal Plus Iron | 700g,$4.40,https://www.coles.com.au/product/wonder-white-bread-wholemeal-plus-iron-700g-5322140
3259687,Coles Bakery Flatbread White | 6 pack,$4.50,https://www.coles.com.au/product/coles-bakery-flatbread-white-6-pack-3259687
3259701,Coles Bakery Flatbread Wholemeal | 6 pack,$4.50,https://www.coles.com.au/product/coles-bakery-flatbread-wholemeal-6-pack-3259701
5795130,Wonder White Bread + Vitamins & Mineral | 700g,$4.40,https://www.coles.com.au/product/wonder-white-bread-+-vitamins-and-mineral-700g-5795130
332383,Golden Round Crumpets | 6 pack,$2.20,https://www.coles.com.au/product/golden-round-crumpets-6-pack-332383
4901345,Coles White Bread | 650g,$2.40,https://www.coles.com.au/product/coles-white-bread-650g-4901345
5998852,Vegemite Spread | 380g,$5.80,https://www.coles.com.au/product/vegemite-spread-380g-5998852
7266287,Coles Bakery Croissants 3 Pack | 189g,$2.85,https://www.coles.com.au/product/coles-bakery-croissants-3-pack-189g-7266287
5625017,Coles Turkish Rolls 4 pack | 400g,$2.60,https://www.coles.com.au/product/coles-turkish-rolls-4-pack-400g-5625017
3378290,Coles Soft Wholemeal Sandwich Loaf | 650g,$2.70,https://www.coles.com.au/product/coles-soft-wholemeal-sandwich-loaf-650g-3378290
3378289,Coles Soft White Toast Loaf | 650g,$2.70,https://www.coles.com.au/product/coles-soft-white-toast-loaf-650g-3378289
5969435,Helga's Traditional Wholemeal Bread | 750g,$4.90,https://www.coles.com.au/product/helga's-traditional-wholemeal-bread-750g-5969435
6034275,Golden Crumpet Square 6 pack | 425g,$4.90,https://www.coles.com.au/product/golden-crumpet-square-6-pack-425g-6034275
8104972,Coles Bakery Super Soft White Toast Loaf | 680g,$2.90,https://www.coles.com.au/product/coles-bakery-super-soft-white-toast-loaf-680g-8104972
5827361,Wonder White Bread + Vitamins Toast | 700g,$4.40,https://www.coles.com.au/product/wonder-white-bread-+-vitamins-toast-700g-5827361
7266367,Coles Bakery Croissants 4 Pack | 168g,$2.85,https://www.coles.com.au/product/coles-bakery-croissants-4-pack-168g-7266367
7111917,Mighty Soft Cafe Fruit Loaf | 600g,$7.50,https://www.coles.com.au/product/mighty-soft-cafe-fruit-loaf-600g-7111917
8162312,Coles Bakery Stone Baked By Laurent Pane Di Casa | 1 each,$5.00,https://www.coles.com.au/product/coles-bakery-stone-baked-by-laurent-pane-di-casa-1-each-8162312
8145583,Coles Bakery Super Soft White Sandwich Loaf | 680g,$2.90,https://www.coles.com.au/product/coles-bakery-super-soft-white-sandwich-loaf-680g-8145583
7226023,Abbott's Bakery Light Rye Bread | 680g,$4.90,https://www.coles.com.au/product/abbott's-bakery-light-rye-bread-680g-7226023
4770699,Coles Bakery Cinnamon Donuts | 6 pack,$2.80,https://www.coles.com.au/product/coles-bakery-cinnamon-donuts-6-pack-4770699
7226034,Abbott's Bakery Farmhouse Wholemeal B ... 750g,$4.90,https://www.coles.com.au/product/abbott's-bakery-farmhouse-wholemeal-bread-750g-7226034
9155538,Coles Bakery Anzac Biscuits | 12 pack,$3.80,https://www.coles.com.au/product/coles-bakery-anzac-biscuits-12-pack-9155538
3237185,Abbott's Bakery Rustic White Bread | 700g,$4.90,https://www.coles.com.au/product/abbott's-bakery-rustic-white-bread-700g-3237185
3237196,Abbott's Bakery Country Grains Bread | 800g,$4.90,https://www.coles.com.au/product/abbott's-bakery-country-grains-bread-800g-3237196
6711227,Helga's Mixed Grain Bread | 850g,$4.90,https://www.coles.com.au/product/helga's-mixed-grain-bread-850g-6711227
4344704,Coles Bakery Super Soft Hamburger Rolls | 6 pack,$2.85,https://www.coles.com.au/product/coles-bakery-super-soft-hamburger-rolls-6-pack-4344704
2409310,Coles Mini Chocolate Chip Muffins | 9 Pack,$4.70,https://www.coles.com.au/product/coles-mini-chocolate-chip-muffins-9-pack-2409310
8105090,Wholemeal Toast Loaf | 680g,$2.90,https://www.coles.com.au/product/wholemeal-toast-loaf-680g-8105090
4770633,Coles Iced Donuts  | 6 pack,$3.25,https://www.coles.com.au/product/coles-iced-donuts-6-pack-4770633
6242840,Coles Bakery French Stick | 1 each,$2.10,https://www.coles.com.au/product/coles-bakery-french-stick-1-each-6242840
2360380,Coles Bakery Vegemite Scroll | 1 each,$3.00,https://www.coles.com.au/product/coles-bakery-vegemite-scroll-1-each-2360380
2592079,Coles Bakery Ultimate Choc Chip Cookie | 6 pack,$3.50,https://www.coles.com.au/product/coles-bakery-ultimate-choc-chip-cookie-6-pack-2592079
3572292,Coles Brioche Hamburger Buns 4 Pack | 200g,$3.80,https://www.coles.com.au/product/coles-brioche-hamburger-buns-4-pack-200g-3572292
5072836,Helga's Light Rye Bread | 680g,$4.90,https://www.coles.com.au/product/helga's-light-rye-bread-680g-5072836
8836824,Coles Cinnamon Donuts | 12 pack,$3.50,https://www.coles.com.au/product/coles-cinnamon-donuts-12-pack-8836824
4215337,Noshu 95% Sugar Free Iced Carrot Cakes | 180g,$6.00,https://www.coles.com.au/product/noshu-95percent-sugar-free-iced-carrot-cakes-180g-4215337
6712445,Burgen Soy & Linseed Bread | 700g,$5.90,https://www.coles.com.au/product/burgen-soy-and-linseed-bread-700g-6712445
7120758,Toscano Classic Pizza Bases | 2 Pack,$6.50,https://www.coles.com.au/product/toscano-classic-pizza-bases-2-pack-7120758
5249684,Burgen Traditional Rye Bread | 700g,$5.90,https://www.coles.com.au/product/burgen-traditional-rye-bread-700g-5249684
8995056,Toscano Traditional Butter Waffles 4 pack | 360g,$7.50,https://www.coles.com.au/product/toscano-traditional-butter-waffles-4-pack-360g-8995056
7856644,Toscano Toasting Waffle Classic | 160g,$5.50,https://www.coles.com.au/product/toscano-toasting-waffle-classic-160g-7856644
7171089,Noshu 97% Sugar Free Caramel Mudcake Slic ... 170g,$6.00,https://www.coles.com.au/product/noshu-97percent-sugar-free-caramel-mudcake-slices-170g-7171089
4740213,La Fournee Doree Pain Au Chocolat 8 Pack | 360g,$6.70,https://www.coles.com.au/product/la-fournee-doree-pain-au-chocolat-8-pack-360g-4740213
7111859,La Fournee Doree Brioche Burger Buns With Multi Gr ... 250g,$5.85,https://www.coles.com.au/product/la-fournee-doree-brioche-burger-buns-with-multi-grain-4-pack-250g-7111859
4876281,La Fournee Doree Brioche Burger Buns | 250g,$5.85,https://www.coles.com.au/product/la-fournee-doree-brioche-burger-buns-250g-4876281
5126797,Coles Bakery Super Soft Hot Dog Rolls | 6 pack,$2.85,https://www.coles.com.au/product/coles-bakery-super-soft-hot-dog-rolls-6-pack-5126797
5626122,Coles Bakery Pancakes | 5 pack,$3.50,https://www.coles.com.au/product/coles-bakery-pancakes-5-pack-5626122
9933713,Coles Pain Au Chocolate 4 Pack | 220g,$4.00,https://www.coles.com.au/product/coles-pain-au-chocolate-4-pack-220g-9933713
8162200,Coles Bakery Stone Baked White Sourdough ... 1 each,$5.00,https://www.coles.com.au/product/coles-bakery-stone-baked-white-sourdough-vienna-1-each-8162200
2724920,Coles Bakery Hawaiian Pizza Roll | 2 pack,$3.65,https://www.coles.com.au/product/coles-bakery-hawaiian-pizza-roll-2-pack-2724920
3731716,Coles Wholemeal & Grain Soft Wraps 8 Pack | 360g,$2.70,https://www.coles.com.au/product/coles-wholemeal-and-grain-soft-wraps-8-pack-360g-3731716
7643064,Quorn Meat Free Mince | 300g,$7.00,https://www.coles.com.au/product/quorn-meat-free-mince-300g-7643064
8145620,Wholemeal Sandwich Loaf | 680g,$2.90,https://www.coles.com.au/product/wholemeal-sandwich-loaf-680g-8145620
9880311,M&M's Cookies | 8 pack,$3.60,https://www.coles.com.au/product/mandm's-cookies-8-pack-9880311
2409274,Coles Blueberry Muffins | 4 pack,$4.70,https://www.coles.com.au/product/coles-blueberry-muffins-4-pack-2409274
8921210,Coles Bakery Chocolate Chip Cookies | 12 pack,$3.80,https://www.coles.com.au/product/coles-bakery-chocolate-chip-cookies-12-pack-8921210
4799340,Coles Pikelets 8 Pack | 200g,$2.50,https://www.coles.com.au/product/coles-pikelets-8-pack-200g-4799340
1790270,Coles Finest Pure Canadian Maple Syrup | 250mL,$6.60,https://www.coles.com.au/product/coles-finest-pure-canadian-maple-syrup-250ml-1790270
6241655,Coles Bakery Tiger Rolls | 6 pack,$2.85,https://www.coles.com.au/product/coles-bakery-tiger-rolls-6-pack-6241655
2390744,Coles Bakery High Fibre Low Gi White Toast Loaf | 680g,$3.90,https://www.coles.com.au/product/coles-bakery-high-fibre-low-gi-white-toast-loaf-680g-2390744
7761876,Coles Bakery Banh Mi Jumbo Rolls | 6 pack,$3.20,https://www.coles.com.au/product/coles-bakery-banh-mi-jumbo-rolls-6-pack-7761876
8858940,Coles Bakery High Fibre Low Gi 7 Seeds & Grains San ... 800g,$3.90,https://www.coles.com.au/product/coles-bakery-high-fibre-low-gi-7-seeds-and-grains-sandwich-bread-loaf-800g-8858940
6051649,Golden Pancakes 6 Pack | 360g,$4.50,https://www.coles.com.au/product/golden-pancakes-6-pack-360g-6051649
1609325,Coles Bakery Sesame French Stick | 1 each,$2.10,https://www.coles.com.au/product/coles-bakery-sesame-french-stick-1-each-1609325
4723134,Coles English Muffins 6 Pack | 400g,$2.90,https://www.coles.com.au/product/coles-english-muffins-6-pack-400g-4723134
1139480,Tip Top The One Wholemeal Sandwich Br ... 700g,$4.40,https://www.coles.com.au/product/tip-top-the-one-wholemeal-sandwich-bread-700g-1139480
8119754,Coles Bakery High Fibre Low Gi 7 Seeds & Grains Toas ... 800g,$3.90,https://www.coles.com.au/product/coles-bakery-high-fibre-low-gi-7-seeds-and-grains-toast-bread-loaf-800g-8119754
2409300,Coles Blueberry Mini Muffins | 9 pack,$4.70,https://www.coles.com.au/product/coles-blueberry-mini-muffins-9-pack-2409300
4754433,Coles Bakery Spinach And Herb Flatbread | 5 pack,$4.50,https://www.coles.com.au/product/coles-bakery-spinach-and-herb-flatbread-5-pack-4754433
6955662,Mission Original Wraps 8 pack | 567g,$4.50,https://www.coles.com.au/product/mission-original-wraps-8-pack-567g-6955662
2409285,Coles Chocolate Chip Muffins | 4 pack,$4.70,https://www.coles.com.au/product/coles-chocolate-chip-muffins-4-pack-2409285
3624283,Coles Bakery BBQ Cheese And Bacon Pizza Roll | 2 pack,$3.65,https://www.coles.com.au/product/coles-bakery-bbq-cheese-and-bacon-pizza-roll-2-pack-3624283
3738635,Golden Crumpet Toast Bread | 700g,$5.00,https://www.coles.com.au/product/golden-crumpet-toast-bread-700g-3738635
2390697,Coles Bakery High Fibre Low Gi White Sandwich Loaf | 680g,$3.90,https://www.coles.com.au/product/coles-bakery-high-fibre-low-gi-white-sandwich-loaf-680g-2390697
3575621,Coles Bakery Cinnamon Bun | 1 each,$2.50,https://www.coles.com.au/product/coles-bakery-cinnamon-bun-1-each-3575621
2563489,Coles Bakery Sesame Hamburger Rolls | 6 pack,$2.85,https://www.coles.com.au/product/coles-bakery-sesame-hamburger-rolls-6-pack-2563489
8105782,Coles Bakery Multigrain Toast Loaf | 680g,$2.90,https://www.coles.com.au/product/coles-bakery-multigrain-toast-loaf-680g-8105782
8104382,Coles High Fibre White Toast Bread | 700g,$3.50,https://www.coles.com.au/product/coles-high-fibre-white-toast-bread-700g-8104382
3081290,Coles Shredded Roast Chicken Breast | 150g,$5.00,https://www.coles.com.au/product/coles-shredded-roast-chicken-breast-150g-3081290
3755463,Coles Brioche Rolls 8 Pack | 280g,$4.80,https://www.coles.com.au/product/coles-brioche-rolls-8-pack-280g-3755463
6240721,Coles Bakery Crusty Round Rolls | 6 pack,$2.85,https://www.coles.com.au/product/coles-bakery-crusty-round-rolls-6-pack-6240721
7502073,Coles Bakery Damper Inspired Rolls | 6 pack,$2.85,https://www.coles.com.au/product/coles-bakery-damper-inspired-rolls-6-pack-7502073
2563740,Coles Bakery Sesame Hot Dog Rolls | 6 pack,$2.85,https://www.coles.com.au/product/coles-bakery-sesame-hot-dog-rolls-6-pack-2563740
3378314,Coles Soft Multigrain Sandwich Loaf | 650g,$2.70,https://www.coles.com.au/product/coles-soft-multigrain-sandwich-loaf-650g-3378314
3627328,Coles Soft White Sandwich | 650g,$2.70,https://www.coles.com.au/product/coles-soft-white-sandwich-650g-3627328
8145685,Coles Bakery Multigrain Sandwich Loaf | 680g,$2.90,https://www.coles.com.au/product/coles-bakery-multigrain-sandwich-loaf-680g-8145685
1597180,Coles White Dinner Rolls | 6 pack,$2.90,https://www.coles.com.au/product/coles-white-dinner-rolls-6-pack-1597180
1734666,Coles Bakery Stone Baked Pane Di Casa Rolls | 4 pack,$3.75,https://www.coles.com.au/product/coles-bakery-stone-baked-pane-di-casa-rolls-4-pack-1734666
2108981,Coles New York Style Baked Cheesecake Slice 2 Pack | 220g,$5.50,https://www.coles.com.au/product/coles-new-york-style-baked-cheesecake-slice-2-pack-220g-2108981
3678657,Coles Bakery Stone Baked By Laurent Mini Olive P ... 1 each,$2.75,https://www.coles.com.au/product/coles-bakery-stone-baked-by-laurent-mini-olive-pane-di-casa-1-each-3678657
5549145,Coles Bakery Wholemeal Rolls | 6 pack,$2.85,https://www.coles.com.au/product/coles-bakery-wholemeal-rolls-6-pack-5549145
3575508,Coles Bakery Boston Bun | 1 each,$2.50,https://www.coles.com.au/product/coles-bakery-boston-bun-1-each-3575508
3755452,Coles Chocolate Chip Brioche Rolls 8 Pack | 280g,$4.80,https://www.coles.com.au/product/coles-chocolate-chip-brioche-rolls-8-pack-280g-3755452
5137320,Tip Top Wholemeal English Muffins | 6 pack,$6.00,https://www.coles.com.au/product/tip-top-wholemeal-english-muffins-6-pack-5137320
3467323,Coles Finest By Laurent White Sourdough ... 3 pack,$4.00,https://www.coles.com.au/product/coles-finest-by-laurent-white-sourdough-rolls-3-pack-3467323
7801201,Coles Bakery Fresh Cream Chocolate Eclairs | 2 pack,$4.50,https://www.coles.com.au/product/coles-bakery-fresh-cream-chocolate-eclairs-2-pack-7801201
4986213,Toscano Mini Waffles | 200g,$5.50,https://www.coles.com.au/product/toscano-mini-waffles-200g-4986213
2902427,Toscano Crepes Chocolate | 180g,$6.00,https://www.coles.com.au/product/toscano-crepes-chocolate-180g-2902427
7856655,Coles Toscano French Strawberry Crepe | 180g,$6.00,https://www.coles.com.au/product/coles-toscano-french-strawberry-crepe-180g-7856655
4876394,La Fournee Doree Brioche Burger Buns With Sesame ... 250g,$6.60,https://www.coles.com.au/product/la-fournee-doree-brioche-burger-buns-with-sesame-seeds-4-pack-250g-4876394
3377005,La Fournee Doree Hand Braided Butter Brioche | 400g,$8.40,https://www.coles.com.au/product/la-fournee-doree-hand-braided-butter-brioche-400g-3377005
2298297,Toscano Gluten Free Pizza Base | 180g,$7.00,https://www.coles.com.au/product/toscano-gluten-free-pizza-base-180g-2298297
8995067,Toscano Choco Chip Waffles 4 pack | 360g,$7.50,https://www.coles.com.au/product/toscano-choco-chip-waffles-4-pack-360g-8995067
4876292,La Fournee Doree Split Top Brioche Hot Dog Rolls 6 P ... 300g,$5.85,https://www.coles.com.au/product/la-fournee-doree-split-top-brioche-hot-dog-rolls-6-pack-300g-4876292
3476925,La Fournee Doree Sliced Brioche Loaf Plain | 500g,$8.40,https://www.coles.com.au/product/la-fournee-doree-sliced-brioche-loaf-plain-500g-3476925
5574787,Toscano Brioche Burger Bun | 200g,$6.00,https://www.coles.com.au/product/toscano-brioche-burger-bun-200g-5574787
5969945,Helga's Traditional White Bread | 750g,$4.90,https://www.coles.com.au/product/helga's-traditional-white-bread-750g-5969945
7885766,Coles Bakery Stone Baked Rustic Rolls | 4 pack,$3.75,https://www.coles.com.au/product/coles-bakery-stone-baked-rustic-rolls-4-pack-7885766
7299810,Coles Bakery Rustic Baguette | 1 each,$2.50,https://www.coles.com.au/product/coles-bakery-rustic-baguette-1-each-7299810
3301681,Coles Bakery Super Soft Jumbo Round Rolls | 6 pack,$3.00,https://www.coles.com.au/product/coles-bakery-super-soft-jumbo-round-rolls-6-pack-3301681
6201050,MEB Pita Khobz White 5 pack | 500g,$3.60,https://www.coles.com.au/product/meb-pita-khobz-white-5-pack-500g-6201050
2728964,Coles Banana Muffins | 9 Pack,$4.70,https://www.coles.com.au/product/coles-banana-muffins-9-pack-2728964
4226606,Coles Double Chocolate Mini Muffins | 9 pack,$4.70,https://www.coles.com.au/product/coles-double-chocolate-mini-muffins-9-pack-4226606
2360890,Coles Raisin Toast | 560g,$3.30,https://www.coles.com.au/product/coles-raisin-toast-560g-2360890
1334410,Coles Light Rye Sourdough Rolls | 4 pack,$3.75,https://www.coles.com.au/product/coles-light-rye-sourdough-rolls-4-pack-1334410
4147860,Bakery Du Jour Vegan Croissant 3 Pack | 168g,$2.25,https://www.coles.com.au/product/bakery-du-jour-vegan-croissant-3-pack-168g-4147860
7889392,Coles Mini Jam Donuts | 6 pack,$3.60,https://www.coles.com.au/product/coles-mini-jam-donuts-6-pack-7889392
6238038,Coles Bakery White Vienna | 1 each,$3.20,https://www.coles.com.au/product/coles-bakery-white-vienna-1-each-6238038
2067341,Coles Croissants 12 Pack | 900g,$11.00,https://www.coles.com.au/product/coles-croissants-12-pack-900g-2067341
2690908,Coles Finest Orange Juice | 2L,$5.20,https://www.coles.com.au/product/coles-finest-orange-juice-2l-2690908
3865541,Coles Stone Baked By Laurent Turkish Rolls | 3 pack,$3.75,https://www.coles.com.au/product/coles-stone-baked-by-laurent-turkish-rolls-3-pack-3865541
9933564,Coles Mini Croissants | 160g,$4.50,https://www.coles.com.au/product/coles-mini-croissants-160g-9933564
4876281,La Fournee Doree Brioche Burger Buns | 250g,$5.85,https://www.coles.com.au/product/la-fournee-doree-brioche-burger-buns-250g-4876281
2151324,Coles Margherita Pizza Rolls | 2 pack,$3.65,https://www.coles.com.au/product/coles-margherita-pizza-rolls-2-pack-2151324
3301706,Coles Bakery Super Soft Hot Dog Jumbo Rolls | 6 pack,$3.00,https://www.coles.com.au/product/coles-bakery-super-soft-hot-dog-jumbo-rolls-6-pack-3301706
7545928,Coles Bakery Lamington Fingers 18 pack | 350g,$3.50,https://www.coles.com.au/product/coles-bakery-lamington-fingers-18-pack-350g-7545928
2792704,Coles Bakery Hawaiian Tear & Share | 1 each,$5.00,https://www.coles.com.au/product/coles-bakery-hawaiian-tear-and-share-1-each-2792704
6397009,Coles Mini Pain Au Choc | 8 pack,$4.00,https://www.coles.com.au/product/coles-mini-pain-au-choc-8-pack-6397009
3362960,Coles Bagels Plain 4 pack | 360g,$3.50,https://www.coles.com.au/product/coles-bagels-plain-4-pack-360g-3362960
5196114,Philadelphia Soft Cream Cheese Tub | 250g,$4.00,https://www.coles.com.au/product/philadelphia-soft-cream-cheese-tub-250g-5196114
2715816,Coles Cafe Style Raisin Toast | 650g,$3.70,https://www.coles.com.au/product/coles-cafe-style-raisin-toast-650g-2715816
1638152,Coles  Roasted Pumpkin Seed & Purple Whe ... 3 pack,$3.75,https://www.coles.com.au/product/coles-roasted-pumpkin-seed-and-purple-wheat-panini-3-pack-1638152
3735750,Coles Bakery Mixed Biscuit Tray | 24 pack,$6.50,https://www.coles.com.au/product/coles-bakery-mixed-biscuit-tray-24-pack-3735750
3301692,Coles Bakery White Crusty Jumbo Rolls | 6 pack,$3.00,https://www.coles.com.au/product/coles-bakery-white-crusty-jumbo-rolls-6-pack-3301692
6202992,MEB Pita Pockets White 8 pack | 250g,$2.60,https://www.coles.com.au/product/meb-pita-pockets-white-8-pack-250g-6202992
4770531,Coles Iced Extra Chocolate Donuts | 6 pack,$3.25,https://www.coles.com.au/product/coles-iced-extra-chocolate-donuts-6-pack-4770531
3678668,Coles Bakery Stone Baked By Laurent Mini White ... 1 each,$2.75,https://www.coles.com.au/product/coles-bakery-stone-baked-by-laurent-mini-white-sourdough-1-each-3678668
3362970,Coles BAGEL SESAME 4 PACK | 360g,$3.50,https://www.coles.com.au/product/coles-bagel-sesame-4-pack-360g-3362970
7534885,Abbott's Bakery Harvest Seeds And Grain Bread | 750g,$4.90,https://www.coles.com.au/product/abbott's-bakery-harvest-seeds-and-grain-bread-750g-7534885
3639724,Coles Bakery Custard Tarts 360g | 6 pack,$5.85,https://www.coles.com.au/product/coles-bakery-custard-tarts-360g-6-pack-3639724
3384893,Coles Bakery Stone Baked Mini White Pane Di Casa | 1 each,$2.75,https://www.coles.com.au/product/coles-bakery-stone-baked-mini-white-pane-di-casa-1-each-3384893
8914972,Coles White Chocolate & Macadamia ... 6 pack,$3.50,https://www.coles.com.au/product/coles-white-chocolate-and-macadamia-cookies-6-pack-8914972
7620921,Mission Spinach & Herb Wraps 8 pack | 567g,$4.50,https://www.coles.com.au/product/mission-spinach-and-herb-wraps-8-pack-567g-7620921
4261538,Coles Apple & Cinnamon Muffins | 4 pack,$4.70,https://www.coles.com.au/product/coles-apple-and-cinnamon-muffins-4-pack-4261538
3734940,Coles Brioche Loaf Sliced | 500g,$4.95,https://www.coles.com.au/product/coles-brioche-loaf-sliced-500g-3734940
9155516,Coles Bakery Double Chocolate Cookies | 12 pack,$3.80,https://www.coles.com.au/product/coles-bakery-double-chocolate-cookies-12-pack-9155516
3580155,Abbott's Bakery Dark Rye | 700g,$4.90,https://www.coles.com.au/product/abbott's-bakery-dark-rye-700g-3580155
3624308,Coles Bakery BBQ Cheese And Bacon Tear & Share | 1 each,$5.00,https://www.coles.com.au/product/coles-bakery-bbq-cheese-and-bacon-tear-and-share-1-each-3624308
3018024,Coles Finest By Laurent White Sourdough ... 1 pack,$7.00,https://www.coles.com.au/product/coles-finest-by-laurent-white-sourdough-vienna-1-pack-3018024
3963551,Coles Bakery Light Sourdough Hamburger ... 4 pack,$3.75,https://www.coles.com.au/product/coles-bakery-light-sourdough-hamburger-rolls-4-pack-3963551
6009530,Helga's Pumpkin Five Seed Bread | 720g,$4.90,https://www.coles.com.au/product/helga's-pumpkin-five-seed-bread-720g-6009530
8914983,Coles Oat & Raisin Cookies | 6 pack,$3.50,https://www.coles.com.au/product/coles-oat-and-raisin-cookies-6-pack-8914983
1987162,Coles Bakery Super Soft Round Rolls | 12 pack,$5.20,https://www.coles.com.au/product/coles-bakery-super-soft-round-rolls-12-pack-1987162
7863480,Mission Wholegrain Wraps 8 pack | 567g,$4.50,https://www.coles.com.au/product/mission-wholegrain-wraps-8-pack-567g-7863480
7112909,Toscano Brioche English Muffin 5pack | 250g,$6.00,https://www.coles.com.au/product/toscano-brioche-english-muffin-5pack-250g-7112909
3912460,Coles Bakery Margherita Tear And Share | 1 each,$5.00,https://www.coles.com.au/product/coles-bakery-margherita-tear-and-share-1-each-3912460
3207592,Coles Salted Caramel Profiteroles | 12 Pack,$5.75,https://www.coles.com.au/product/coles-salted-caramel-profiteroles-12-pack-3207592
7523211,Coles Bakery Mud Cake | 600g,$5.75,https://www.coles.com.au/product/coles-bakery-mud-cake-600g-7523211
2762237,Mr Kipling Angel Slice 6 pack | 165g,$6.00,https://www.coles.com.au/product/mr-kipling-angel-slice-6-pack-165g-2762237
7111860,Mighty Soft Raisin Toast | 600g,$3.50,https://www.coles.com.au/product/mighty-soft-raisin-toast-600g-7111860
9201680,Tip Top 9 Grain Classic Sandwich | 700g,$4.40,https://www.coles.com.au/product/tip-top-9-grain-classic-sandwich-700g-9201680
4150672,Mr Kipling Chocolate Slices 6 Pack | 155g,$6.00,https://www.coles.com.au/product/mr-kipling-chocolate-slices-6-pack-155g-4150672
2759913,Coles Bakery Ultimate White Choc Chip Cookie | 6 pack,$3.50,https://www.coles.com.au/product/coles-bakery-ultimate-white-choc-chip-cookie-6-pack-2759913
7953924,Tip Top Sunblest White Bread | 650g,$4.00,https://www.coles.com.au/product/tip-top-sunblest-white-bread-650g-7953924
7877087,Coles Bakery Apple Fresh Cream Turnover | 1 each,$5.00,https://www.coles.com.au/product/coles-bakery-apple-fresh-cream-turnover-1-each-7877087
5057311,Coles Bakery Madeira Cake | 450g,$3.45,https://www.coles.com.au/product/coles-bakery-madeira-cake-450g-5057311
54000,Golden Pikelets | 8 pack,$4.50,https://www.coles.com.au/product/golden-pikelets-8-pack-54000
2409296,Coles Double Chocolate Muffins | 4 Pack,$4.70,https://www.coles.com.au/product/coles-double-chocolate-muffins-4-pack-2409296
4327240,Mission Souvlaki Bread | 320g,$4.50,https://www.coles.com.au/product/mission-souvlaki-bread-320g-4327240
6955673,Mission Roasted Garlic Wraps 8 pack | 567g,$4.50,https://www.coles.com.au/product/mission-roasted-garlic-wraps-8-pack-567g-6955673
3597920,Coles Bakery Stone baked By Laurent Mini Pane D ... 1 each,$2.75,https://www.coles.com.au/product/coles-bakery-stone-baked-by-laurent-mini-pane-di-case-pumpkin-and-soybean-1-each-3597920
8162276,Coles Bakery Stone Baked Light Rye Sourdough ... 1 each,$5.00,https://www.coles.com.au/product/coles-bakery-stone-baked-light-rye-sourdough-vienna-1-each-8162276
1647164,Mr Kipling Lemon Slices 6 Pack | 165g,$6.00,https://www.coles.com.au/product/mr-kipling-lemon-slices-6-pack-165g-1647164
3575654,Coles Bakery Apple Crumble Log | 1 each,$3.50,https://www.coles.com.au/product/coles-bakery-apple-crumble-log-1-each-3575654
2915724,Coles Banana Bread Slices 5 Pack | 500g,$6.50,https://www.coles.com.au/product/coles-banana-bread-slices-5-pack-500g-2915724
6514135,Coles Bakery Multigrain Rolls | 6 pack,$2.85,https://www.coles.com.au/product/coles-bakery-multigrain-rolls-6-pack-6514135
4418050,Coles Bakery Custard Bunlet | 6 pack,$3.50,https://www.coles.com.au/product/coles-bakery-custard-bunlet-6-pack-4418050
3617142,Coles Bakery Apricot Crown | 2 pack,$2.90,https://www.coles.com.au/product/coles-bakery-apricot-crown-2-pack-3617142
3575687,Coles Bakery Custard Pull Apart | 1 each,$3.50,https://www.coles.com.au/product/coles-bakery-custard-pull-apart-1-each-3575687
3610766,Coles Bakery Fantasy Finger Buns | 4 pack,$3.50,https://www.coles.com.au/product/coles-bakery-fantasy-finger-buns-4-pack-3610766
6201060,MEB Pita Khobz Wholemeal 5 pack | 500g,$3.60,https://www.coles.com.au/product/meb-pita-khobz-wholemeal-5-pack-500g-6201060
4461810,Helga's White Wraps 8 pack | 508g,$5.00,https://www.coles.com.au/product/helga's-white-wraps-8-pack-508g-4461810
7171464,Coles Cinnamon Swirl | 2 pack,$2.90,https://www.coles.com.au/product/coles-cinnamon-swirl-2-pack-7171464
3747385,Coles Bakery Stone Baked By Laurent Turkish Loaf | 1 each,$4.00,https://www.coles.com.au/product/coles-bakery-stone-baked-by-laurent-turkish-loaf-1-each-3747385
7863592,Mission Original  Mini Wraps 8 pack | 384g,$4.50,https://www.coles.com.au/product/mission-original-mini-wraps-8-pack-384g-7863592
3558247,Helga's Sourdough Bread | 650g,$4.90,https://www.coles.com.au/product/helga's-sourdough-bread-650g-3558247
4147689,Coles Tiramisu | 500g,$10.60,https://www.coles.com.au/product/coles-tiramisu-500g-4147689
7172172,Coles Bakery Apple Crown Danish | 2 pack,$2.90,https://www.coles.com.au/product/coles-bakery-apple-crown-danish-2-pack-7172172
7953957,Tip Top Sunblest Soft White Toast Bread | 650g,$4.00,https://www.coles.com.au/product/tip-top-sunblest-soft-white-toast-bread-650g-7953957
4461785,Helga's Mixed Grain Wraps 8 pack | 508g,$5.00,https://www.coles.com.au/product/helga's-mixed-grain-wraps-8-pack-508g-4461785
3375826,Laurent Patisserie Lemon Meringue | 2 pack,$8.00,https://www.coles.com.au/product/laurent-patisserie-lemon-meringue-2-pack-3375826
5792926,Laurent Almond Croissant | 1 each,$4.50,https://www.coles.com.au/product/laurent-almond-croissant-1-each-5792926
3883758,Coles Chocolate Chip Muffin Bars | 420g,$5.25,https://www.coles.com.au/product/coles-chocolate-chip-muffin-bars-420g-3883758
1734768,Coles Vanilla Slice 2 Pack | 270g,$5.50,https://www.coles.com.au/product/coles-vanilla-slice-2-pack-270g-1734768
6800021,Coles Blueberry Danish Crown | 2 pack,$2.90,https://www.coles.com.au/product/coles-blueberry-danish-crown-2-pack-6800021
2363300,Coles Belgian Cheesecake Slice 2 pack | 220g,$5.50,https://www.coles.com.au/product/coles-belgian-cheesecake-slice-2-pack-220g-2363300
5625006,Coles Turkish Pide | 400g,$2.60,https://www.coles.com.au/product/coles-turkish-pide-400g-5625006
3610744,Coles Bakery White Finger Buns | 4 pack,$3.50,https://www.coles.com.au/product/coles-bakery-white-finger-buns-4-pack-3610744
2917060,Tip Top Thins Wholemeal 6 Pack | 240g,$3.90,https://www.coles.com.au/product/tip-top-thins-wholemeal-6-pack-240g-2917060
9895760,Coles Bakery By Laurent Ciabatta Loaf | 1 each,$4.00,https://www.coles.com.au/product/coles-bakery-by-laurent-ciabatta-loaf-1-each-9895760
3641974,Coles Bakery BBQ Cheese And Bacon Mini Pizza R ... 6 pack,$4.80,https://www.coles.com.au/product/coles-bakery-bbq-cheese-and-bacon-mini-pizza-rolls-6-pack-3641974
3883747,Coles Banana Muffin Bars | 420g,$5.25,https://www.coles.com.au/product/coles-banana-muffin-bars-420g-3883747
5696751,Coles Simply Hamburger Rolls | 6 pack,$2.75,https://www.coles.com.au/product/coles-simply-hamburger-rolls-6-pack-5696751
7757165,Coles Bakery Wholemeal Jumbo Rolls | 6 pack,$3.20,https://www.coles.com.au/product/coles-bakery-wholemeal-jumbo-rolls-6-pack-7757165
8836960,Coles Sugar Donuts | 12 pack,$3.50,https://www.coles.com.au/product/coles-sugar-donuts-12-pack-8836960
3110650,Coles Bakery Mini Hawaiian Pizza Rolls | 6 pack,$4.80,https://www.coles.com.au/product/coles-bakery-mini-hawaiian-pizza-rolls-6-pack-3110650
3384930,Coles Finest By Laurent Wholemeal Sourdough ... 1 each,$7.00,https://www.coles.com.au/product/coles-finest-by-laurent-wholemeal-sourdough-vienna-1-each-3384930
1898903,Coles Bakery Jam Lamingtons 6 Pack | 350g,$3.50,https://www.coles.com.au/product/coles-bakery-jam-lamingtons-6-pack-350g-1898903
6207001,Coles Pain Raisin | 2 pack,$3.50,https://www.coles.com.au/product/coles-pain-raisin-2-pack-6207001
5321260,Coles Bakery Chocolate Chip Shortbread | 12 pack,$4.70,https://www.coles.com.au/product/coles-bakery-chocolate-chip-shortbread-12-pack-5321260
4819380,Coles Finest By Laurent 7 Seed & Grain Vienna | 1 each,$7.00,https://www.coles.com.au/product/coles-finest-by-laurent-7-seed-and-grain-vienna-1-each-4819380
3384918,Coles Bakery Stone Baked Mini Rye Pane Di Casa | 1 each,$2.75,https://www.coles.com.au/product/coles-bakery-stone-baked-mini-rye-pane-di-casa-1-each-3384918
8162072,Coles Bakery High Fibre Low Gi 7 Seeds & Grain Toast ... 400g,$2.90,https://www.coles.com.au/product/coles-bakery-high-fibre-low-gi-7-seeds-and-grain-toast-loaf-400g-8162072
4727995,Coles Happy Gut Multigrain | 700g,$3.30,https://www.coles.com.au/product/coles-happy-gut-multigrain-700g-4727995
2918868,Coles Bakery Jam Filled Berliner Donut | 2 pack,$3.75,https://www.coles.com.au/product/coles-bakery-jam-filled-berliner-donut-2-pack-2918868
3639837,Coles Bakery Custard Tarts | 2 pack,$5.85,https://www.coles.com.au/product/coles-bakery-custard-tarts-2-pack-3639837
3018057,Coles Finest By Laurent Rye Sourdough ... 1 each,$7.00,https://www.coles.com.au/product/coles-finest-by-laurent-rye-sourdough-vienna-1-each-3018057
7855980,Coles Bakery Mini Blueberry Crown | 5 pack,$2.65,https://www.coles.com.au/product/coles-bakery-mini-blueberry-crown-5-pack-7855980
2563762,Coles Bakery Vanilla Creme Crown | 2 pack,$2.90,https://www.coles.com.au/product/coles-bakery-vanilla-creme-crown-2-pack-2563762
5777296,Coles Vegemite Twist | 2 pack,$3.20,https://www.coles.com.au/product/coles-vegemite-twist-2-pack-5777296
4727962,Coles Happy Gut Wholemeal | 700g,$3.30,https://www.coles.com.au/product/coles-happy-gut-wholemeal-700g-4727962
6518362,Coles Bakery Tiger Baguette Twin Pack | 2 pack,$2.10,https://www.coles.com.au/product/coles-bakery-tiger-baguette-twin-pack-2-pack-6518362
6379437,Coles Stone Baked Mini Fruit Sourdough Pana Di Casa | 1 each,$2.75,https://www.coles.com.au/product/coles-stone-baked-mini-fruit-sourdough-pana-di-casa-1-each-6379437
3498859,Coles Bakery Stone Baked By Laurent Soybean & ... 1 each,$5.00,https://www.coles.com.au/product/coles-bakery-stone-baked-by-laurent-soybean-and-linseed-sourdough-vienna-1-each-3498859
6332499,Coles Bakery Vanilla Crown Mini Danish | 5 pack,$2.65,https://www.coles.com.au/product/coles-bakery-vanilla-crown-mini-danish-5-pack-6332499
2941203,Coles Bakery High Fibre Low Gi White Sandwich Loaf | 330g,$2.70,https://www.coles.com.au/product/coles-bakery-high-fibre-low-gi-white-sandwich-loaf-330g-2941203
8162061,Coles Bakery High Fibre Low Gi 7 Seeds & Grains San ... 400g,$2.90,https://www.coles.com.au/product/coles-bakery-high-fibre-low-gi-7-seeds-and-grains-sandwich-bread-loaf-400g-8162061
6201413,MEB Greek Pita | 375g,$3.60,https://www.coles.com.au/product/meb-greek-pita-375g-6201413
5057683,Coles Bakery Sponge Roll Mini Choc | 6 pack,$3.70,https://www.coles.com.au/product/coles-bakery-sponge-roll-mini-choc-6-pack-5057683
1967369,Cadbury Mini Rolls Chocolate 5pack | 115g,$6.00,https://www.coles.com.au/product/cadbury-mini-rolls-chocolate-5pack-115g-1967369
7120758,Toscano Classic Pizza Bases | 2 Pack,$6.50,https://www.coles.com.au/product/toscano-classic-pizza-bases-2-pack-7120758
3466047,Coles Macarons Selection | 10 pack,$12.00,https://www.coles.com.au/product/coles-macarons-selection-10-pack-3466047
2917050,Tip Top Thins Original 6 Pack | 240g,$3.90,https://www.coles.com.au/product/tip-top-thins-original-6-pack-240g-2917050
212790,Buttercup Country Split White Bread | 450g,$4.00,https://www.coles.com.au/product/buttercup-country-split-white-bread-450g-212790
4688485,Helgas 50% Lower Carb 5 Seeds Loaf | 700g,$5.50,https://www.coles.com.au/product/helgas-50percent-lower-carb-5-seeds-loaf-700g-4688485
5574787,Toscano Brioche Burger Bun | 200g,$6.00,https://www.coles.com.au/product/toscano-brioche-burger-bun-200g-5574787
4876420,La Fournee Doree Brioche Sliders 10 Pack | 200g,$6.30,https://www.coles.com.au/product/la-fournee-doree-brioche-sliders-10-pack-200g-4876420
3910442,Coles Reduced Sugar Banana Bread Slices | 500g,$6.50,https://www.coles.com.au/product/coles-reduced-sugar-banana-bread-slices-500g-3910442
6530572,Coles Finest White Sourdough Cob | 1 each,$7.00,https://www.coles.com.au/product/coles-finest-white-sourdough-cob-1-each-6530572
2108992,Coles New York Style Baked Cheesecake | 640g,$14.00,https://www.coles.com.au/product/coles-new-york-style-baked-cheesecake-640g-2108992
5218046,Coles Bakery Cinnamon Scrolls | 2 pack,$3.50,https://www.coles.com.au/product/coles-bakery-cinnamon-scrolls-2-pack-5218046
2649482,Coles Country Loaf Wholemeal | 750g,$3.90,https://www.coles.com.au/product/coles-country-loaf-wholemeal-750g-2649482
9395101,Tip Top Sunblest Wholemeal Sandwich Br ... 650g,$4.00,https://www.coles.com.au/product/tip-top-sunblest-wholemeal-sandwich-bread-650g-9395101
4315091,Simson's Pantry Low Carb High Protein + Fibre 6 pack | 420g,$6.50,https://www.coles.com.au/product/simson's-pantry-low-carb-high-protein-+-fibre-6-pack-420g-4315091
4405660,Tip Top The One Gluten Free White | 550g,$7.00,https://www.coles.com.au/product/tip-top-the-one-gluten-free-white-550g-4405660
4466949,Coles Gluten Free Premium White Loaf | 680g,$7.00,https://www.coles.com.au/product/coles-gluten-free-premium-white-loaf-680g-4466949
3377005,La Fournee Doree Hand Braided Butter Brioche | 400g,$8.40,https://www.coles.com.au/product/la-fournee-doree-hand-braided-butter-brioche-400g-3377005
5696762,Coles Simply Hot Dog Rolls | 6 pack,$2.75,https://www.coles.com.au/product/coles-simply-hot-dog-rolls-6-pack-5696762
9120090,Coles Banana Bread | 550g,$5.60,https://www.coles.com.au/product/coles-banana-bread-550g-9120090
46883,Coles Dairy Unsalted Butter Pat | 250g,$4.30,https://www.coles.com.au/product/coles-dairy-unsalted-butter-pat-250g-46883
3216673,Coles I'M Free From White Loaf | 500g,$5.70,https://www.coles.com.au/product/coles-i'm-free-from-white-loaf-500g-3216673
5369358,Burgen Wholemeal & Seeds Bread | 700g,$5.90,https://www.coles.com.au/product/burgen-wholemeal-and-seeds-bread-700g-5369358
9409884,Edwards Sourdough Rye Dark Bread | 680g,$8.50,https://www.coles.com.au/product/edwards-sourdough-rye-dark-bread-680g-9409884
6519730,Coles Bakery Crusty Entertainer Rolls | 10 pack,$3.50,https://www.coles.com.au/product/coles-bakery-crusty-entertainer-rolls-10-pack-6519730
4461923,Helga's Spinach & Garden Herb Wraps 7 pack | 445g,$5.00,https://www.coles.com.au/product/helga's-spinach-and-garden-herb-wraps-7-pack-445g-4461923
2901978,Abe's Bagels Natural 4 Pack | 360g,$5.50,https://www.coles.com.au/product/abe's-bagels-natural-4-pack-360g-2901978
5014523,Regal New Zealand King Salmon Manuka Woo ... 100g,$10.60,https://www.coles.com.au/product/regal-new-zealand-king-salmon-manuka-wood-smoked-slices-100g-5014523
4986213,Toscano Mini Waffles | 200g,$5.50,https://www.coles.com.au/product/toscano-mini-waffles-200g-4986213
5249684,Burgen Traditional Rye Bread | 700g,$5.90,https://www.coles.com.au/product/burgen-traditional-rye-bread-700g-5249684
4653980,Alpine Wholemeal Lower Carb | 600g,$7.50,https://www.coles.com.au/product/alpine-wholemeal-lower-carb-600g-4653980
8995067,Toscano Choco Chip Waffles 4 pack | 360g,$7.50,https://www.coles.com.au/product/toscano-choco-chip-waffles-4-pack-360g-8995067
2611253,Coles Muffin Choc Chip | 1 each,$1.75,https://www.coles.com.au/product/coles-muffin-choc-chip-1-each-2611253
1597124,Coles Multigrain Dinner Rolls 260g | 6 pack,$2.90,https://www.coles.com.au/product/coles-multigrain-dinner-rolls-260g-6-pack-1597124
2796396,Coles Bakery Portuguese Tart | 2 pack,$3.00,https://www.coles.com.au/product/coles-bakery-portuguese-tart-2-pack-2796396
5689698,Coles Mini Pikelets 24pack | 200g,$3.60,https://www.coles.com.au/product/coles-mini-pikelets-24pack-200g-5689698
2738243,Wonder White Bread Wholegrain Smooth | 700g,$4.40,https://www.coles.com.au/product/wonder-white-bread-wholegrain-smooth-700g-2738243
6712445,Burgen Soy & Linseed Bread | 700g,$5.90,https://www.coles.com.au/product/burgen-soy-and-linseed-bread-700g-6712445
6177374,Mr Kipling Salted Caramel Slice 6 Pack | 165g,$6.00,https://www.coles.com.au/product/mr-kipling-salted-caramel-slice-6-pack-165g-6177374
3633681,Coles Choc Chip Banana Bread Slices 5 Pack | 500g,$6.50,https://www.coles.com.au/product/coles-choc-chip-banana-bread-slices-5-pack-500g-3633681
2611242,Coles Blueberry Muffin Single Serve | 1 each,$1.75,https://www.coles.com.au/product/coles-blueberry-muffin-single-serve-1-each-2611242
3860887,Helgas Mini Loaf Traditional Wholemeal | 360g,$3.50,https://www.coles.com.au/product/helgas-mini-loaf-traditional-wholemeal-360g-3860887
4147850,Coles Bakery Lamington Long John | 2 pack,$5.50,https://www.coles.com.au/product/coles-bakery-lamington-long-john-2-pack-4147850
3237957,Helga's Gluten Free Traditional Wholemeal B ... 500g,$7.50,https://www.coles.com.au/product/helga's-gluten-free-traditional-wholemeal-bread-500g-3237957
3860901,Wonder Mini Loaf White Sandwich Vit Min | 320g,$3.40,https://www.coles.com.au/product/wonder-mini-loaf-white-sandwich-vit-min-320g-3860901
3597861,Coles Bakery Soft Seed Rustic Rolls | 4 pack,$3.75,https://www.coles.com.au/product/coles-bakery-soft-seed-rustic-rolls-4-pack-3597861
2649493,Coles Country Loaf Mixed Grain | 850g,$3.90,https://www.coles.com.au/product/coles-country-loaf-mixed-grain-850g-2649493
3597930,Coles Bakery Stone Baked By Laurent Sourdough ... 1 each,$4.00,https://www.coles.com.au/product/coles-bakery-stone-baked-by-laurent-sourdough-baguette-1-each-3597930
4474845,Helgas Wholemeal Sourdough Bread | 750g,$4.90,https://www.coles.com.au/product/helgas-wholemeal-sourdough-bread-750g-4474845
2901989,Abe's Bagels Sesame 4 Pack | 360g,$5.50,https://www.coles.com.au/product/abe's-bagels-sesame-4-pack-360g-2901989
3576828,Abe's Bagels Everything 4 Pack | 360g,$5.50,https://www.coles.com.au/product/abe's-bagels-everything-4-pack-360g-3576828
3757039,Coles Cupcakes Red Velvet 4 Pack | 288g,$6.25,https://www.coles.com.au/product/coles-cupcakes-red-velvet-4-pack-288g-3757039
8951301,Coles Bakery Wholemeal Vienna | 1 each,$3.20,https://www.coles.com.au/product/coles-bakery-wholemeal-vienna-1-each-8951301
3860912,Wonder Mini Loaf Wholemeal | 320g,$3.40,https://www.coles.com.au/product/wonder-mini-loaf-wholemeal-320g-3860912
1794180,Tip Top Wholemeal Raisin Toast Bread | 600g,$5.20,https://www.coles.com.au/product/tip-top-wholemeal-raisin-toast-bread-600g-1794180
4688496,Helgas 50% Lower Carb Wholemeal & Seed Loaf | 700g,$5.50,https://www.coles.com.au/product/helgas-50percent-lower-carb-wholemeal-and-seed-loaf-700g-4688496
1311414,Coles Carrot Loaf Cake | 500g,$5.60,https://www.coles.com.au/product/coles-carrot-loaf-cake-500g-1311414
5142534,Coles Date & Walnut Slices 5 Pack | 500g,$6.50,https://www.coles.com.au/product/coles-date-and-walnut-slices-5-pack-500g-5142534
5184909,Edwards Sourdough 7 Grain With Barleymax | 680g,$8.50,https://www.coles.com.au/product/edwards-sourdough-7-grain-with-barleymax-680g-5184909
5409088,Coles Bakery Super Sub Rolls  | 2 pack,$2.40,https://www.coles.com.au/product/coles-bakery-super-sub-rolls-2-pack-5409088
3860876,Helgas Mini Loaf Mixed Grain | 415g,$3.50,https://www.coles.com.au/product/helgas-mini-loaf-mixed-grain-415g-3860876
6517654,Tip Top Thins Mixed Grains 6 Pack | 240g,$3.90,https://www.coles.com.au/product/tip-top-thins-mixed-grains-6-pack-240g-6517654
1387154,Coles Hedgehog Slices | 175g,$4.30,https://www.coles.com.au/product/coles-hedgehog-slices-175g-1387154
4474878,Helgas Grains And Seeds Sourdough Bread | 750g,$4.90,https://www.coles.com.au/product/helgas-grains-and-seeds-sourdough-bread-750g-4474878
5213790,Mountain Bread Rye Wraps 8 pack | 200g,$4.90,https://www.coles.com.au/product/mountain-bread-rye-wraps-8-pack-200g-5213790
6826590,Simson's Pantry Nap Mini Wraps Value Pack 12 Pack | 336g,$5.00,https://www.coles.com.au/product/simson's-pantry-nap-mini-wraps-value-pack-12-pack-336g-6826590
3216695,Coles I'M Free From 5 Seed Loaf | 500g,$5.70,https://www.coles.com.au/product/coles-i'm-free-from-5-seed-loaf-500g-3216695
3362915,Lawson's Traditional Settler's Grain Bread | 750g,$5.80,https://www.coles.com.au/product/lawson's-traditional-settler's-grain-bread-750g-3362915
3022247,Coles Toffee Pecan Roulade | 450g,$14.00,https://www.coles.com.au/product/coles-toffee-pecan-roulade-450g-3022247
6202143,MEB Pita Family Wholemeal 6 pack | 225g,$2.40,https://www.coles.com.au/product/meb-pita-family-wholemeal-6-pack-225g-6202143
5871658,Simson's Pantry Garlic & Herb Mini Naans 5 pack | 225g,$3.50,https://www.coles.com.au/product/simson's-pantry-garlic-and-herb-mini-naans-5-pack-225g-5871658
2649471,Coles Country Loaf White | 750g,$3.90,https://www.coles.com.au/product/coles-country-loaf-white-750g-2649471
332394,Tip Top Original English Muffins | 6 pack,$6.00,https://www.coles.com.au/product/tip-top-original-english-muffins-6-pack-332394
5703766,Tip Top Cafe Bread Raisin Toast | 650g,$5.00,https://www.coles.com.au/product/tip-top-cafe-bread-raisin-toast-650g-5703766
8956189,Tip Top The One White Toast Bread | 700g,$4.40,https://www.coles.com.au/product/tip-top-the-one-white-toast-bread-700g-8956189
3738635,Golden Crumpet Toast Bread | 700g,$5.00,https://www.coles.com.au/product/golden-crumpet-toast-bread-700g-3738635
1139480,Tip Top The One Wholemeal Sandwich B ... 700g,$4.40,https://www.coles.com.au/product/tip-top-the-one-wholemeal-sandwich-bread-700g-1139480
9795915,Tip Top Spicy Fruit English Muffins | 6 pack,$6.00,https://www.coles.com.au/product/tip-top-spicy-fruit-english-muffins-6-pack-9795915
7024470,Tip Top Raisin Toast Bread | 520g,$5.20,https://www.coles.com.au/product/tip-top-raisin-toast-bread-520g-7024470
5111440,Noshu 95% Sugar Free Banana Bread Slices | 240g,$6.00,https://www.coles.com.au/product/noshu-95percent-sugar-free-banana-bread-slices-240g-5111440
4406131,Burgen Lower Carb Sunflower & Linseed Bre ... 660g,$7.00,https://www.coles.com.au/product/burgen-lower-carb-sunflower-and-linseed-bread-660g-4406131
4876420,La Fournee Doree Brioche Sliders 10 Pack | 200g,$6.30,https://www.coles.com.au/product/la-fournee-doree-brioche-sliders-10-pack-200g-4876420
7539528,Coles High Protein Loaf | 750g,$5.00,https://www.coles.com.au/product/coles-high-protein-loaf-750g-7539528
5577016,Coles Carrot Cake | 400g,$6.00,https://www.coles.com.au/product/coles-carrot-cake-400g-5577016
8601820,Scones Sultana | 6 pack,$6.00,https://www.coles.com.au/product/scones-sultana-6-pack-8601820
4147838,Coles Bakery Fairy Cupcakes | 6 pack,$6.25,https://www.coles.com.au/product/coles-bakery-fairy-cupcakes-6-pack-4147838
4506839,Coles Mini Dessert Selection | 20 pack,$22.00,https://www.coles.com.au/product/coles-mini-dessert-selection-20-pack-4506839
6206993,Coles Pain Chocolate | 2 pack,$3.50,https://www.coles.com.au/product/coles-pain-chocolate-2-pack-6206993
4222300,Coles Natures Kitchen Vegan Chocolate C ... 130g,$4.00,https://www.coles.com.au/product/coles-natures-kitchen-vegan-chocolate-cupcake-2-pack-130g-4222300
1387165,Coles Lemon Slice | 175g,$4.30,https://www.coles.com.au/product/coles-lemon-slice-175g-1387165
2107606,Mission Pita Pocket Original | 420g,$4.40,https://www.coles.com.au/product/mission-pita-pocket-original-420g-2107606
4395487,Simson's Pantry Low Carb Spinach And Herb 5 pack | 210g,$4.40,https://www.coles.com.au/product/simson's-pantry-low-carb-spinach-and-herb-5-pack-210g-4395487
9280325,Mountain Bread Natural Wraps 8 Pack | 200g,$4.90,https://www.coles.com.au/product/mountain-bread-natural-wraps-8-pack-200g-9280325
5152786,Coles Bakery Banoffee Turnover | 1 Pack,$5.00,https://www.coles.com.au/product/coles-bakery-banoffee-turnover-1-pack-5152786
3765285,Coles Flourless Orange Slice 2 Pack | 200g,$5.50,https://www.coles.com.au/product/coles-flourless-orange-slice-2-pack-200g-3765285
4466938,Coles Gluten Free Wholemeal Loaf | 500g,$5.70,https://www.coles.com.au/product/coles-gluten-free-wholemeal-loaf-500g-4466938
3362926,Lawson's Traditional Stone Mill Whole ... 750g,$5.80,https://www.coles.com.au/product/lawson's-traditional-stone-mill-wholemeal-bread-750g-3362926
1995386,Coles I'M Free From White Wraps | 200g,$6.00,https://www.coles.com.au/product/coles-i'm-free-from-white-wraps-200g-1995386
1997166,Coles Thin & Crispy Pizza Base Large 12inch | 750g,$6.70,https://www.coles.com.au/product/coles-thin-and-crispy-pizza-base-large-12inch-750g-1997166
8951390,Coles Bakery Low Gi 7 Seeds & Grains Vienna | 1 each,$3.20,https://www.coles.com.au/product/coles-bakery-low-gi-7-seeds-and-grains-vienna-1-each-8951390
6332193,We Love Cake Lemon Slices 4 Pack | 120g,$3.45,https://www.coles.com.au/product/we-love-cake-lemon-slices-4-pack-120g-6332193
2864190,Coles Bakery High Fibre Low GI 7 Seeds & Grain Rolls | 4 pack,$3.70,https://www.coles.com.au/product/coles-bakery-high-fibre-low-gi-7-seeds-and-grain-rolls-4-pack-2864190
5057708,Coles Bakery Sponge Mini Jam Rolls | 6 pack,$3.70,https://www.coles.com.au/product/coles-bakery-sponge-mini-jam-rolls-6-pack-5057708
7539540,Coles Country Style High Top Rye Loaf | 680g,$3.90,https://www.coles.com.au/product/coles-country-style-high-top-rye-loaf-680g-7539540
2471234,Mission Soft & Fluffy Wrap 12 pack | 450g,$5.00,https://www.coles.com.au/product/mission-soft-and-fluffy-wrap-12-pack-450g-2471234
5202104,Simson's Pantry Preservative Free Mixed Wholeg ... 528g,$5.00,https://www.coles.com.au/product/simson's-pantry-preservative-free-mixed-wholegrain-large-wraps-8-pack-528g-5202104
7362542,Coles Finest Belgian Waffles | 360g,$5.00,https://www.coles.com.au/product/coles-finest-belgian-waffles-360g-7362542
7111928,Abe's Bagels Blueberry 4 Pack | 360g,$5.50,https://www.coles.com.au/product/abe's-bagels-blueberry-4-pack-360g-7111928
3216710,Coles I'M Free From Fruit Loaf | 500g,$5.95,https://www.coles.com.au/product/coles-i'm-free-from-fruit-loaf-500g-3216710
3757072,Coles Chocolate Mini Cupcakes 9 Pack | 216g,$6.25,https://www.coles.com.au/product/coles-chocolate-mini-cupcakes-9-pack-216g-3757072
4819379,Coles Finest By Laurent Black Olive And Chilli Vi ... 1 each,$7.00,https://www.coles.com.au/product/coles-finest-by-laurent-black-olive-and-chilli-vienna-1-each-4819379
5749712,Wonder White Bread Gluten Free | 470g,$7.00,https://www.coles.com.au/product/wonder-white-bread-gluten-free-470g-5749712
5749734,Tip Top The One Gluten Free Smooth Wh ... 550g,$7.00,https://www.coles.com.au/product/tip-top-the-one-gluten-free-smooth-wholegrain-550g-5749734
3237946,Helga's Gluten Free 5 Seeds Bread | 500g,$7.50,https://www.coles.com.au/product/helga's-gluten-free-5-seeds-bread-500g-3237946
3237968,Helga's Gluten Free Mixed Grain Bread | 500g,$7.50,https://www.coles.com.au/product/helga's-gluten-free-mixed-grain-bread-500g-3237968
7855958,Coles Lamington Crown | 2 pack,$2.90,https://www.coles.com.au/product/coles-lamington-crown-2-pack-7855958
3733948,Coles Gluten Free White Rolls 2 Pack | 140g,$3.60,https://www.coles.com.au/product/coles-gluten-free-white-rolls-2-pack-140g-3733948
5541530,Coles Bakery Snow Drops 8 Pack | 200g,$3.75,https://www.coles.com.au/product/coles-bakery-snow-drops-8-pack-200g-5541530
1387132,Coles Caramel Slice | 175g,$4.30,https://www.coles.com.au/product/coles-caramel-slice-175g-1387132
3313760,Mission Wraps Low Gi Wholemeal 6 Pack | 425g,$4.50,https://www.coles.com.au/product/mission-wraps-low-gi-wholemeal-6-pack-425g-3313760
8636359,Mission Lite Wrap 8 pack | 567g,$4.50,https://www.coles.com.au/product/mission-lite-wrap-8-pack-567g-8636359
5202080,Simson's Pantry Preservative Free Premium Whi ... 528g,$5.00,https://www.coles.com.au/product/simson's-pantry-preservative-free-premium-white-large-wraps-8-pack-528g-5202080
4984648,Abe's Bagels Low Carb 4 Pack | 360g,$5.50,https://www.coles.com.au/product/abe's-bagels-low-carb-4-pack-360g-4984648
3362937,Lawson's Traditional Original White Bread | 750g,$5.80,https://www.coles.com.au/product/lawson's-traditional-original-white-bread-750g-3362937
2847726,Cadbury Raspberry Mini Rolls 5 pack | 130g,$6.00,https://www.coles.com.au/product/cadbury-raspberry-mini-rolls-5-pack-130g-2847726
293099,Tip Top Multigrain English Muffins | 6 pack,$6.00,https://www.coles.com.au/product/tip-top-multigrain-english-muffins-6-pack-293099
3003661,Coles Chocolate Mud Cake Slices 5 pack | 500g,$6.50,https://www.coles.com.au/product/coles-chocolate-mud-cake-slices-5-pack-500g-3003661
3018013,Coles Finest Sourdough Pane Di Casa With S ... 1 pack,$7.00,https://www.coles.com.au/product/coles-finest-sourdough-pane-di-casa-with-sesame-1-pack-3018013
4405467,Coles Finest Macaron Selection | 264g,$22.00,https://www.coles.com.au/product/coles-finest-macaron-selection-264g-4405467
8328572,Baileys Irish Cream Liqueur 700mL | 1 Each,$45.00,https://www.coles.com.au/product/baileys-irish-cream-liqueur-700ml-1-each-8328572
6201876,MEB Pita Family White 6 pack | 225g,$2.40,https://www.coles.com.au/product/meb-pita-family-white-6-pack-225g-6201876
4215337,Noshu 95% Sugar Free Iced Carrot Cakes | 180g,$6.00,https://www.coles.com.au/product/noshu-95percent-sugar-free-iced-carrot-cakes-180g-4215337
6712445,Burgen Soy & Linseed Bread | 700g,$5.90,https://www.coles.com.au/product/burgen-soy-and-linseed-bread-700g-6712445
7120758,Toscano Classic Pizza Bases | 2 Pack,$6.50,https://www.coles.com.au/product/toscano-classic-pizza-bases-2-pack-7120758
5249684,Burgen Traditional Rye Bread | 700g,$5.90,https://www.coles.com.au/product/burgen-traditional-rye-bread-700g-5249684
8995056,Toscano Traditional Butter Waffles 4 pack | 360g,$7.50,https://www.coles.com.au/product/toscano-traditional-butter-waffles-4-pack-360g-8995056
7856644,Toscano Toasting Waffle Classic | 160g,$5.50,https://www.coles.com.au/product/toscano-toasting-waffle-classic-160g-7856644
7171089,Noshu 97% Sugar Free Caramel Mudcake Slices | 170g,$6.00,https://www.coles.com.au/product/noshu-97percent-sugar-free-caramel-mudcake-slices-170g-7171089
4740213,La Fournee Doree Pain Au Chocolat 8 Pack | 360g,$6.70,https://www.coles.com.au/product/la-fournee-doree-pain-au-chocolat-8-pack-360g-4740213
7111859,La Fournee Doree Brioche Burger Buns With Multi Gr ... 250g,$5.85,https://www.coles.com.au/product/la-fournee-doree-brioche-burger-buns-with-multi-grain-4-pack-250g-7111859
4876281,La Fournee Doree Brioche Burger Buns | 250g,$5.85,https://www.coles.com.au/product/la-fournee-doree-brioche-burger-buns-250g-4876281
5073806,Coles Bakery Rock Cakes | 6 pack,$4.80,https://www.coles.com.au/product/coles-bakery-rock-cakes-6-pack-5073806
3013279,Coles Meringue Nests 8 pack | 80g,$4.85,https://www.coles.com.au/product/coles-meringue-nests-8-pack-80g-3013279
4984310,Coles Low Carb High Protein Pizza Base 2 pack | 200g,$5.40,https://www.coles.com.au/product/coles-low-carb-high-protein-pizza-base-2-pack-200g-4984310
6011393,Mr Brownie Chocolate Brownie | 200g,$6.00,https://www.coles.com.au/product/mr-brownie-chocolate-brownie-200g-6011393
7414293,Coles Vanilla Cupcakes | 288g,$6.25,https://www.coles.com.au/product/coles-vanilla-cupcakes-288g-7414293
4406131,Burgen Lower Carb Sunflower & Linseed Bread | 660g,$7.00,https://www.coles.com.au/product/burgen-lower-carb-sunflower-and-linseed-bread-660g-4406131
3237913,Helga's Gluten Free White Bread Slices | 470g,$7.50,https://www.coles.com.au/product/helga's-gluten-free-white-bread-slices-470g-3237913
3207581,Coles Chocolate Celebration Cake | 1.2kg,$15.00,https://www.coles.com.au/product/coles-chocolate-celebration-cake-1.2kg-3207581
6332207,We Love Cake Raspberry Ripple Slices 4 Pack | 118g,$3.45,https://www.coles.com.au/product/we-love-cake-raspberry-ripple-slices-4-pack-118g-6332207
3245048,Coles I'M Free From Double Chocolate Muffins | 2 pack,$3.80,https://www.coles.com.au/product/coles-i'm-free-from-double-chocolate-muffins-2-pack-3245048
2361189,Simson's Pantry Garlic Naan Bread | 250g,$4.00,https://www.coles.com.au/product/simson's-pantry-garlic-naan-bread-250g-2361189
4402505,Coles Mini Pizza Bases | 280g,$4.00,https://www.coles.com.au/product/coles-mini-pizza-bases-280g-4402505
6824245,Toscano Pinsa Style Pizza Base | 230g,$4.50,https://www.coles.com.au/product/toscano-pinsa-style-pizza-base-230g-6824245
7057276,Tip Top White Hamburger Rolls | 6 pack,$4.50,https://www.coles.com.au/product/tip-top-white-hamburger-rolls-6-pack-7057276
3509933,We Love Cake Chocolate Brownies 4 Pack | 150g,$4.75,https://www.coles.com.au/product/we-love-cake-chocolate-brownies-4-pack-150g-3509933
7757121,Green's Strawberries & Cream Lami ... 270g,$5.00,https://www.coles.com.au/product/green's-strawberries-and-cream-lamingtons-4-pack-270g-7757121
7757132,Green's Triple Choc Lamingtons 4 Pack | 270g,$5.00,https://www.coles.com.au/product/green's-triple-choc-lamingtons-4-pack-270g-7757132
5185468,Tip Top Potato Bun | 4 pack,$5.50,https://www.coles.com.au/product/tip-top-potato-bun-4-pack-5185468
2834225,Abbott's Bakery Gluten Free Mixed Seeds Bread | 500g,$7.80,https://www.coles.com.au/product/abbott's-bakery-gluten-free-mixed-seeds-bread-500g-2834225
7533598,Coles Chocolate Iced Cake | 600g,$16.00,https://www.coles.com.au/product/coles-chocolate-iced-cake-600g-7533598
2108960,Coles Belgian Chocolate Gateau | 800g,$19.00,https://www.coles.com.au/product/coles-belgian-chocolate-gateau-800g-2108960
6243162,Coles Bakery Tiger Vienna  | 1 each,$3.20,https://www.coles.com.au/product/coles-bakery-tiger-vienna-1-each-6243162
4161635,Coles Lemon & Raspberry Tarts 6 Pack | 270g,$3.75,https://www.coles.com.au/product/coles-lemon-and-raspberry-tarts-6-pack-270g-4161635
7432921,Coles Chocolate Pikelets 8pack | 200g,$4.00,https://www.coles.com.au/product/coles-chocolate-pikelets-8pack-200g-7432921
9228493,Balconi Trancetto Cacao Cakes 10 pack | 280g,$5.45,https://www.coles.com.au/product/balconi-trancetto-cacao-cakes-10-pack-280g-9228493
7112909,Toscano Brioche English Muffin 5pack | 250g,$6.00,https://www.coles.com.au/product/toscano-brioche-english-muffin-5pack-250g-7112909
2607380,Coles Bakery Banana Bread Slice | 100g,$2.00,https://www.coles.com.au/product/coles-bakery-banana-bread-slice-100g-2607380
6530700,Coles Bakery White Cobb | 1 each,$3.20,https://www.coles.com.au/product/coles-bakery-white-cobb-1-each-6530700
8951196,Coles Bakery Multigrain Vienna | 1 each,$3.20,https://www.coles.com.au/product/coles-bakery-multigrain-vienna-1-each-8951196
5218068,Coles Bakery Salted Caramel Scrolls | 2 pack,$3.50,https://www.coles.com.au/product/coles-bakery-salted-caramel-scrolls-2-pack-5218068
6405220,Breadtop Matcha Custard Bun | 1 each,$3.75,https://www.coles.com.au/product/breadtop-matcha-custard-bun-1-each-6405220
3245037,Coles I'm Free From Blueberry Muffins | 2 pack,$3.80,https://www.coles.com.au/product/coles-i'm-free-from-blueberry-muffins-2-pack-3245037
4654155,Coles 85% Lower Carb High Protein Loaf | 500g,$5.50,https://www.coles.com.au/product/coles-85percent-lower-carb-high-protein-loaf-500g-4654155
7073909,Warburtons Gluten Free Crumpets 4 pack | 290g,$6.50,https://www.coles.com.au/product/warburtons-gluten-free-crumpets-4-pack-290g-7073909
1358134,Vitality Spelt Wholemeal Chia | 580g,$7.00,https://www.coles.com.au/product/vitality-spelt-wholemeal-chia-580g-1358134
6282561,Coles Natures Kitchen Banana Bread Slices ... 400g,$7.50,https://www.coles.com.au/product/coles-natures-kitchen-banana-bread-slices-5-pack-400g-6282561
7073884,Warburtons Gluten Free Super Soft Sliced White ... 232g,$7.90,https://www.coles.com.au/product/warburtons-gluten-free-super-soft-sliced-white-rolls-4-pack-232g-7073884
6750637,Edwards Sourdough Spelt Wholemeal Bread | 680g,$8.50,https://www.coles.com.au/product/edwards-sourdough-spelt-wholemeal-bread-680g-6750637
7074016,Warburtons Gluten Free White Tiger Bloomer Cob | 400g,$9.00,https://www.coles.com.au/product/warburtons-gluten-free-white-tiger-bloomer-cob-400g-7074016
5148257,Coles Mini Tart Selection 6 Pack | 210g,$9.50,https://www.coles.com.au/product/coles-mini-tart-selection-6-pack-210g-5148257
3022236,Coles Lemon Roulade | 450g,$14.00,https://www.coles.com.au/product/coles-lemon-roulade-450g-3022236
6177396,Mr Kipling Choc Brownie Bites 10 Pack | 120g,$3.45,https://www.coles.com.au/product/mr-kipling-choc-brownie-bites-10-pack-120g-6177396
8782565,Coles Bakery Jam Sponge Roll | 400g,$3.70,https://www.coles.com.au/product/coles-bakery-jam-sponge-roll-400g-8782565
3824500,Coles I'M Free From Turkish Bread | 200g,$5.10,https://www.coles.com.au/product/coles-i'm-free-from-turkish-bread-200g-3824500
7044048,Helga's Protein Loaf | 750g,$5.50,https://www.coles.com.au/product/helga's-protein-loaf-750g-7044048
7855991,Coles Mini Danish Selection | 8 pack,$5.50,https://www.coles.com.au/product/coles-mini-danish-selection-8-pack-7855991
3870825,Mission Crust Plain Pizza | 400g,$5.60,https://www.coles.com.au/product/mission-crust-plain-pizza-400g-3870825
4215337,Noshu 95% Sugar Free Iced Carrot Cakes | 180g,$6.00,https://www.coles.com.au/product/noshu-95percent-sugar-free-iced-carrot-cakes-180g-4215337
4986213,Toscano Mini Waffles | 200g,$5.50,https://www.coles.com.au/product/toscano-mini-waffles-200g-4986213
2902427,Toscano Crepes Chocolate | 180g,$6.00,https://www.coles.com.au/product/toscano-crepes-chocolate-180g-2902427
7856655,Coles Toscano French Strawberry Crepe | 180g,$6.00,https://www.coles.com.au/product/coles-toscano-french-strawberry-crepe-180g-7856655
4876394,La Fournee Doree Brioche Burger Buns With Sesame ... 250g,$6.60,https://www.coles.com.au/product/la-fournee-doree-brioche-burger-buns-with-sesame-seeds-4-pack-250g-4876394
3377005,La Fournee Doree Hand Braided Butter Brioche | 400g,$8.40,https://www.coles.com.au/product/la-fournee-doree-hand-braided-butter-brioche-400g-3377005
2298297,Toscano Gluten Free Pizza Base | 180g,$7.00,https://www.coles.com.au/product/toscano-gluten-free-pizza-base-180g-2298297
8995067,Toscano Choco Chip Waffles 4 pack | 360g,$7.50,https://www.coles.com.au/product/toscano-choco-chip-waffles-4-pack-360g-8995067
4876292,La Fournee Doree Split Top Brioche Hot Dog Roll ... 300g,$5.85,https://www.coles.com.au/product/la-fournee-doree-split-top-brioche-hot-dog-rolls-6-pack-300g-4876292
3476925,La Fournee Doree Sliced Brioche Loaf Plain | 500g,$8.40,https://www.coles.com.au/product/la-fournee-doree-sliced-brioche-loaf-plain-500g-3476925
5574787,Toscano Brioche Burger Bun | 200g,$6.00,https://www.coles.com.au/product/toscano-brioche-burger-bun-200g-5574787
5019651,Coles Carrot Cupcakes 4 Pack | 288g,$6.25,https://www.coles.com.au/product/coles-carrot-cupcakes-4-pack-288g-5019651
3226746,Coles Mud Cake Decorated | 700g,$9.50,https://www.coles.com.au/product/coles-mud-cake-decorated-700g-3226746
6177400,Mr Kipling Signature Choc Caramel Bites 10 Pack | 140g,$3.45,https://www.coles.com.au/product/mr-kipling-signature-choc-caramel-bites-10-pack-140g-6177400
4330685,Simson's Pantry Low Carb Mini 6 pack | 156g,$4.00,https://www.coles.com.au/product/simson's-pantry-low-carb-mini-6-pack-156g-4330685
6913695,Helga's Soy Linseed Bread | 850g,$4.90,https://www.coles.com.au/product/helga's-soy-linseed-bread-850g-6913695
7111940,Abe's Bagels Supergrain 4 Pack | 360g,$5.50,https://www.coles.com.au/product/abe's-bagels-supergrain-4-pack-360g-7111940
7570233,Coles White Mud Cake | 600g,$5.75,https://www.coles.com.au/product/coles-white-mud-cake-600g-7570233
5111440,Noshu 95% Sugar Free Banana Bread Slices | 240g,$6.00,https://www.coles.com.au/product/noshu-95percent-sugar-free-banana-bread-slices-240g-5111440
5088122,Balconi Mix Max Cocoa Cakes 10 pack | 350g,$6.15,https://www.coles.com.au/product/balconi-mix-max-cocoa-cakes-10-pack-350g-5088122
3757050,Coles Fantasy Cupcakes 4 Pack | 288g,$6.25,https://www.coles.com.au/product/coles-fantasy-cupcakes-4-pack-288g-3757050
3757061,Coles Vanilla Mini Cupcakes 9 Pack | 216g,$6.25,https://www.coles.com.au/product/coles-vanilla-mini-cupcakes-9-pack-216g-3757061
6420621,Burgen Cholesterol Lowering Wholegrain A ... 700g,$7.00,https://www.coles.com.au/product/burgen-cholesterol-lowering-wholegrain-and-oats-bread-700g-6420621
3216913,Abbott's Bakery Gluten Free Rustic White Bread | 500g,$7.80,https://www.coles.com.au/product/abbott's-bakery-gluten-free-rustic-white-bread-500g-3216913
6310871,Coles Natures Kitchen Carrot Cake | 450g,$9.00,https://www.coles.com.au/product/coles-natures-kitchen-carrot-cake-450g-6310871
4420008,Coles Bakery Stone Baked Mini Rustic Baguette | 2 pack,$4.00,https://www.coles.com.au/product/coles-bakery-stone-baked-mini-rustic-baguette-2-pack-4420008
6576438,Simson's Pantry Premium Mini Pizza Bases Garlic ... 240g,$4.00,https://www.coles.com.au/product/simson's-pantry-premium-mini-pizza-bases-garlic-and-herb-6-pack-240g-6576438
3639597,Mission Salt Reduced Wraps 8 pack | 567g,$4.50,https://www.coles.com.au/product/mission-salt-reduced-wraps-8-pack-567g-3639597
1358123,Vitality Ryegrid Sourdough | 700g,$5.50,https://www.coles.com.au/product/vitality-ryegrid-sourdough-700g-1358123
5930189,The Little Bakery Co. Milk Burger Bun 4pk | 300g,$5.50,https://www.coles.com.au/product/the-little-bakery-co.-milk-burger-bun-4pk-300g-5930189
3904712,Coles Caramel Mud Cake | 600g,$5.75,https://www.coles.com.au/product/coles-caramel-mud-cake-600g-3904712
7864744,Coles Bakery Dark Fruit Cake | 800g,$6.80,https://www.coles.com.au/product/coles-bakery-dark-fruit-cake-800g-7864744
3751790,Abbott's Bakery Gluten Free Farmhouse ... 500g,$7.80,https://www.coles.com.au/product/abbott's-bakery-gluten-free-farmhouse-wholemeal-bread-500g-3751790
7028926,Coles Finest Chocolate Raspberry Cheesecake | 600g,$15.00,https://www.coles.com.au/product/coles-finest-chocolate-raspberry-cheesecake-600g-7028926
3871726,Helga's Turkish Loaf | 450g,$3.60,https://www.coles.com.au/product/helga's-turkish-loaf-450g-3871726
7741030,Simsons Pantry High Protein Low Carb Wholemeal ... 210g,$4.40,https://www.coles.com.au/product/simsons-pantry-high-protein-low-carb-wholemeal-wrap-5-pack-210g-7741030
5862588,Mission Mini Wrap Wholegrain 8 pack | 384g,$4.50,https://www.coles.com.au/product/mission-mini-wrap-wholegrain-8-pack-384g-5862588
7057200,Tip Top White Bread Hot Dog Rolls | 6 pack,$4.50,https://www.coles.com.au/product/tip-top-white-bread-hot-dog-rolls-6-pack-7057200
7863606,Mission Whole Wheat Mini Wraps 8 pack | 384g,$4.50,https://www.coles.com.au/product/mission-whole-wheat-mini-wraps-8-pack-384g-7863606
3172840,Alpine Spelt & Barley | 640g,$5.80,https://www.coles.com.au/product/alpine-spelt-and-barley-640g-3172840
7078265,Warburtons Original Thin Bagels 6 pack | 300g,$6.00,https://www.coles.com.au/product/warburtons-original-thin-bagels-6-pack-300g-7078265
7171089,Noshu 97% Sugar Free Caramel Mudcake Slic ... 170g,$6.00,https://www.coles.com.au/product/noshu-97percent-sugar-free-caramel-mudcake-slices-170g-7171089
3757028,Coles Cupcakes Chocolate 4 Pack | 288g,$6.25,https://www.coles.com.au/product/coles-cupcakes-chocolate-4-pack-288g-3757028
3499068,Tip Top White Gourmet Pizza Base 2 pack | 440g,$6.40,https://www.coles.com.au/product/tip-top-white-gourmet-pizza-base-2-pack-440g-3499068
3172830,Alpine Spelt And Sprouted Grains | 640g,$6.80,https://www.coles.com.au/product/alpine-spelt-and-sprouted-grains-640g-3172830
4406109,Abbott's Village Bakery Gluten Free Sourdough G ... 500g,$8.30,https://www.coles.com.au/product/abbott's-village-bakery-gluten-free-sourdough-grain-and-seeds-500g-4406109
5529206,Coles Passionfruit Cheesecake Bar | 520g,$14.00,https://www.coles.com.au/product/coles-passionfruit-cheesecake-bar-520g-5529206
3871737,Helga's Turkish Rolls | 400g,$3.60,https://www.coles.com.au/product/helga's-turkish-rolls-400g-3871737
6405195,Breadtop Chocolate Ganache Bun | 1 each,$3.75,https://www.coles.com.au/product/breadtop-chocolate-ganache-bun-1-each-6405195
3313727,Mission Low Carb Wraps 6 pack | 288g,$4.50,https://www.coles.com.au/product/mission-low-carb-wraps-6-pack-288g-3313727
7856644,Toscano Toasting Waffle Classic | 160g,$5.50,https://www.coles.com.au/product/toscano-toasting-waffle-classic-160g-7856644
6201049,MEB Wraps Zaatar | 300g,$5.70,https://www.coles.com.au/product/meb-wraps-zaatar-300g-6201049
7078287,Warburtons Cinnamon & Raisin Thin Bagels 6 ... 300g,$6.00,https://www.coles.com.au/product/warburtons-cinnamon-and-raisin-thin-bagels-6-pack-300g-7078287
7111848,Vegan Brioche Burger 4 Pack | 250g,$6.15,https://www.coles.com.au/product/vegan-brioche-burger-4-pack-250g-7111848
3751724,Liberate Gluten Free Crumpet | 240g,$7.00,https://www.coles.com.au/product/liberate-gluten-free-crumpet-240g-3751724
7112909,Toscano Brioche English Muffin 5pack | 250g,$6.00,https://www.coles.com.au/product/toscano-brioche-english-muffin-5pack-250g-7112909
7669013,Bfree Low Carb High Protein Wraps | 210g,$8.40,https://www.coles.com.au/product/bfree-low-carb-high-protein-wraps-210g-7669013
3475490,Mr Kipling Unicorn Fancies 8 Pack | 205g,$4.00,https://www.coles.com.au/product/mr-kipling-unicorn-fancies-8-pack-205g-3475490
5016391,Mr Kipling Lemon Bakewell | 225g,$4.00,https://www.coles.com.au/product/mr-kipling-lemon-bakewell-225g-5016391
3269159,Coles Vanilla Flavoured Meringue Kisses | 100g,$4.40,https://www.coles.com.au/product/coles-vanilla-flavoured-meringue-kisses-100g-3269159
7539550,Coles Finest Wholemeal Loaf | 750g,$5.00,https://www.coles.com.au/product/coles-finest-wholemeal-loaf-750g-7539550
2603798,Jon-Jon Ginger Kisses Cream Filled Sponge Cake ... 200g,$5.30,https://www.coles.com.au/product/jon-jon-ginger-kisses-cream-filled-sponge-cake-8-pack-200g-2603798
5245344,Helga's Prebiotic Wholemeal Barley Loaf | 700g,$5.50,https://www.coles.com.au/product/helga's-prebiotic-wholemeal-barley-loaf-700g-5245344
4991100,Coles Lightly Fruited Sultana Cake | 800g,$5.85,https://www.coles.com.au/product/coles-lightly-fruited-sultana-cake-800g-4991100
7111859,La Fournee Doree Brioche Burger Buns With Multi Gr ... 250g,$5.85,https://www.coles.com.au/product/la-fournee-doree-brioche-burger-buns-with-multi-grain-4-pack-250g-7111859
5577038,Coles Banana Caramel Cake | 400g,$6.00,https://www.coles.com.au/product/coles-banana-caramel-cake-400g-5577038
4963047,Simson's Pantry Low Carb Garlic & Herb + Protein | 420g,$6.50,https://www.coles.com.au/product/simson's-pantry-low-carb-garlic-and-herb-+-protein-420g-4963047
5749723,Wonder White Bread Gluten Free Wholemeal | 500g,$7.00,https://www.coles.com.au/product/wonder-white-bread-gluten-free-wholemeal-500g-5749723
5652552,We Love Cake Salted Caramel & Chocolate Tarts | 2 pack,$7.50,https://www.coles.com.au/product/we-love-cake-salted-caramel-and-chocolate-tarts-2-pack-5652552
7073895,Warburtons Gluten Free Soft Sliced Brioche Rolls ... 232g,$7.90,https://www.coles.com.au/product/warburtons-gluten-free-soft-sliced-brioche-rolls-4-pack-232g-7073895
3736811,Coles Apple Pie | 550g,$9.85,https://www.coles.com.au/product/coles-apple-pie-550g-3736811
7533587,Coles Iced Carrot Cake | 650g,$16.00,https://www.coles.com.au/product/coles-iced-carrot-cake-650g-7533587
2739304,Coles Rainbow Cake | 970g,$22.00,https://www.coles.com.au/product/coles-rainbow-cake-970g-2739304
5115134,The Little Bakery Co. Vegan Chocolate Macaroons 6 ... 190g,$4.00,https://www.coles.com.au/product/the-little-bakery-co.-vegan-chocolate-macaroons-6-pack-190g-5115134
4319150,Coles Gluten Free Bagels 4 Pack | 240g,$5.20,https://www.coles.com.au/product/coles-gluten-free-bagels-4-pack-240g-4319150
2679042,Coles Bakery Mini Wholemeal Cheesy Vegemite Sc ... 4 pack,$5.30,https://www.coles.com.au/product/coles-bakery-mini-wholemeal-cheesy-vegemite-scrolls-4-pack-2679042
5185479,Tip Top Gourmet Bun | 4 pack,$5.50,https://www.coles.com.au/product/tip-top-gourmet-bun-4-pack-5185479
5245355,Helga's Prebiotic Ancient Grains Seed Loaf | 700g,$5.50,https://www.coles.com.au/product/helga's-prebiotic-ancient-grains-seed-loaf-700g-5245355
2995993,Cadbury Caramel Cake Bars | 105g,$6.00,https://www.coles.com.au/product/cadbury-caramel-cake-bars-105g-2995993
7441117,Coles Dreams Crumb True Cupcakes Filled With Biscoff | 2 pack,$6.00,https://www.coles.com.au/product/coles-dreams-crumb-true-cupcakes-filled-with-biscoff-2-pack-7441117
7441128,Coles Dreams Crumb True Loaded Brownies | 4 pack,$6.00,https://www.coles.com.au/product/coles-dreams-crumb-true-loaded-brownies-4-pack-7441128
7577731,Coles Sponge Unfilled Rectangular | 450g,$6.20,https://www.coles.com.au/product/coles-sponge-unfilled-rectangular-450g-7577731
1595548,Coles Gluten Free Pizza Base | 300g,$6.50,https://www.coles.com.au/product/coles-gluten-free-pizza-base-300g-1595548
4654020,Old Time Bakery Gluten Free Lebanese Bread | 280g,$6.50,https://www.coles.com.au/product/old-time-bakery-gluten-free-lebanese-bread-280g-4654020
6363528,Coles 70% Lower Carb English Muffins 4 Pack | 200g,$6.50,https://www.coles.com.au/product/coles-70percent-lower-carb-english-muffins-4-pack-200g-6363528
7741835,Toscano Mini Pizza Base 4 Pack | 360g,$6.50,https://www.coles.com.au/product/toscano-mini-pizza-base-4-pack-360g-7741835
7864722,Coles Bakery Fruit Cake Light | 800g,$6.80,https://www.coles.com.au/product/coles-bakery-fruit-cake-light-800g-7864722
7668994,Bfree Pita Breads | 220g,$7.00,https://www.coles.com.au/product/bfree-pita-breads-220g-7668994
6252425,Coles Celebration Layer Cake | 970g,$26.00,https://www.coles.com.au/product/coles-celebration-layer-cake-970g-6252425
3733981,Coles Gluten Free Brioche Style Rolls 2 Pack | 140g,$3.50,https://www.coles.com.au/product/coles-gluten-free-brioche-style-rolls-2-pack-140g-3733981
3733992,Coles IM Free From English Muffins | 140g,$3.50,https://www.coles.com.au/product/coles-im-free-from-english-muffins-140g-3733992
4307560,Coles Bakery White Loaf | 800g,$3.50,https://www.coles.com.au/product/coles-bakery-white-loaf-800g-4307560
5216619,Coles Bakery Wholemeal Loaf | 800g,$3.50,https://www.coles.com.au/product/coles-bakery-wholemeal-loaf-800g-5216619
3217654,Mr Kipling French Fancies Selection Cakes 8 Pack | 205g,$4.00,https://www.coles.com.au/product/mr-kipling-french-fancies-selection-cakes-8-pack-205g-3217654
7539561,Coles Finest Traditional White Loaf | 750g,$5.00,https://www.coles.com.au/product/coles-finest-traditional-white-loaf-750g-7539561
3673664,Coles Vol Au Vent 4 Pack | 108g,$5.85,https://www.coles.com.au/product/coles-vol-au-vent-4-pack-108g-3673664
2995982,Cadbury Milk Chocolate Cake Bars | 105g,$6.00,https://www.coles.com.au/product/cadbury-milk-chocolate-cake-bars-105g-2995982
4654133,Herman Brot Complete Protein Bread | 500g,$7.00,https://www.coles.com.au/product/herman-brot-complete-protein-bread-500g-4654133
7669002,Bfree Sweet Potato Wraps | 210g,$8.40,https://www.coles.com.au/product/bfree-sweet-potato-wraps-210g-7669002
7855969,Coles Golden Oat Crown | 2 pack,$2.90,https://www.coles.com.au/product/coles-golden-oat-crown-2-pack-7855969
6823560,Helga's Peri Peri Wrap | 445g,$5.00,https://www.coles.com.au/product/helga's-peri-peri-wrap-445g-6823560
6395900,Dreams Crumb True Mixed Brookies | 4 pack,$6.50,https://www.coles.com.au/product/dreams-crumb-true-mixed-brookies-4-pack-6395900
4860930,Alpine Bread Rye Sour | 640g,$6.80,https://www.coles.com.au/product/alpine-bread-rye-sour-640g-4860930
4654122,Herman Brot Low Carb Bread | 600g,$6.90,https://www.coles.com.au/product/herman-brot-low-carb-bread-600g-4654122
7162463,Coles Pink Vanilla Drip Cake | 1.2kg,$28.00,https://www.coles.com.au/product/coles-pink-vanilla-drip-cake-1.2kg-7162463
7481326,Breadtop Cranberry & Cheese Bun | 1 each,$3.75,https://www.coles.com.au/product/breadtop-cranberry-and-cheese-bun-1-each-7481326
3612706,Tip Top Burger Thins | 200g,$3.90,https://www.coles.com.au/product/tip-top-burger-thins-200g-3612706
3499057,Tip Top Gourmet Wholemeal Pizza Bases 2 pack | 440g,$6.40,https://www.coles.com.au/product/tip-top-gourmet-wholemeal-pizza-bases-2-pack-440g-3499057
5749687,Herman Brot Lower Carb Lower Carb High Protei ... 550g,$7.40,https://www.coles.com.au/product/herman-brot-lower-carb-lower-carb-high-protein-sourdough-loaf-550g-5749687
2834247,Abbott's Bakery Gluten Free Soy And Linseed Bread | 500g,$7.80,https://www.coles.com.au/product/abbott's-bakery-gluten-free-soy-and-linseed-bread-500g-2834247
7162452,Coles Chocolate Drip Cake | 1.2kg,$28.00,https://www.coles.com.au/product/coles-chocolate-drip-cake-1.2kg-7162452
5749698,Herman Brot Complete Complete Protein Buns ... 120g,$3.60,https://www.coles.com.au/product/herman-brot-complete-complete-protein-buns-2-pack-120g-5749698
1777410,Mr Kipling Cherry & Almond Bakewells Tarts 6 pack | 250g,$4.00,https://www.coles.com.au/product/mr-kipling-cherry-and-almond-bakewells-tarts-6-pack-250g-1777410
4327239,Mission Low Carb Spinach And Herb Wrap | 288g,$4.50,https://www.coles.com.au/product/mission-low-carb-spinach-and-herb-wrap-288g-4327239
4315080,Simson's Pantry Low Carb Keto 5 pack | 200g,$4.80,https://www.coles.com.au/product/simson's-pantry-low-carb-keto-5-pack-200g-4315080
5862475,Mission Soft & Fluffy Butter Wrap 12 pack | 450g,$5.00,https://www.coles.com.au/product/mission-soft-and-fluffy-butter-wrap-12-pack-450g-5862475
7212608,Mr Kipling Dark Fruit Cake Slice | 6 pack,$5.00,https://www.coles.com.au/product/mr-kipling-dark-fruit-cake-slice-6-pack-7212608
3750426,Vitality Homestyle Low Carb Loaf | 520g,$6.35,https://www.coles.com.au/product/vitality-homestyle-low-carb-loaf-520g-3750426
4230920,Coles Rocky Road | 250g,$6.50,https://www.coles.com.au/product/coles-rocky-road-250g-4230920
3745481,Alpine Low Carb | 600g,$7.50,https://www.coles.com.au/product/alpine-low-carb-600g-3745481
5652520,We Love Cake Lemon Tarts | 2 pack,$7.50,https://www.coles.com.au/product/we-love-cake-lemon-tarts-2-pack-5652520
7019299,Coles Vanilla Koala Cake | 583g,$29.00,https://www.coles.com.au/product/coles-vanilla-koala-cake-583g-7019299
1855456,Coles Tart Shells | 6 pack,$4.00,https://www.coles.com.au/product/coles-tart-shells-6-pack-1855456
5120430,Noshu 95% Sugar Free Birthday Cake Donut | 45g,$4.00,https://www.coles.com.au/product/noshu-95percent-sugar-free-birthday-cake-donut-45g-5120430
5120575,Noshu 95% Sugar Free Dark Choc Raspberry Don ... 45g,$4.00,https://www.coles.com.au/product/noshu-95percent-sugar-free-dark-choc-raspberry-donut-45g-5120575
5120586,Noshu 95% Sugar Free Caramel Spice Donut | 45g,$4.00,https://www.coles.com.au/product/noshu-95percent-sugar-free-caramel-spice-donut-45g-5120586
6177385,Mr Kipling Caramel Bakewell 6 Pack | 230g,$4.00,https://www.coles.com.au/product/mr-kipling-caramel-bakewell-6-pack-230g-6177385
7112920,Simson's Pantry Vegemite Minis Ltd Edition Wra ... 224g,$5.00,https://www.coles.com.au/product/simson's-pantry-vegemite-minis-ltd-edition-wraps-8-pack-224g-7112920
3824497,Coles I'M Free From Focaccia | 250g,$5.20,https://www.coles.com.au/product/coles-i'm-free-from-focaccia-250g-3824497
4868782,Cadbury Mixed Cupcakes 6pack | 270g,$8.00,https://www.coles.com.au/product/cadbury-mixed-cupcakes-6pack-270g-4868782
4152918,Coles Rainbow Cake | 1.4kg,$31.00,https://www.coles.com.au/product/coles-rainbow-cake-1.4kg-4152918
7907982,Rebel Power Seeds Everything Wrap 6 pack | 270g,$6.50,https://www.coles.com.au/product/rebel-power-seeds-everything-wrap-6-pack-270g-7907982
7908012,Rebel Capsicum & Roasted Garlic Wrap 6 pack | 270g,$6.50,https://www.coles.com.au/product/rebel-capsicum-and-roasted-garlic-wrap-6-pack-270g-7908012
7043974,Edwards Higher Protein Lower Carb Sourdough | 680g,$8.50,https://www.coles.com.au/product/edwards-higher-protein-lower-carb-sourdough-680g-7043974
5559149,Bennett St Dairy Salted Caramel & White Chocol ... 500g,$13.00,https://www.coles.com.au/product/bennett-st-dairy-salted-caramel-and-white-chocolate-dough-500g-5559149
5862883,Helga's Sweet Potato Wrap | 445g,$5.00,https://www.coles.com.au/product/helga's-sweet-potato-wrap-445g-5862883
5559138,Bennett St Dairy Original Chocolate Cookie Dough | 500g,$13.00,https://www.coles.com.au/product/bennett-st-dairy-original-chocolate-cookie-dough-500g-5559138
4739382,Cremorn St Bakers Double Chocolate Cake 5'' | 1 each,$25.00,https://www.coles.com.au/product/cremorn-st-bakers-double-chocolate-cake-5''-1-each-4739382
7019696,Coles Snag Sausage Dog Cake | 534g,$29.00,https://www.coles.com.au/product/coles-snag-sausage-dog-cake-534g-7019696
3672049,Coles Rich Chocolate Cake | 1600g,$41.00,https://www.coles.com.au/product/coles-rich-chocolate-cake-1600g-3672049
3645523,Cremorne Street Bakers Cake Carrot Orange & W ... 1 each,$5.00,https://www.coles.com.au/product/cremorne-street-bakers-cake-carrot-orange-and-walnut-1-each-3645523
6823592,Helga's Mexican Nacho Spice Wrap | 445g,$5.00,https://www.coles.com.au/product/helga's-mexican-nacho-spice-wrap-445g-6823592
7908001,Rebel Golden Goodness Wrap 6 pack | 270g,$6.50,https://www.coles.com.au/product/rebel-golden-goodness-wrap-6-pack-270g-7908001
4824776,Edwards Sourdough Yeast Free Soya Linseed Bread | 680g,$8.50,https://www.coles.com.au/product/edwards-sourdough-yeast-free-soya-linseed-bread-680g-4824776
6750794,Edwards Sourdough Spelt Grain With Barleymax | 680g,$8.50,https://www.coles.com.au/product/edwards-sourdough-spelt-grain-with-barleymax-680g-6750794
3765161,Laucke Stoneground Rustic White | 2.4kg,$10.90,https://www.coles.com.au/product/laucke-stoneground-rustic-white-2.4kg-3765161
3862984,Coles Bakery High Top Half Sandwich Loaf | 320g,$1.50,https://www.coles.com.au/product/coles-bakery-high-top-half-sandwich-loaf-320g-3862984
3862995,Coles Bakery High Top Half Toast Loaf | 320g,$1.50,https://www.coles.com.au/product/coles-bakery-high-top-half-toast-loaf-320g-3862995
6335169,Coles Vegan Jumbo Chocolate Chip Cookie | 1 each,$2.25,https://www.coles.com.au/product/coles-vegan-jumbo-chocolate-chip-cookie-1-each-6335169
4459240,Coles Bakery 50% Lower Carb White Toast Loaf | 680g,$3.70,https://www.coles.com.au/product/coles-bakery-50percent-lower-carb-white-toast-loaf-680g-4459240
4459251,Coles Bakery 50% Lower Carb White Sandwhich | 680g,$3.70,https://www.coles.com.au/product/coles-bakery-50percent-lower-carb-white-sandwhich-680g-4459251
4459262,Coles Bakery 50% Lower Carb Rolls | 4 pack,$3.70,https://www.coles.com.au/product/coles-bakery-50percent-lower-carb-rolls-4-pack-4459262
7541360,Coles Bakery Funfetti Cookies | 12 pack,$3.80,https://www.coles.com.au/product/coles-bakery-funfetti-cookies-12-pack-7541360
4754568,Coles Bakery Mini White Flatbread | 6 pack,$4.00,https://www.coles.com.au/product/coles-bakery-mini-white-flatbread-6-pack-4754568
5748389,Coles Bakery Stone Baked Light Rye Sub Roll | 2 pack,$4.00,https://www.coles.com.au/product/coles-bakery-stone-baked-light-rye-sub-roll-2-pack-5748389
5486318,Coles Dreams Crumb True  Chocolate- Caramel & ... 4 pack,$5.20,https://www.coles.com.au/product/coles-dreams-crumb-true-chocolate-caramel-and-fudge-cookies-4-pack-5486318
7448262,Coles White Choc And Caramel Fudge Dreams Cru ... 4 pack,$5.20,https://www.coles.com.au/product/coles-white-choc-and-caramel-fudge-dreams-crumb-true-cookie-4-pack-7448262
6415213,Abe's Bagels Brioche 4 Pack | 360g,$5.50,https://www.coles.com.au/product/abe's-bagels-brioche-4-pack-360g-6415213
3307633,Coles Bakery Chocolate Cream Filled Prof ... 12 pack,$5.75,https://www.coles.com.au/product/coles-bakery-chocolate-cream-filled-profiteroles-12-pack-3307633
4147816,Coles Bakery Iced Cupcakes | 6 pack,$6.00,https://www.coles.com.au/product/coles-bakery-iced-cupcakes-6-pack-4147816
6437690,Coles Bakery Ultimate Choc Chip Value | 12 pack,$6.30,https://www.coles.com.au/product/coles-bakery-ultimate-choc-chip-value-12-pack-6437690
6573349,Dmiid White Chocolate Caramel & Cookies An ... 2 pack,$6.50,https://www.coles.com.au/product/dmiid-white-chocolate-caramel-and-cookies-and-cream-2-pack-6573349
7541381,Coles Bakery Party Pack | 24 pack,$6.50,https://www.coles.com.au/product/coles-bakery-party-pack-24-pack-7541381
7747048,Dmiid Lamington Style Donuts | 2 pack,$6.50,https://www.coles.com.au/product/dmiid-lamington-style-donuts-2-pack-7747048
2270254,Alpine Protein Bread | 680g,$6.80,https://www.coles.com.au/product/alpine-protein-bread-680g-2270254
5576068,Cadbury Dairy Milk Freddo Cupcakes 6 Pack | 270g,$8.00,https://www.coles.com.au/product/cadbury-dairy-milk-freddo-cupcakes-6-pack-270g-5576068
6573611,Dmiid Caramel And Salted Peanut Butter White Choc ... 4 pack,$12.00,https://www.coles.com.au/product/dmiid-caramel-and-salted-peanut-butter-white-chocolate-caramel-cookies-and-cream-and-strawberry-iced-4-pack-6573611
6573644,Dmiid White Chocolate Raspberry Lemon Coc ... 4 pack,$12.00,https://www.coles.com.au/product/dmiid-white-chocolate-raspberry-lemon-coconut-chocolate-caramel-and-boston-custard-4-pack-6573644
6395794,Coles Finest Mini Tart Selection | 6 pack,$13.00,https://www.coles.com.au/product/coles-finest-mini-tart-selection-6-pack-6395794
