8836813,Coles Deli Thawed Australian MSC Raw Bana ... approx 250g,$3.75,https://www.coles.com.au/product/coles-deli-thawed-australian-msc-raw-banana-prawns-approx.-250g-8836813
3055519,Primo Short Cut Bacon | 1 kg,$12.00,https://www.coles.com.au/product/primo-short-cut-bacon-1-kg-3055519
3055494,Primo Streaky Rindless Bacon | 200g,$6.80,https://www.coles.com.au/product/primo-streaky-rindless-bacon-200g-3055494
4260568,Primo Short Cut Bacon | 200g,$6.80,https://www.coles.com.au/product/primo-short-cut-bacon-200g-4260568
4259897,Primo Rindless Middle Bacon | 250g,$6.80,https://www.coles.com.au/product/primo-rindless-middle-bacon-250g-4259897
5008360,Primo Short Cut Salt Reduced Rindless Bacon | 200g,$6.80,https://www.coles.com.au/product/primo-short-cut-salt-reduced-rindless-bacon-200g-5008360
2686693,Coles Deli Thawed Australian Cooked Black ... approx 250g,$9.00,https://www.coles.com.au/product/coles-deli-thawed-australian-cooked-black-tiger-prawns-extra-large-approx.-250g-2686693
9672959,Coles Deli Thawed Australian Cooked Black ... approx 250g,$8.00,https://www.coles.com.au/product/coles-deli-thawed-australian-cooked-black-tiger-prawns-large-approx.-250g-9672959
3954674,Coles Deli Thawed Raw Black Tiger Praw ... approx 250g,$7.25,https://www.coles.com.au/product/coles-deli-thawed-raw-black-tiger-prawns-approx.-250g-3954674
1890118,Bertocchi Triple Smoked Leg Ham | approx 100g,$3.50,https://www.coles.com.au/product/bertocchi-triple-smoked-leg-ham-approx.-100g-1890118
3359400,Coles ... approx 100g,$2.80,https://www.coles.com.au/product/coles-rspca-approved-bbq-roasted-chicken-breast-approx.-100g-3359400
3830616,Coles Signature Grazing Platter | 1 each,$55.00,https://www.coles.com.au/product/coles-signature-grazing-platter-1-each-3830616
3830886,Coles Artisan Grazing Platter | 1 each,$35.00,https://www.coles.com.au/product/coles-artisan-grazing-platter-1-each-3830886
2271188,Coles RSPCA Approved Whole Chicken Ro ... 1 each,$12.00,https://www.coles.com.au/product/coles-rspca-approved-whole-chicken-roast-1-each-2271188
4725708,Continental Alfredo Pasta & Sauce Serves 3 | 85g,$1.50,https://www.coles.com.au/product/continental-alfredo-pasta-and-sauce-serves-3-85g-4725708
3052929,Don Virginian Leg Ham Sliced | approx 100g,$2.80,https://www.coles.com.au/product/don-virginian-leg-ham-sliced-approx.-100g-3052929
8106800,Coles Deli Fresh Tasmanian Salmon Porti ... approx 200g,$8.40,https://www.coles.com.au/product/coles-deli-fresh-tasmanian-salmon-portions-skin-on-approx.-200g-8106800
2271199,Coles Deli RSPCA Approved Chicken Breast ... approx 300g,$3.30,https://www.coles.com.au/product/coles-deli-rspca-approved-chicken-breast-fillets-skin-off-approx.-300g-2271199
2076604,Don Kabana From The Deli | 1 each,$4.35,https://www.coles.com.au/product/don-kabana-from-the-deli-1-each-2076604
3540490,Don Champagne Ham | approx 125g,$2.62,https://www.coles.com.au/product/don-champagne-ham-approx.-125g-3540490
9358230,Don Premium Melosi Leg Ham | approx 100g,$2.60,https://www.coles.com.au/product/don-premium-melosi-leg-ham-approx.-100g-9358230
3944524,Coles Deli Thawed Raw Peeled Prawn Meat | approx 250g,$7.50,https://www.coles.com.au/product/coles-deli-thawed-raw-peeled-prawn-meat-approx.-250g-3944524
5051494,Coles Australian Champagne Ham From ... approx 125g,$2.88,https://www.coles.com.au/product/coles-australian-champagne-ham-from-the-deli-approx.-125g-5051494
1202102,Steggles Roasted Turkey Breast From The D ... approx 100g,$3.00,https://www.coles.com.au/product/steggles-roasted-turkey-breast-from-the-deli-approx.-100g-1202102
4304255,Primo Middle Bacon From The Deli | approx 100g,$1.70,https://www.coles.com.au/product/primo-middle-bacon-from-the-deli-approx.-100g-4304255
3053353,Coles English Sliced Ham | 100g,$2.45,https://www.coles.com.au/product/coles-english-sliced-ham-100g-3053353
3066934,Coles Deli Express Mediterranean Olives | 130g,$3.25,https://www.coles.com.au/product/coles-deli-express-mediterranean-olives-130g-3066934
4304277,Primo Short Cut Bacon | approx 250g,$4.62,https://www.coles.com.au/product/primo-short-cut-bacon-approx.-250g-4304277
2919714,Don Ham On The Bone From The Deli | approx 100g,$3.70,https://www.coles.com.au/product/don-ham-on-the-bone-from-the-deli-approx.-100g-2919714
8104860,Coles Deli Fresh Tasmanian Salmon Portio ... approx 250g,$10.50,https://www.coles.com.au/product/coles-deli-fresh-tasmanian-salmon-portions-skin-off-approx.-250g-8104860
6481444,Coles Semi Dried Tomatoes Fresh Basil | 135g,$3.25,https://www.coles.com.au/product/coles-semi-dried-tomatoes-fresh-basil-135g-6481444
5185446,Don White Hungarian Salami | approx 100g,$2.95,https://www.coles.com.au/product/don-white-hungarian-salami-approx.-100g-5185446
1015615,Coles Bacon Streaky | 200g,$5.40,https://www.coles.com.au/product/coles-bacon-streaky-200g-1015615
2271643,Coles Deli RSPCA Approved Chicken Drum ... approx 160g,$0.72,https://www.coles.com.au/product/coles-deli-rspca-approved-chicken-drumsticks-approx.-160g-2271643
2260476,Thomson'S Deli English Style Ham Quad Pack | 400g,$6.00,https://www.coles.com.au/product/thomson's-deli-english-style-ham-quad-pack-400g-2260476
2260465,Thomson's Deli Honey Ham Sliced Quad Pack | 400g,$6.00,https://www.coles.com.au/product/thomson's-deli-honey-ham-sliced-quad-pack-400g-2260465
9398755,Coles Deli Thawed Basa Fillets | approx 200g,$1.80,https://www.coles.com.au/product/coles-deli-thawed-basa-fillets-approx.-200g-each-9398755
6483585,Coles Giant Pitted Kalamata Olives | 110g,$3.25,https://www.coles.com.au/product/coles-giant-pitted-kalamata-olives-110g-6483585
3055086,Primo Champagne Leg Ham | 100g,$3.95,https://www.coles.com.au/product/primo-champagne-leg-ham-100g-3055086
7696548,Primo Trios Ham Cheese & Cheddar Rice Crackers | 50g,$4.50,https://www.coles.com.au/product/primo-trios-ham-cheese-and-cheddar-rice-crackers-50g-7696548
1015863,Coles Rindless Pan Sized Bacon | 200g,$5.40,https://www.coles.com.au/product/coles-rindless-pan-sized-bacon-200g-1015863
1015411,Coles Bacon Shortcut Rindless | 200g,$5.40,https://www.coles.com.au/product/coles-bacon-shortcut-rindless-200g-1015411
1472253,Coles Silverside | approx 100g,$2.70,https://www.coles.com.au/product/coles-silverside-approx.-100g-1472253
1067914,Coles Deli Fresh West Australian Barra ... approx 200g,$7.20,https://www.coles.com.au/product/coles-deli-fresh-west-australian-barramundi-portions-skin-on-approx.-200g-1067914
1976461,Coles Deli RSPCA Approved Chicken Breas ... approx 250g,$2.88,https://www.coles.com.au/product/coles-deli-rspca-approved-chicken-breast-chunks-approx.-250g-1976461
2449676,Natural  Wafer Crackers | 100g,$3.50,https://www.coles.com.au/product/natural-wafer-crackers-100g-2449676
8145856,Primo English Sliced Ham | 100g,$3.95,https://www.coles.com.au/product/primo-english-sliced-ham-100g-8145856
7030790,Coles Deli RSPCA Approved Chicken Leg Fi ... approx 150g,$1.80,https://www.coles.com.au/product/coles-deli-rspca-approved-chicken-leg-fillets-approx.-150g-7030790
9065548,Primo Manuka Honey Leg Ham | 100g,$3.95,https://www.coles.com.au/product/primo-manuka-honey-leg-ham-100g-9065548
2517845,Hans Twiggy Sticks Mild | 500g,$15.40,https://www.coles.com.au/product/hans-twiggy-sticks-mild-500g-2517845
5505376,Coles Deli Hot Hungarian Don Salami | approx 100g,$2.95,https://www.coles.com.au/product/coles-deli-hot-hungarian-don-salami-approx.-100g-5505376
2814057,Primo Chicken Breast Thinly Sliced | 80g,$3.95,https://www.coles.com.au/product/primo-chicken-breast-thinly-sliced-80g-2814057
6284567,Don Leg Shaved Ham | 200g,$6.40,https://www.coles.com.au/product/don-leg-shaved-ham-200g-6284567
2076615,Hans Mild Twiggy Sticks | approx 100g,$3.60,https://www.coles.com.au/product/hans-mild-twiggy-sticks-approx.-100g-2076615
2814013,Primo Mild Hungarian Salami | 80g,$3.95,https://www.coles.com.au/product/primo-mild-hungarian-salami-80g-2814013
328739,Don Skinless Thin Frankfurt's | approx 100g,$1.37,https://www.coles.com.au/product/don-skinless-thin-frankfurt's-approx.-100g-each-328739
1471636,Coles Deli Roast Beef | approx 100g,$3.70,https://www.coles.com.au/product/coles-deli-roast-beef-approx.-100g-1471636
9586449,Coles Deli Thawed Barramundi Fillets | approx 350g,$5.95,https://www.coles.com.au/product/coles-deli-thawed-barramundi-fillets-approx.-350g-9586449
4238285,Primo Dairy Short Cut Rindless Bacon | 750g,$16.80,https://www.coles.com.au/product/primo-dairy-short-cut-rindless-bacon-750g-4238285
6992465,Primo Prosciutto | 100g,$6.00,https://www.coles.com.au/product/primo-prosciutto-100g-6992465
6487531,Coles Deli Thawed Cooked Prawn Plate Small | 200g,$8.00,https://www.coles.com.au/product/coles-deli-thawed-cooked-prawn-plate-small-200g-6487531
4304302,Primo Streaky Bacon | approx 100g,$2.00,https://www.coles.com.au/product/primo-streaky-bacon-approx.-100g-4304302
2819436,Primo Gluten Free Thinly Sliced Double Smoked Leg ... 100g,$3.95,https://www.coles.com.au/product/primo-gluten-free-thinly-sliced-double-smoked-leg-ham-100g-2819436
4222343,Primo Red Gum Honey Leg Ham | approx 100g,$3.20,https://www.coles.com.au/product/primo-red-gum-honey-leg-ham-approx.-100g-4222343
6284589,Don Mild Hungarian Salami | 160g,$6.40,https://www.coles.com.au/product/don-mild-hungarian-salami-160g-6284589
3950913,Thomson's Deli Chicken Loaf | approx 100g,$1.60,https://www.coles.com.au/product/thomson's-deli-chicken-loaf-approx.-100g-3950913
2140860,Primo Frankfurt Cocktail | 1kg,$7.90,https://www.coles.com.au/product/primo-frankfurt-cocktail-1kg-2140860
6284545,Don Double Smoked Leg Ham | 200g,$6.40,https://www.coles.com.au/product/don-double-smoked-leg-ham-200g-6284545
248797,Don Deli Strasburg | approx 100g,$1.95,https://www.coles.com.au/product/don-deli-strasburg-approx.-100g-248797
5554156,Coles Giant Pitted Kalamata Olives | approx 100g,$2.40,https://www.coles.com.au/product/coles-giant-pitted-kalamata-olives-approx.-100g-5554156
2421280,Don Deli Leg Ham From The Deli | approx 100g,$1.95,https://www.coles.com.au/product/don-deli-leg-ham-from-the-deli-approx.-100g-2421280
6834125,Jarlsberg Regular Chee ... approx 100g,$2.65,https://www.coles.com.au/product/jarlsberg-regular-cheese-slicedshaved-approx.-100g-each-6834125
3066945,Coles Deli Express Split Green Olives | 110g,$3.25,https://www.coles.com.au/product/coles-deli-express-split-green-olives-110g-3066945
6677184,Bertocchi Hot Soppressa Salami From ... approx 125g,$4.62,https://www.coles.com.au/product/bertocchi-hot-soppressa-salami-from-the-deli-approx.-125g-6677184
499618,Primo Deli Cocktail Frankfurts | approx 50g,$0.40,https://www.coles.com.au/product/primo-deli-cocktail-frankfurts-approx.-50g-each-499618
3606022,Barkly Grandmother Full Leg Ham | approx 100g,$3.90,https://www.coles.com.au/product/barkly-grandmother-full-leg-ham-approx.-100g-3606022
3098748,Riverview Farms Hot Roast Pork | 1 each,$21.00,https://www.coles.com.au/product/riverview-farms-hot-roast-pork-1-each-3098748
3930439,Thomson's Deli Short Cut Bacon | 1.25kg,$16.50,https://www.coles.com.au/product/thomson's-deli-short-cut-bacon-1.25kg-3930439
7103680,Bertocchi Natural Hickory Smoked Leg Ham | approx 100g,$2.60,https://www.coles.com.au/product/bertocchi-natural-hickory-smoked-leg-ham-approx.-100g-7103680
6621022,Don Pepperoni Salami From The Deli | approx 125g,$4.12,https://www.coles.com.au/product/don-pepperoni-salami-from-the-deli-approx.-125g-6621022
3081290,Coles Shredded Roast Chicken Breast | 150g,$5.00,https://www.coles.com.au/product/coles-shredded-roast-chicken-breast-150g-3081290
8104382,Coles High Fibre White Toast Bread | 700g,$3.50,https://www.coles.com.au/product/coles-high-fibre-white-toast-bread-700g-8104382
6284590,Don English Style Sliced Ham | 200g,$6.40,https://www.coles.com.au/product/don-english-style-sliced-ham-200g-6284590
2090081,Primo Spanish Style Chorizos From The Deli | 1 each,$3.70,https://www.coles.com.au/product/primo-spanish-style-chorizos-from-the-deli-1-each-2090081
2808735,Primo Pepperoni Hot Salami | 80g,$3.95,https://www.coles.com.au/product/primo-pepperoni-hot-salami-80g-2808735
2822259,Primo Roast Beef Thinly Sliced | 80g,$3.95,https://www.coles.com.au/product/primo-roast-beef-thinly-sliced-80g-2822259
4260568,Primo Short Cut Bacon | 200g,$6.80,https://www.coles.com.au/product/primo-short-cut-bacon-200g-4260568
4712863,Primo Traditional Bacon Pieces | approx 100g,$1.95,https://www.coles.com.au/product/primo-traditional-bacon-pieces-approx.-100g-4712863
7312850,Primo Thin Frankfurts | approx 100g,$0.79,https://www.coles.com.au/product/primo-thin-frankfurts-approx.-100g-7312850
3053513,Coles Honey Sliced Ham Sow Stall Free | 100g,$2.45,https://www.coles.com.au/product/coles-honey-sliced-ham-sow-stall-free-100g-3053513
6677242,Bertocchi Mild Soppressa Salami | approx 125g,$4.62,https://www.coles.com.au/product/bertocchi-mild-soppressa-salami-approx.-125g-6677242
9681767,Coles Deli RSPCA Approved Chicken Crumbed S ... 1 each,$3.00,https://www.coles.com.au/product/coles-deli-rspca-approved-chicken-crumbed-schnitzel-1-each-9681767
5651120,Coles Deli Express Roast Capsicum Strips | 130g,$3.25,https://www.coles.com.au/product/coles-deli-express-roast-capsicum-strips-130g-5651120
6481546,Coles Green Olives Chilli & Garlic | 110g,$3.25,https://www.coles.com.au/product/coles-green-olives-chilli-and-garlic-110g-6481546
3576271,Primo Hot Hungarian Salami | 80g,$3.95,https://www.coles.com.au/product/primo-hot-hungarian-salami-80g-3576271
3930440,Thomson's Deli Short Cut Bacon | 200g,$4.40,https://www.coles.com.au/product/thomson's-deli-short-cut-bacon-200g-3930440
4273050,Coles Deli Thawed Cooked Vannamei Praw ... approx 350g,$6.30,https://www.coles.com.au/product/coles-deli-thawed-cooked-vannamei-prawns-approx.-350g-4273050
1500304,Don Gluten Free Footy Franks Skinless | 600g,$7.80,https://www.coles.com.au/product/don-gluten-free-footy-franks-skinless-600g-1500304
2140871,Primo Thin Frankfurt | 1kg,$7.90,https://www.coles.com.au/product/primo-thin-frankfurt-1kg-2140871
1962751,Bertocchi Long Rindless Hickory Smoked Bac ... 400g,$8.00,https://www.coles.com.au/product/bertocchi-long-rindless-hickory-smoked-bacon-400g-1962751
4379731,Thomson's Deli Cocktail Franks | 500g,$3.00,https://www.coles.com.au/product/thomson's-deli-cocktail-franks-500g-4379731
3277463,Bertocchi Short Rindless Hickory Smoked Bac ... 400g,$8.00,https://www.coles.com.au/product/bertocchi-short-rindless-hickory-smoked-bacon-400g-3277463
4379855,Thomson's Deli Thin Franks | 500g,$3.00,https://www.coles.com.au/product/thomson's-deli-thin-franks-500g-4379855
1026702,Thomson's Deli Middle Bacon | 250g,$4.40,https://www.coles.com.au/product/thomson's-deli-middle-bacon-250g-1026702
1500290,Don Cocktail Franks Skinless | 600g,$7.80,https://www.coles.com.au/product/don-cocktail-franks-skinless-600g-1500290
3067835,Coles Deli Mediterranean Olives | approx 100g,$2.40,https://www.coles.com.au/product/coles-deli-mediterranean-olives-approx.-100g-3067835
3575927,Tibaldi Ham Off The Bone | 120g,$5.00,https://www.coles.com.au/product/tibaldi-ham-off-the-bone-120g-3575927
5644237,Primo 25% Salt Reduced Leg Ham | 100g,$3.95,https://www.coles.com.au/product/primo-25percent-salt-reduced-leg-ham-100g-5644237
8146087,Primo Shredded Ham Twin Pack | 300g,$5.00,https://www.coles.com.au/product/primo-shredded-ham-twin-pack-300g-8146087
9777094,Bertocchi Mortadella From The ... approx 100g,$1.45,https://www.coles.com.au/product/bertocchi-mortadella-from-the-deli-approx.-100g-9777094
2822260,Primo Gluten Free Thinly Sliced Pastrami Beef | 80g,$3.95,https://www.coles.com.au/product/primo-gluten-free-thinly-sliced-pastrami-beef-80g-2822260
6998745,Primo Classic Chorizo 2 Pack | 250g,$6.70,https://www.coles.com.au/product/primo-classic-chorizo-2-pack-250g-6998745
4653935,Thomson's Deli Shredded Chicken Value Pack | 500g,$7.00,https://www.coles.com.au/product/thomson's-deli-shredded-chicken-value-pack-500g-4653935
2819312,Thomson's Deli Cooking Bacon | 1kg,$10.25,https://www.coles.com.au/product/thomson's-deli-cooking-bacon-1kg-2819312
3209714,Coles Deli Express Green Olives & Danish Fetta | 120g,$3.25,https://www.coles.com.au/product/coles-deli-express-green-olives-and-danish-fetta-120g-3209714
2848547,Bertocchi Soppressa Extra Hot Chilli | approx100g,$3.70,https://www.coles.com.au/product/bertocchi-soppressa-extra-hot-chilli-approx.100g-2848547
6284603,Don Honey Leg Ham | 200g,$6.40,https://www.coles.com.au/product/don-honey-leg-ham-200g-6284603
2517856,Hans Twiggy Sticks Hot | 500g,$15.40,https://www.coles.com.au/product/hans-twiggy-sticks-hot-500g-2517856
6483596,Coles Antipasto Mix | 120g,$3.25,https://www.coles.com.au/product/coles-antipasto-mix-120g-6483596
5946032,Primo Bacon Style Pieces Twin Pack | 300g,$5.00,https://www.coles.com.au/product/primo-bacon-style-pieces-twin-pack-300g-5946032
3930461,Thomson's Deli Mild Hungarian Salami | 320g,$9.00,https://www.coles.com.au/product/thomson's-deli-mild-hungarian-salami-320g-3930461
3055519,Primo Short Cut Bacon | 1 kg,$12.00,https://www.coles.com.au/product/primo-short-cut-bacon-1-kg-3055519
6284669,Don Ready To Eat Kabana Minis | 140g,$5.00,https://www.coles.com.au/product/don-ready-to-eat-kabana-minis-140g-6284669
9052375,Don Traditional Kabana | 200g,$6.00,https://www.coles.com.au/product/don-traditional-kabana-200g-9052375
3055494,Primo Streaky Rindless Bacon | 200g,$6.80,https://www.coles.com.au/product/primo-streaky-rindless-bacon-200g-3055494
1028220,Thomson's Deli Middle Bacon | 1kg,$13.20,https://www.coles.com.au/product/thomson's-deli-middle-bacon-1kg-1028220
4258180,Don Crafted Cuts Double Smoked Pansize Bacon | 200g,$5.80,https://www.coles.com.au/product/don-crafted-cuts-double-smoked-pansize-bacon-200g-4258180
5003560,Primo Cafe Classics Sliced Chicken Schnitzel | 150g,$5.25,https://www.coles.com.au/product/primo-cafe-classics-sliced-chicken-schnitzel-150g-5003560
3269170,Provedore Prosciutto | 100g,$7.50,https://www.coles.com.au/product/provedore-prosciutto-100g-3269170
6996841,Primo Original Twiggy Sticks | 200g,$7.80,https://www.coles.com.au/product/primo-original-twiggy-sticks-200g-6996841
3899383,Quaranta Nougat Cakes Strawberry & Cream | 165g,$12.00,https://www.coles.com.au/product/quaranta-nougat-cakes-strawberry-and-cream-165g-3899383
9860267,Primo Deli Pork Roast | approx 100g,$2.85,https://www.coles.com.au/product/primo-deli-pork-roast-approx.-100g-9860267
3270963,Primo Silverside | 80g,$3.95,https://www.coles.com.au/product/primo-silverside-80g-3270963
4253198,Don Crafted Cuts Hardwood Double Smoked Leg ... 100g,$4.90,https://www.coles.com.au/product/don-crafted-cuts-hardwood-double-smoked-leg-ham-100g-4253198
5009250,Don Crafted Cut Bacon Shortcut | 200g,$5.80,https://www.coles.com.au/product/don-crafted-cut-bacon-shortcut-200g-5009250
6481579,Coles Baby Bell Peppers Cream Cheese | 120g,$3.25,https://www.coles.com.au/product/coles-baby-bell-peppers-cream-cheese-120g-6481579
3930450,Thomson's Deli Streaky Bacon | 200g,$5.00,https://www.coles.com.au/product/thomson's-deli-streaky-bacon-200g-3930450
5601143,Primo Prosciutto Boneless | approx 100g,$5.20,https://www.coles.com.au/product/primo-prosciutto-boneless-approx.-100g-5601143
2807460,Primo Gluten Free Cheese Kransky | 250g,$5.80,https://www.coles.com.au/product/primo-gluten-free-cheese-kransky-250g-2807460
5186449,Don Skinless Cocktail Frankfurt's | approx 50g,$0.69,https://www.coles.com.au/product/don-skinless-cocktail-frankfurt's-approx.-50g-each-5186449
3087355,Don Shredded Ham From The Deli | approx 100g,$2.10,https://www.coles.com.au/product/don-shredded-ham-from-the-deli-approx.-100g-3087355
2807856,Primo Danish Salami | 80g,$3.95,https://www.coles.com.au/product/primo-danish-salami-80g-2807856
4258690,Don Crafted Cuts Streaky Bacon | 180g,$5.80,https://www.coles.com.au/product/don-crafted-cuts-streaky-bacon-180g-4258690
6327455,Primo The Charcuterie Collection ... 80g,$5.00,https://www.coles.com.au/product/primo-the-charcuterie-collection-beechwood-smoked-prosciutto-80g-6327455
2531664,Wurstel Chorizo | 300g,$6.50,https://www.coles.com.au/product/wurstel-chorizo-300g-2531664
2090310,Primo Cheese Kransky | 1 each,$2.90,https://www.coles.com.au/product/primo-cheese-kransky-1-each-2090310
3053080,OB Finest Gluten Free Wafer Crackers | 100g,$3.50,https://www.coles.com.au/product/ob-finest-gluten-free-wafer-crackers-100g-3053080
3174904,Coles Mild Chorizo Salami | approx 100g,$3.15,https://www.coles.com.au/product/coles-mild-chorizo-salami-approx.-100g-3174904
2452976,Fine Foods Cracked Pepper Wafer Crackers | 100g,$3.50,https://www.coles.com.au/product/fine-foods-cracked-pepper-wafer-crackers-100g-2452976
3465543,Coles Deli Express Kabana | 220g,$4.50,https://www.coles.com.au/product/coles-deli-express-kabana-220g-3465543
6671042,Meredith Dairy Marinated Goat Cheese | 320g,$12.20,https://www.coles.com.au/product/meredith-dairy-marinated-goat-cheese-320g-6671042
7428265,Coles Deli RSPCA Approved Chicken Nibbles ... approx 70g,$0.63,https://www.coles.com.au/product/coles-deli-rspca-approved-chicken-nibbles-honey-soy-approx.-70g-7428265
3048069,Coles Deli RSPCA Approved Chicken Breast Keb ... 1 each,$1.40,https://www.coles.com.au/product/coles-deli-rspca-approved-chicken-breast-kebab-honey-soy-1-each-3048069
4381879,Thomson's Deli Sliced Chicken Quad Pack | 320g,$6.50,https://www.coles.com.au/product/thomson's-deli-sliced-chicken-quad-pack-320g-4381879
3067868,Coles Deli  Semi Dried Tomatoes with Fresh ... approx 100g,$2.24,https://www.coles.com.au/product/coles-deli-semi-dried-tomatoes-with-fresh-basil-approx.-100g-3067868
3067824,Coles Deli  Green Olives with Chilli Garlic | approx 100g,$2.40,https://www.coles.com.au/product/coles-deli-green-olives-with-chilli-garlic-approx.-100g-3067824
3053965,Primo Gluten Free Classic Kransky | 250g,$5.80,https://www.coles.com.au/product/primo-gluten-free-classic-kransky-250g-3053965
4261040,Primo Streaky Bacon | 650g,$16.80,https://www.coles.com.au/product/primo-streaky-bacon-650g-4261040
6484963,Coles Deli Express Lemon & Garlic Sicilian Olives | 110g,$3.25,https://www.coles.com.au/product/coles-deli-express-lemon-and-garlic-sicilian-olives-110g-6484963
3830092,Coles Australian Made Rindless Short Cut Bacon | 200g,$5.00,https://www.coles.com.au/product/coles-australian-made-rindless-short-cut-bacon-200g-3830092
2210208,Coles Deli Thawed Cooked Peeled Prawn ... approx 250g,$7.25,https://www.coles.com.au/product/coles-deli-thawed-cooked-peeled-prawn-cutlets-approx.-250g-2210208
3067008,Coles Split Green Olives | approx 100g,$2.25,https://www.coles.com.au/product/coles-split-green-olives-approx.-100g-3067008
9363954,Don Liverwurst Latvian | 100g,$2.60,https://www.coles.com.au/product/don-liverwurst-latvian-100g-9363954
4304200,Primo Mount Ash Pansize Bacon | approx 125g,$2.62,https://www.coles.com.au/product/primo-mount-ash-pansize-bacon-approx.-125g-4304200
4144829,Coles Deli RSPCA Approved Chicken Schnitzel | 250g,$3.00,https://www.coles.com.au/product/coles-deli-rspca-approved-chicken-schnitzel-250g-4144829
3048182,Coles Deli RSPCA Approved Chicken Nibbl ... approx 500g,$4.50,https://www.coles.com.au/product/coles-deli-rspca-approved-chicken-nibbles-chilli-sriracha-approx.-500g-3048182
6284670,Don Lunchbox Sticks | 140g,$5.00,https://www.coles.com.au/product/don-lunchbox-sticks-140g-6284670
3053058,OB Finest Fig & Almond Crackers | 150g,$7.50,https://www.coles.com.au/product/ob-finest-fig-and-almond-crackers-150g-3053058
9777083,Bertocchi Pepper Mortadella From The Deli | approx 125g,$1.81,https://www.coles.com.au/product/bertocchi-pepper-mortadella-from-the-deli-approx.-125g-9777083
5005500,Thomson's Deli Shaved Leg Ham | 100g,$2.30,https://www.coles.com.au/product/thomson's-deli-shaved-leg-ham-100g-5005500
2072997,Hans Hot Twiggy Sticks | approx 100g,$3.60,https://www.coles.com.au/product/hans-hot-twiggy-sticks-approx.-100g-2072997
6284614,Don Chicken Breast | 160g,$6.40,https://www.coles.com.au/product/don-chicken-breast-160g-6284614
5249527,Don Dairy Strasburg Knob | 500g,$7.45,https://www.coles.com.au/product/don-dairy-strasburg-knob-500g-5249527
2076524,Hans Devon | approx 100g,$1.00,https://www.coles.com.au/product/hans-devon-approx.-100g-2076524
1026564,Thomson's Deli Ham And Chicken Luncheon | 1kg,$4.30,https://www.coles.com.au/product/thomson's-deli-ham-and-chicken-luncheon-1kg-1026564
5012244,Coles Australian Made Double Smoked Leg ... 150g,$5.70,https://www.coles.com.au/product/coles-australian-made-double-smoked-leg-ham-150g-5012244
5008360,Primo Short Cut Salt Reduced Rindless Bacon | 200g,$6.80,https://www.coles.com.au/product/primo-short-cut-salt-reduced-rindless-bacon-200g-5008360
3174868,Coles Pancetta | approx100g,$4.00,https://www.coles.com.au/product/coles-pancetta-approx.100g-3174868
3881570,Provedore Mild Chorizo Salami | 100g,$6.00,https://www.coles.com.au/product/provedore-mild-chorizo-salami-100g-3881570
4259897,Primo Rindless Middle Bacon | 250g,$6.80,https://www.coles.com.au/product/primo-rindless-middle-bacon-250g-4259897
3913087,Coles Mild Hungarian Sliced Salami | 150g,$7.00,https://www.coles.com.au/product/coles-mild-hungarian-sliced-salami-150g-3913087
2807277,Coles Mild Salami | 200g,$7.40,https://www.coles.com.au/product/coles-mild-salami-200g-2807277
5009272,Provedore Salami Tasting Plate | 100g,$7.50,https://www.coles.com.au/product/provedore-salami-tasting-plate-100g-5009272
4509983,Primo Cocktail Frankfurts | 1 kg,$7.90,https://www.coles.com.au/product/primo-cocktail-frankfurts-1-kg-4509983
4258996,Primo Middle Bacon | 750g,$16.80,https://www.coles.com.au/product/primo-middle-bacon-750g-4258996
3048116,Coles Deli RSPCA Approved Chicken Breast Keb ... 1 each,$1.40,https://www.coles.com.au/product/coles-deli-rspca-approved-chicken-breast-kebab-thai-1-each-3048116
2076717,Coles Continental Chorizo From The Deli | 1 each,$3.00,https://www.coles.com.au/product/coles-continental-chorizo-from-the-deli-1-each-2076717
4651328,Bertocchi Australian Made Smokey Maple Leg H ... approx 125g,$4.50,https://www.coles.com.au/product/bertocchi-australian-made-smokey-maple-leg-ham-approx.-125g-4651328
3830037,Coles Australian Made Thin Sliced Streaky Bacon | 200g,$5.00,https://www.coles.com.au/product/coles-australian-made-thin-sliced-streaky-bacon-200g-3830037
5738556,Hans American Hot Dog Franks | 375g,$5.30,https://www.coles.com.au/product/hans-american-hot-dog-franks-375g-5738556
6284680,Don Italian Style Shaved Salami | 160g,$6.40,https://www.coles.com.au/product/don-italian-style-shaved-salami-160g-6284680
2792395,OB Finest Cranberry & Pumpkin Seed Crackers | 150g,$7.50,https://www.coles.com.au/product/ob-finest-cranberry-and-pumpkin-seed-crackers-150g-2792395
4253314,Don Mild Hungarian Salami | 200g,$7.50,https://www.coles.com.au/product/don-mild-hungarian-salami-200g-4253314
3605380,Coles Marinated Whole Button Mushrooms ... 110g,$4.50,https://www.coles.com.au/product/coles-marinated-whole-button-mushrooms-with-rosemary-110g-3605380
1960086,Gotzinger Smallgoods Cheese Kransky Chi ... 400g,$10.50,https://www.coles.com.au/product/gotzinger-smallgoods-cheese-kransky-chipolata-400g-1960086
2739199,Primo Gluten Free Real Diced Bacon | 200g,$5.70,https://www.coles.com.au/product/primo-gluten-free-real-diced-bacon-200g-2739199
4332396,British Sausage Co. Smoked Streaky Bacon | 175g,$7.00,https://www.coles.com.au/product/british-sausage-co.-smoked-streaky-bacon-175g-4332396
3635199,OB Finest Gluten Free Pistachio & Fig Speciality Cr ... 130g,$7.50,https://www.coles.com.au/product/ob-finest-gluten-free-pistachio-and-fig-speciality-crackers-130g-3635199
3386072,Coles Deli RSPCA Approved Chicken Breast Sata ... 1 each,$1.40,https://www.coles.com.au/product/coles-deli-rspca-approved-chicken-breast-satay-style-kebab-1-each-3386072
3913101,Coles Sliced Prosciutto | 100g,$6.00,https://www.coles.com.au/product/coles-sliced-prosciutto-100g-3913101
1861619,Normandie Mixed Pate Pods 4 pack | 200g,$6.30,https://www.coles.com.au/product/normandie-mixed-pate-pods-4-pack-200g-1861619
2805362,British Sausage Co Smoked Back Bacon | 200g,$7.00,https://www.coles.com.au/product/british-sausage-co-smoked-back-bacon-200g-2805362
6303027,Primo Australian Made Middle Bacon | 200g,$7.00,https://www.coles.com.au/product/primo-australian-made-middle-bacon-200g-6303027
4253303,Don Hot Hungarian Salami | 200g,$7.50,https://www.coles.com.au/product/don-hot-hungarian-salami-200g-4253303
4304233,Primo Hickory Smoked Rindless Midd ... approx 100g,$2.25,https://www.coles.com.au/product/primo-hickory-smoked-rindless-middle-bacon-approx.-100g-4304233
6120912,Delre Dutch Smoked Cheese | approx 100g,$3.60,https://www.coles.com.au/product/delre-dutch-smoked-cheese-approx.-100g-6120912
6327499,Primo The Charcuterie Collection Sala ... 80g,$5.00,https://www.coles.com.au/product/primo-the-charcuterie-collection-salami-classic-mild-with-australian-sea-salt-80g-6327499
5008917,Primo Cafe Beef Mild Fajita | 140g,$5.25,https://www.coles.com.au/product/primo-cafe-beef-mild-fajita-140g-5008917
3881694,Provedore Pancetta Crumb | 100g,$5.50,https://www.coles.com.au/product/provedore-pancetta-crumb-100g-3881694
5646844,Provedore Spanish Style Tapas | 90g,$6.00,https://www.coles.com.au/product/provedore-spanish-style-tapas-90g-5646844
6286992,Primo Australian Short Cut Bacon | 200g,$7.00,https://www.coles.com.au/product/primo-australian-short-cut-bacon-200g-6286992
5009261,Provedore Salami & Prosciutto Tasting Plate | 100g,$7.50,https://www.coles.com.au/product/provedore-salami-and-prosciutto-tasting-plate-100g-5009261
2904648,Hedys Quiche Spinach Parmesan | 1.1kg,$14.50,https://www.coles.com.au/product/hedys-quiche-spinach-parmesan-1.1kg-2904648
5429187,Hedys Quiche Leek Bacon | 1.1kg,$14.50,https://www.coles.com.au/product/hedys-quiche-leek-bacon-1.1kg-5429187
3269261,Thomson's Deli Pepperoni Salami | 200g,$6.00,https://www.coles.com.au/product/thomson's-deli-pepperoni-salami-200g-3269261
7570222,Thomson's Deli Danish Salami | 200g,$6.00,https://www.coles.com.au/product/thomson's-deli-danish-salami-200g-7570222
3234824,Coles Deli RSPCA Approved Chicken Garlic Kyiv | 1 each,$3.00,https://www.coles.com.au/product/coles-deli-rspca-approved-chicken-garlic-kyiv-1-each-3234824
6327477,Primo The Charcuterie Collection Sala ... 80g,$5.00,https://www.coles.com.au/product/primo-the-charcuterie-collection-salami-classic-hot-with-australian-bush-spices-80g-6327477
4250790,Provedore Free Range Chorizo | 200g,$8.00,https://www.coles.com.au/product/provedore-free-range-chorizo-200g-4250790
7388070,Hedys Quiche Lorraine | 1.1kg,$14.50,https://www.coles.com.au/product/hedys-quiche-lorraine-1.1kg-7388070
5635815,Coles Deli RSPCA Approved Premium Chicken Br ... 1 each,$4.00,https://www.coles.com.au/product/coles-deli-rspca-approved-premium-chicken-breast-kyiv-1-each-5635815
5009181,Don Crafted Cuts Sopressa Salami Slices | 80g,$4.90,https://www.coles.com.au/product/don-crafted-cuts-sopressa-salami-slices-80g-5009181
5476937,Hans Striker Mild Salami Sticks | 105g,$5.00,https://www.coles.com.au/product/hans-striker-mild-salami-sticks-105g-5476937
7825640,Coles Deli Exp Mediteranean Mix Olives | 300g,$6.90,https://www.coles.com.au/product/coles-deli-exp-mediteranean-mix-olives-300g-7825640
2807120,Coles Pepperoni | 200g,$7.40,https://www.coles.com.au/product/coles-pepperoni-200g-2807120
4510009,Primo Thin Frankfurts | 1 kg,$7.90,https://www.coles.com.au/product/primo-thin-frankfurts-1-kg-4510009
2240763,Sweberg Swiss Cheese | approx 100g,$2.20,https://www.coles.com.au/product/sweberg-swiss-cheese-approx.-100g-2240763
7046327,Maggie Beer Duck Orange Pate | 110g,$7.30,https://www.coles.com.au/product/maggie-beer-duck-orange-pate-110g-7046327
3467039,Coles Spicy Chorizo Salami Knob | 200g,$7.40,https://www.coles.com.au/product/coles-spicy-chorizo-salami-knob-200g-3467039
3607717,Casalingo Porchetta | approx 100g,$3.00,https://www.coles.com.au/product/casalingo-porchetta-approx.-100g-3607717
6270970,OB Finest Fig & Pecan Crackers | 150g,$7.50,https://www.coles.com.au/product/ob-finest-fig-and-pecan-crackers-150g-6270970
6272353,OB Finest Apricot & Macadamia Crackers | 150g,$7.50,https://www.coles.com.au/product/ob-finest-apricot-and-macadamia-crackers-150g-6272353
3054560,Udder Delights Double Cream Brie | 200g,$10.50,https://www.coles.com.au/product/udder-delights-double-cream-brie-200g-3054560
3971403,OB Finest Mango Fruit Paste | 100g,$5.50,https://www.coles.com.au/product/ob-finest-mango-fruit-paste-100g-3971403
5725656,Umamipapi Chilli Oil Original | 225g,$12.00,https://www.coles.com.au/product/umamipapi-chilli-oil-original-225g-5725656
3827054,Coles Smoked Pork Bones From The Deli | approx 1kg,$14.00,https://www.coles.com.au/product/coles-smoked-pork-bones-from-the-deli-approx.-1kg-3827054
5139540,Coles Deli  Antipasto Mix | approx 100g,$2.50,https://www.coles.com.au/product/coles-deli-antipasto-mix-approx.-100g-5139540
5647632,Coles Deli RSPCA Approved Chicken Cordon Bleu | 1 each,$4.00,https://www.coles.com.au/product/coles-deli-rspca-approved-chicken-cordon-bleu-1-each-5647632
7046123,Maggie Beer Pheasant Farm Pate | 110g,$7.30,https://www.coles.com.au/product/maggie-beer-pheasant-farm-pate-110g-7046123
3269250,Coles Mild Hungarian Salami | 200g,$7.40,https://www.coles.com.au/product/coles-mild-hungarian-salami-200g-3269250
2792420,OB Finest Cashew & Rosemary Crackers | 150g,$7.50,https://www.coles.com.au/product/ob-finest-cashew-and-rosemary-crackers-150g-2792420
5634787,Hedys Quiche Roast Pumpkin & Fetta | 1.1kg,$14.50,https://www.coles.com.au/product/hedys-quiche-roast-pumpkin-and-fetta-1.1kg-5634787
3830274,Coles Wraps Platter Vegetarian | 1 each,$30.00,https://www.coles.com.au/product/coles-wraps-platter-vegetarian-1-each-3830274
2240730,Black Jack Cheddar Spaccato | approx 100g,$2.00,https://www.coles.com.au/product/black-jack-cheddar-spaccato-approx.-100g-2240730
2042442,Thomson's Deli Devon | 1kg,$4.30,https://www.coles.com.au/product/thomson's-deli-devon-1kg-2042442
2791574,180 Degrees Walnut Oat Crackers | 150g,$4.80,https://www.coles.com.au/product/180-degrees-walnut-oat-crackers-150g-2791574
3054549,Udder Delights Camembert | 200g,$10.50,https://www.coles.com.au/product/udder-delights-camembert-200g-3054549
6097606,Auricchio Provolone Classico Cheese | approx 250g,$11.25,https://www.coles.com.au/product/auricchio-provolone-classico-cheese-approx.-250g-6097606
3830751,Coles Wraps Platter Meatlovers | 1 each,$40.00,https://www.coles.com.au/product/coles-wraps-platter-meatlovers-1-each-3830751
5016573,Mcclure's Garlic & Dill Whole | 500g,$6.00,https://www.coles.com.au/product/mcclure's-garlic-and-dill-whole-500g-5016573
2239436,Aphrodite Haloumi By Will Studd | approx 100g,$6.25,https://www.coles.com.au/product/aphrodite-haloumi-by-will-studd-approx.-100g-2239436
3524347,OB Finest 3 Seed Crisps | 110g,$6.50,https://www.coles.com.au/product/ob-finest-3-seed-crisps-110g-3524347
3453330,Coles Finest Tasmanian Goats Cheese | 300g,$11.50,https://www.coles.com.au/product/coles-finest-tasmanian-goats-cheese-300g-3453330
3524540,OB Finest Parmesan Crisps With Black Sesame | 85g,$11.50,https://www.coles.com.au/product/ob-finest-parmesan-crisps-with-black-sesame-85g-3524540
3830944,Coles Fruity Bites Platter | 1 each,$35.00,https://www.coles.com.au/product/coles-fruity-bites-platter-1-each-3830944
5646800,Provedore Salami Crumb | 100g,$5.50,https://www.coles.com.au/product/provedore-salami-crumb-100g-5646800
5016551,Mcclure's Sweet & Spicy Pickles | 500g,$6.00,https://www.coles.com.au/product/mcclure's-sweet-and-spicy-pickles-500g-5016551
6372019,Udder Delights Smoked Brie | 180g,$10.50,https://www.coles.com.au/product/udder-delights-smoked-brie-180g-6372019
3830580,Coles Classic Grazing Platter | 1 each,$25.00,https://www.coles.com.au/product/coles-classic-grazing-platter-1-each-3830580
3830296,Coles Sweet Symphony Platter | 1 each,$36.00,https://www.coles.com.au/product/coles-sweet-symphony-platter-1-each-3830296
3881526,Provedore Chorizo Crumb | 100g,$5.50,https://www.coles.com.au/product/provedore-chorizo-crumb-100g-3881526
7062120,Artisan Crackers Native Kakadu Plum & Basil | 100g,$5.50,https://www.coles.com.au/product/artisan-crackers-native-kakadu-plum-and-basil-100g-7062120
7416641,Four Pillars Botanical Gin Crackers | 100g,$6.99,https://www.coles.com.au/product/four-pillars-botanical-gin-crackers-100g-7416641
3328473,Coles Rtd Turkish Delight | 190g,$7.00,https://www.coles.com.au/product/coles-rtd-turkish-delight-190g-3328473
3328360,Polastrini Sardines Olive Oil And Chili | 100g,$9.90,https://www.coles.com.au/product/polastrini-sardines-olive-oil-and-chili-100g-3328360
3054731,Star Foods Rolada Pistachio Date | 150g,$10.75,https://www.coles.com.au/product/star-foods-rolada-pistachio-date-150g-3054731
3628568,Aphrodite Barrel Aged Feta Portion | 170g,$12.20,https://www.coles.com.au/product/aphrodite-barrel-aged-feta-portion-170g-3628568
6521040,MCCO Truffle Infused Goats Cheese | 280g,$13.00,https://www.coles.com.au/product/mcco-truffle-infused-goats-cheese-280g-6521040
3829796,Coles Deli Snackers Delight Platter | 1 each,$15.00,https://www.coles.com.au/product/coles-deli-snackers-delight-platter-1-each-3829796
3830300,Coles Mediterranean Table Platter | 1 each,$35.00,https://www.coles.com.au/product/coles-mediterranean-table-platter-1-each-3830300
4759288,Msc Sea Harvest Frozen Raw King Prawns Extra L ... 5Kg,$180.00,https://www.coles.com.au/product/msc-sea-harvest-frozen-raw-king-prawns-extra-large-5kg-4759288
