2511791,Coles Bananas Mini Pack | 750g,$4.00,https://www.coles.com.au/product/coles-bananas-mini-pack-750g-2511791
5191256,Coles Strawberries | 250g,$5.50,https://www.coles.com.au/product/coles-strawberries-250g-5191256
7046972,Ovation Brut Cuvee 750mL | 1 Each,$20.00,https://www.coles.com.au/product/ovation-brut-cuvee-750ml-1-each-7046972
5543535,Coles Blueberries Prepacked | 125g,$7.50,https://www.coles.com.au/product/coles-blueberries-prepacked-125g-5543535
4578148,Coles Baby Cucumbers | 250g,$3.50,https://www.coles.com.au/product/coles-baby-cucumbers-250g-4578148
4236122,Coles Baby Carrots Prepacked | 500g,$1.50,https://www.coles.com.au/product/coles-baby-carrots-prepacked-500g-4236122
4438477,Coles Pink Lady Apples 1kg | 1 each,$3.50,https://www.coles.com.au/product/coles-pink-lady-apples-1kg-1-each-4438477
409499,Coles Bananas | approx 170g,$0.68,https://www.coles.com.au/product/coles-bananas-approx.-170g-409499
5900891,Coles Shepard Avocados | 1 each,$1.50,https://www.coles.com.au/product/coles-shepard-avocados-1-each-5900891
6706395,Coles White Seedless Grapes | approx 800g,$6.00,https://www.coles.com.au/product/coles-white-seedless-grapes-approx.-800g-6706395
407755,Coles Broccoli | approx 340g,$1.53,https://www.coles.com.au/product/coles-broccoli-approx.-340g-each-407755
9006560,Coles Carrots Prepacked | 1kg,$1.50,https://www.coles.com.au/product/coles-carrots-prepacked-1kg-9006560
134029,Coles Raspberries | 125g,$4.50,https://www.coles.com.au/product/coles-raspberries-125g-134029
6706191,Coles Red Seedless Grapes | approx 800g,$4.80,https://www.coles.com.au/product/coles-red-seedless-grapes-approx.-800g-6706191
4597109,Coles Field Tomatoes Loose | approx 110g,$1.04,https://www.coles.com.au/product/coles-field-tomatoes-loose-approx.-110g-4597109
4910506,Coles Green Zucchini | approx 200g,$1.18,https://www.coles.com.au/product/coles-green-zucchini-approx.-200g-4910506
6706282,Coles Black Grapes | approx 700g,$3.85,https://www.coles.com.au/product/coles-black-grapes-approx.-700g-each-6706282
4575605,Coles Continental Cucumbers Loose | 1 each,$3.00,https://www.coles.com.au/product/coles-continental-cucumbers-loose-1-each-4575605
4584071,Coles Iceberg Lettuce | 1 each,$3.90,https://www.coles.com.au/product/coles-iceberg-lettuce-1-each-4584071
5111654,Coles Pink Lady Apples Medium | approx 200g,$0.60,https://www.coles.com.au/product/coles-pink-lady-apples-medium-approx.-200g-each-5111654
4575208,Coles Lebanese Cucumbers | approx 160g,$1.26,https://www.coles.com.au/product/coles-lebanese-cucumbers-approx.-160g-4575208
4239517,Fresh Brown Onions Loose | approx 180g,$0.70,https://www.coles.com.au/product/fresh-brown-onions-loose-approx.-180g-each-4239517
5900530,Coles Hass Avocados | 1 each,$1.50,https://www.coles.com.au/product/coles-hass-avocados-1-each-5900530
5105695,Mingle Guac & Avo Topper Seasoning | 45g,$4.95,https://www.coles.com.au/product/mingle-guac-and-avo-topper-seasoning-45g-5105695
4199503,Coles Sweet Gold Potatoes Loose | approx 400g,$1.80,https://www.coles.com.au/product/coles-sweet-gold-potatoes-loose-approx.-400g-4199503
4628676,Coles Greenhouse Truss Tomatoes | approx 110g,$1.26,https://www.coles.com.au/product/coles-greenhouse-truss-tomatoes-approx.-110g-4628676
409998,Coles ... approx 180g,$0.63,https://www.coles.com.au/product/coles-william-bartlett-pears-medium-approx.-180g-409998
4255717,Coles Medium Navel Oranges | approx 160g,$0.72,https://www.coles.com.au/product/coles-medium-navel-oranges-approx.-160g-4255717
1182162,Coles Creme Gold Washed Potatoes Loose | approx 120g,$0.54,https://www.coles.com.au/product/coles-creme-gold-washed-potatoes-loose-approx.-120g-1182162
8467604,Coles Red Onion 1 Kg | 1kg,$3.00,https://www.coles.com.au/product/coles-red-onion-1-kg-1kg-8467604
4202540,Coles Kent Pumpkin Cut | approx 800g,$2.80,https://www.coles.com.au/product/coles-kent-pumpkin-cut-approx.-800g-4202540
4803991,Coles Brown Onions | 1kg,$3.60,https://www.coles.com.au/product/coles-brown-onions-1kg-4803991
4594010,Coles Fresh Loose Cup Mushrooms | approx 200g,$2.60,https://www.coles.com.au/product/coles-fresh-loose-cup-mushrooms-approx.-200g-each-4594010
408419,Coles Spring Onions | 1 bunch,$2.50,https://www.coles.com.au/product/coles-spring-onions-1-bunch-408419
134040,Coles Blackberries Prepacked | 125g,$4.50,https://www.coles.com.au/product/coles-blackberries-prepacked-125g-134040
5226000,Coles Royal Gala Apples Loose | approx 160g,$0.64,https://www.coles.com.au/product/coles-royal-gala-apples-loose-approx.-160g-each-5226000
4425883,Coles Green Kiwifruit | 1 each,$1.00,https://www.coles.com.au/product/coles-green-kiwifruit-1-each-4425883
4829204,Coles Green Beans Prepacked | 375g,$3.70,https://www.coles.com.au/product/coles-green-beans-prepacked-375g-4829204
4223335,Coles Carrots Loose | approx 170g,$0.42,https://www.coles.com.au/product/coles-carrots-loose-approx.-170g-each-4223335
6979376,Coles Gold Kiwifruit | 1 each,$1.50,https://www.coles.com.au/product/coles-gold-kiwifruit-1-each-6979376
5982477,Coles Baby Broccoli | 1 each,$2.90,https://www.coles.com.au/product/coles-baby-broccoli-1-each-5982477
4218459,Coles Red Onions Loose | approx 200g,$0.90,https://www.coles.com.au/product/coles-red-onions-loose-approx.-200g-each-4218459
7214862,Coles Green Capsicum Loose | approx 220g,$1.96,https://www.coles.com.au/product/coles-green-capsicum-loose-approx.-220g-7214862
4580208,Coles Red Capsicum | approx 220g,$3.06,https://www.coles.com.au/product/coles-red-capsicum-approx.-220g-4580208
1499340,Coles Baby Spinach | 120g,$3.00,https://www.coles.com.au/product/coles-baby-spinach-120g-1499340
1499486,Coles Baby Spinach | 60g,$2.00,https://www.coles.com.au/product/coles-baby-spinach-60g-1499486
4834736,Coles Cherry Tomatoes Prepacked | 250g,$3.30,https://www.coles.com.au/product/coles-cherry-tomatoes-prepacked-250g-4834736
5318302,Coles Medium Lemons | 1 each,$1.20,https://www.coles.com.au/product/coles-medium-lemons-1-each-5318302
4601603,Coles Cauliflower Medium | 1 each,$4.50,https://www.coles.com.au/product/coles-cauliflower-medium-1-each-4601603
4646485,Coles Baby Cos Lettuce | 2 pack,$3.50,https://www.coles.com.au/product/coles-baby-cos-lettuce-2-pack-4646485
5424026,Coles Black Plums | approx 110g,$0.54,https://www.coles.com.au/product/coles-black-plums-approx.-110g-5424026
7508229,Coles Seedless Watermelon Cut | approx 1.8kg,$6.30,https://www.coles.com.au/product/coles-seedless-watermelon-cut-approx.-1.8kg-7508229
407675,Coles Green Beans loose | approx 200g,$1.38,https://www.coles.com.au/product/coles-green-beans-loose-approx.-200g-407675
7265535,Coles Grape Perino Tomatoes Prepacked | 200g,$4.50,https://www.coles.com.au/product/coles-grape-perino-tomatoes-prepacked-200g-7265535
4498173,Coles Tomatoes Glasshouse Grape | 200g,$3.90,https://www.coles.com.au/product/coles-tomatoes-glasshouse-grape-200g-4498173
7174994,Coles Afourer Mandarins | approx 110g,$0.65,https://www.coles.com.au/product/coles-afourer-mandarins-approx.-110g-7174994
4562603,Coles Sweet Corn | 1 each,$2.00,https://www.coles.com.au/product/coles-sweet-corn-1-each-4562603
4845732,Coles Celery | 1 bunch,$3.70,https://www.coles.com.au/product/coles-celery-1-bunch-4845732
6105715,Coles Garlic loose | approx 60g,$1.74,https://www.coles.com.au/product/coles-garlic-loose-approx.-60g-each-6105715
4190600,Coles Wrapped Butternut Pumpkin | approx 700g,$1.05,https://www.coles.com.au/product/coles-wrapped-butternut-pumpkin-approx.-700g-each-4190600
5899409,Coles Modi Apples | approx 180g,$0.70,https://www.coles.com.au/product/coles-modi-apples-approx.-180g-each-5899409
4575321,Coles Sleeved Herbs Coriander | 1 each,$3.20,https://www.coles.com.au/product/coles-sleeved-herbs-coriander-1-each-4575321
408554,Fresh Granny Smith Medium Apples | approx 170g,$0.77,https://www.coles.com.au/product/fresh-granny-smith-medium-apples-approx.-170g-each-408554
5034484,Coles Ginger loose | approx 120g,$3.24,https://www.coles.com.au/product/coles-ginger-loose-approx.-120g-each-5034484
6885716,Coles 4 Leaf Salad Mix | 120g,$2.00,https://www.coles.com.au/product/coles-4-leaf-salad-mix-120g-6885716
4433462,Coles Royal Gala Apples 1Kg | 1 each,$4.00,https://www.coles.com.au/product/coles-royal-gala-apples-1kg-1-each-4433462
4838737,Coles Green Asparagus | 1 each,$3.70,https://www.coles.com.au/product/coles-green-asparagus-1-each-4838737
1022610,Coles Creme Royale Brushed Potatoes loose | approx 200g,$0.78,https://www.coles.com.au/product/coles-creme-royale-brushed-potatoes-loose-approx.-200g-each-1022610
4595930,Coles Leeks | 1 each,$2.90,https://www.coles.com.au/product/coles-leeks-1-each-4595930
3958573,Coles Brushed Potatoes | 2kg,$4.00,https://www.coles.com.au/product/coles-brushed-potatoes-2kg-3958573
5750960,Coles Sliced Mushrooms | 200g,$4.00,https://www.coles.com.au/product/coles-sliced-mushrooms-200g-5750960
156382,Coles Plums Red | approx 110g,$0.54,https://www.coles.com.au/product/coles-plums-red-approx.-110g-156382
5806601,Coles Sweet Corn | 3 pack,$4.90,https://www.coles.com.au/product/coles-sweet-corn-3-pack-5806601
5606330,Coles Topless Pineapple | 1 each,$3.90,https://www.coles.com.au/product/coles-topless-pineapple-1-each-5606330
2470526,Coles Shredded Iceberg Lettuce | 200g,$2.00,https://www.coles.com.au/product/coles-shredded-iceberg-lettuce-200g-2470526
1181308,Coles Red Royale Potatoes Loose | approx 170g,$0.77,https://www.coles.com.au/product/coles-red-royale-potatoes-loose-approx.-170g-each-1181308
4835171,Coles Vine Ripened Tomatoes Prepacked | 500g,$7.50,https://www.coles.com.au/product/coles-vine-ripened-tomatoes-prepacked-500g-4835171
3666396,Coles Half Drumhead Cabbage | 1 each,$3.50,https://www.coles.com.au/product/coles-half-drumhead-cabbage-1-each-3666396
7963859,Coles Red Royale Washed Potatoes Prepacked | 2kg,$7.50,https://www.coles.com.au/product/coles-red-royale-washed-potatoes-prepacked-2kg-7963859
3609392,Coles I'M Perfect Carrots Prepacked | 1.5kg,$1.90,https://www.coles.com.au/product/coles-i'm-perfect-carrots-prepacked-1.5kg-3609392
1499475,Coles Lettuce Baby Rocket | 120g,$3.30,https://www.coles.com.au/product/coles-lettuce-baby-rocket-120g-1499475
4567039,Coles Asian Choy Pak | 1 each,$2.50,https://www.coles.com.au/product/coles-asian-choy-pak-1-each-4567039
3395313,Coles Half Cauliflower Precut | 1 each,$3.00,https://www.coles.com.au/product/coles-half-cauliflower-precut-1-each-3395313
5707745,Coles Strawberries Premium | 350g,$8.00,https://www.coles.com.au/product/coles-strawberries-premium-350g-5707745
3866840,Coles Garlic Bulb Prepack | 4 pack,$3.60,https://www.coles.com.au/product/coles-garlic-bulb-prepack-4-pack-3866840
5211604,Coles Mini Pack Mandarins | 850g,$3.90,https://www.coles.com.au/product/coles-mini-pack-mandarins-850g-5211604
8209722,Coles 4 Leaf Salad Mix | 200g,$3.00,https://www.coles.com.au/product/coles-4-leaf-salad-mix-200g-8209722
3731705,Coles Soft White Wraps 8 pack | 360g,$2.70,https://www.coles.com.au/product/coles-soft-white-wraps-8-pack-360g-3731705
7215355,Coles Yellow Capsicum | approx 220g,$3.50,https://www.coles.com.au/product/coles-yellow-capsicum-approx.-220g-7215355
2386281,Coles Trimmed Celery Prepacked | 1 each,$4.20,https://www.coles.com.au/product/coles-trimmed-celery-prepacked-1-each-2386281
3627805,Coles I'm Perfect Avocados | 1kg,$4.00,https://www.coles.com.au/product/coles-i'm-perfect-avocados-1kg-3627805
4841775,Coles Family Broccolini | 1 each,$6.50,https://www.coles.com.au/product/coles-family-broccolini-1-each-4841775
409728,Coles Medium Lemons 5 Pack | 1 each,$3.90,https://www.coles.com.au/product/coles-medium-lemons-5-pack-1-each-409728
4438740,Coles Granny Smith Apples 1kg | 1 each,$3.90,https://www.coles.com.au/product/coles-granny-smith-apples-1kg-1-each-4438740
4879042,Coles Wombok Chinese Cabbage Whole | 1 each,$8.90,https://www.coles.com.au/product/coles-wombok-chinese-cabbage-whole-1-each-4879042
2584547,Coles Baby Gem Lettuce | 3 pack,$4.50,https://www.coles.com.au/product/coles-baby-gem-lettuce-3-pack-2584547
8658588,Coles Salad Family Baby Spinach | 280g,$5.00,https://www.coles.com.au/product/coles-salad-family-baby-spinach-280g-8658588
1499759,Coles Baby Rocket | 60g,$2.00,https://www.coles.com.au/product/coles-baby-rocket-60g-1499759
4575161,Coles Sleeved Herbs Parsley Continental | 1 each,$3.20,https://www.coles.com.au/product/coles-sleeved-herbs-parsley-continental-1-each-4575161
1069160,Coles Celery Sticks Prepacked | 300g,$4.70,https://www.coles.com.au/product/coles-celery-sticks-prepacked-300g-1069160
4829838,Coles Cup Mushrooms | 500g,$7.50,https://www.coles.com.au/product/coles-cup-mushrooms-500g-4829838
1206748,Coles Washed Potatoes | 2kg,$7.50,https://www.coles.com.au/product/coles-washed-potatoes-2kg-1206748
4583206,Fresh Purple Eggplant | approx 500g,$4.95,https://www.coles.com.au/product/fresh-purple-eggplant-approx.-500g-each-4583206
2488485,Coles Baby White Potatoes Prepacked | 1kg,$3.80,https://www.coles.com.au/product/coles-baby-white-potatoes-prepacked-1kg-2488485
3479297,Coles Avocados Prepacked 5 Pack | 1 each,$4.00,https://www.coles.com.au/product/coles-avocados-prepacked-5-pack-1-each-3479297
5040396,Coles Jumbo Value Pack Baby Spinach | 400g,$6.00,https://www.coles.com.au/product/coles-jumbo-value-pack-baby-spinach-400g-5040396
7543241,Coles Unique Selection White Grapes | 400g,$5.50,https://www.coles.com.au/product/coles-unique-selection-white-grapes-400g-7543241
4829860,Coles Cup Mushrooms Prepacked | 200g,$4.00,https://www.coles.com.au/product/coles-cup-mushrooms-prepacked-200g-4829860
9006684,Coles William Pears 1kg | 1 each,$3.40,https://www.coles.com.au/product/coles-william-pears-1kg-1-each-9006684
5629266,Coles I'M Perfect Pears Prepacked | 1.5kg,$3.90,https://www.coles.com.au/product/coles-i'm-perfect-pears-prepacked-1.5kg-5629266
3586446,Coles I'M Perfect Apples Prepacked | 2kg,$5.90,https://www.coles.com.au/product/coles-i'm-perfect-apples-prepacked-2kg-3586446
409874,Coles Oranges Prepacked | 3kg,$9.50,https://www.coles.com.au/product/coles-oranges-prepacked-3kg-409874
6427471,Coles Jazz Apples | approx 160g,$0.88,https://www.coles.com.au/product/coles-jazz-apples-approx.-160g-each-6427471
428915,Coles Rockmelon Whole | 1 each,$6.90,https://www.coles.com.au/product/coles-rockmelon-whole-1-each-428915
2488496,Coles Baby Carisma Potatoes | 1kg,$3.80,https://www.coles.com.au/product/coles-baby-carisma-potatoes-1kg-2488496
5536970,Coles Rockmelon Half | 1 each,$3.50,https://www.coles.com.au/product/coles-rockmelon-half-1-each-5536970
409987,Coles Beurre Bosc Pears | approx 230g,$0.90,https://www.coles.com.au/product/coles-beurre-bosc-pears-approx.-230g-each-409987
2728862,Coles Mushrooms Sliced | 500g,$7.50,https://www.coles.com.au/product/coles-mushrooms-sliced-500g-2728862
4594031,Coles Flat Mushrooms loose | approx 350g,$4.55,https://www.coles.com.au/product/coles-flat-mushrooms-loose-approx.-350g-each-4594031
5081338,Fresh Medley Perino Tomatoes | 200g,$4.50,https://www.coles.com.au/product/fresh-medley-perino-tomatoes-200g-5081338
4830826,Coles Vine Ripened Cherry Tomatoes | 250g,$3.50,https://www.coles.com.au/product/coles-vine-ripened-cherry-tomatoes-250g-4830826
5832204,Coles Washed Chipping Potatoes | 2kg,$4.50,https://www.coles.com.au/product/coles-washed-chipping-potatoes-2kg-5832204
7712327,Coles Carisma Washed Potatoes | 2kg,$5.00,https://www.coles.com.au/product/coles-carisma-washed-potatoes-2kg-7712327
3066275,Coles Australian Baby Capsicums | 350g,$7.90,https://www.coles.com.au/product/coles-australian-baby-capsicums-350g-3066275
2791406,Coles Kitchen Coleslaw | 200g,$2.00,https://www.coles.com.au/product/coles-kitchen-coleslaw-200g-2791406
3997189,Coles Roma Tomatoes | 480g,$6.90,https://www.coles.com.au/product/coles-roma-tomatoes-480g-3997189
5226011,Coles Fuji Apples Medium | approx 180g,$0.81,https://www.coles.com.au/product/coles-fuji-apples-medium-approx.-180g-each-5226011
3088176,Coles Cocktail Truss Tomatoes | 250g,$4.50,https://www.coles.com.au/product/coles-cocktail-truss-tomatoes-250g-3088176
8559542,Coles Kanzi Red Apples | approx 180g,$0.99,https://www.coles.com.au/product/coles-kanzi-red-apples-approx.-180g-each-8559542
4640831,Coles Tomatoes Gourmet 1Kg | 1 each,$9.90,https://www.coles.com.au/product/coles-tomatoes-gourmet-1kg-1-each-4640831
4594712,Coles Roma Tomatoes Loose | approx 70g,$0.76,https://www.coles.com.au/product/coles-roma-tomatoes-loose-approx.-70g-4594712
3026441,Spud Lite Potatoes Prepacked | 1.5kg,$6.00,https://www.coles.com.au/product/spud-lite-potatoes-prepacked-1.5kg-3026441
444503,Coles Josephine Pears | approx 230g,$0.81,https://www.coles.com.au/product/coles-josephine-pears-approx.-230g-444503
4488464,Coles Mini Tomatoes | 125g,$4.50,https://www.coles.com.au/product/coles-mini-tomatoes-125g-4488464
3609257,Coles I'm Perfect Onions Prepacked | 1.5kg,$3.60,https://www.coles.com.au/product/coles-i'm-perfect-onions-prepacked-1.5kg-3609257
5134809,Coles Brown Onion Shallots Loose | approx 35g,$0.46,https://www.coles.com.au/product/coles-brown-onion-shallots-loose-approx.-35g-each-5134809
8725007,Coles Chilli Fried Rice Crackers | approx 100g,$1.80,https://www.coles.com.au/product/coles-chilli-fried-rice-crackers-approx.-100g-8725007
3214769,Coles Herb Punnets Dill | 10g,$3.20,https://www.coles.com.au/product/coles-herb-punnets-dill-10g-3214769
4565907,Coles Asian Choy Buk | 1 each,$2.50,https://www.coles.com.au/product/coles-asian-choy-buk-1-each-4565907
4841072,Coles Tri Colour Capsicum | 500g,$9.90,https://www.coles.com.au/product/coles-tri-colour-capsicum-500g-4841072
4293374,Little Tractor Potatoes | 2kg,$6.00,https://www.coles.com.au/product/little-tractor-potatoes-2kg-4293374
3308716,Coles Butter Leaf Blend | 120g,$3.50,https://www.coles.com.au/product/coles-butter-leaf-blend-120g-3308716
3026260,Coles Coles Spudlite Baby Potato | 750g,$3.00,https://www.coles.com.au/product/coles-coles-spudlite-baby-potato-750g-3026260
4574920,Coles Sleeved Herbs Basil | 1 each,$3.20,https://www.coles.com.au/product/coles-sleeved-herbs-basil-1-each-4574920
4628326,Coles Snow Peas Medium | 150g,$5.20,https://www.coles.com.au/product/coles-snow-peas-medium-150g-4628326
4498311,Coles Gold Kiwifruit Prepacked | 6 pack,$7.50,https://www.coles.com.au/product/coles-gold-kiwifruit-prepacked-6-pack-4498311
5450831,Coles Iceberg Salad Blend | 300g,$3.00,https://www.coles.com.au/product/coles-iceberg-salad-blend-300g-5450831
4183423,Coles Butternut Pumpkin Whole | approx 2Kg,$3.00,https://www.coles.com.au/product/coles-butternut-pumpkin-whole-approx.-2kg-each-4183423
4544770,Bean Shoots Prepacked | 250g,$2.50,https://www.coles.com.au/product/bean-shoots-prepacked-250g-4544770
5205328,Coles I' M Perfect Mandarins Prepacked | 1kg,$4.50,https://www.coles.com.au/product/coles-i'-m-perfect-mandarins-prepacked-1kg-5205328
4293487,Coles Onions Little Tractor | 2kg,$4.80,https://www.coles.com.au/product/coles-onions-little-tractor-2kg-4293487
6252232,Coles Trimmed Green Beans | 250g,$4.20,https://www.coles.com.au/product/coles-trimmed-green-beans-250g-6252232
5288711,Coles Beetroot Loose | approx 170g,$1.10,https://www.coles.com.au/product/coles-beetroot-loose-approx.-170g-each-5288711
4566761,Coles Asian Baby Buk Choy | 1 each,$2.50,https://www.coles.com.au/product/coles-asian-baby-buk-choy-1-each-4566761
8412668,Coles Natural Walnuts | approx 100g,$2.50,https://www.coles.com.au/product/coles-natural-walnuts-approx.-100g-8412668
4829420,Coles Button Mushrooms | 200g,$4.00,https://www.coles.com.au/product/coles-button-mushrooms-200g-4829420
5298748,Coles Parsnips Loose | approx 140g,$1.68,https://www.coles.com.au/product/coles-parsnips-loose-approx.-140g-each-5298748
4567323,Coles Asian Choy Sum | 1 each,$2.50,https://www.coles.com.au/product/coles-asian-choy-sum-1-each-4567323
7514130,Coles Sweet Pointed Capsicums Red | 1 each,$2.90,https://www.coles.com.au/product/coles-sweet-pointed-capsicums-red-1-each-7514130
9989810,Coles Baby Brussel Sprouts | 200g,$3.90,https://www.coles.com.au/product/coles-baby-brussel-sprouts-200g-9989810
5899410,Coles Bravo Apples | approx 170g,$1.17,https://www.coles.com.au/product/coles-bravo-apples-approx.-170g-each-5899410
4590573,Coles Portobello Mushrooms | approx 200g,$2.90,https://www.coles.com.au/product/coles-portobello-mushrooms-approx.-200g-each-4590573
407766,Coles Brussels Sprouts loose | approx 400g,$5.56,https://www.coles.com.au/product/coles-brussels-sprouts-loose-approx.-400g-each-407766
3667945,Coles Half Savoy Cabbage | 1 each,$4.70,https://www.coles.com.au/product/coles-half-savoy-cabbage-1-each-3667945
2787974,Coles Kitchen Asian Style Salad Kit | 350g,$5.50,https://www.coles.com.au/product/coles-kitchen-asian-style-salad-kit-350g-2787974
3479162,Fresh Garlic Cloves Prepacked | 70g,$2.50,https://www.coles.com.au/product/fresh-garlic-cloves-prepacked-70g-3479162
5515278,Coles Kitchen Caesar Salad Kit | 290g,$5.50,https://www.coles.com.au/product/coles-kitchen-caesar-salad-kit-290g-5515278
4596649,Coles Lettuce Decorative Green Oak | 1 each,$3.20,https://www.coles.com.au/product/coles-lettuce-decorative-green-oak-1-each-4596649
410035,Coles Persimmons Medium | 1 each,$1.90,https://www.coles.com.au/product/coles-persimmons-medium-1-each-410035
2511656,Coles Pears Mini 1kg | 1 each,$3.40,https://www.coles.com.au/product/coles-pears-mini-1kg-1-each-2511656
3668020,Coles Half Red Cabbage | 1 each,$3.30,https://www.coles.com.au/product/coles-half-red-cabbage-1-each-3668020
8760314,Fresh Red Cayenne Chillies | approx 20g,$0.60,https://www.coles.com.au/product/fresh-red-cayenne-chillies-approx.-20g-each-8760314
5464290,Coles Salad Baby Leaf Spinach & Rocket | 120g,$3.00,https://www.coles.com.au/product/coles-salad-baby-leaf-spinach-and-rocket-120g-5464290
4575514,Coles Sleeved Herbs Mint | 1 each,$3.20,https://www.coles.com.au/product/coles-sleeved-herbs-mint-1-each-4575514
2790390,Coles Kitchen Kaleslaw Salad Kit | 350g,$5.50,https://www.coles.com.au/product/coles-kitchen-kaleslaw-salad-kit-350g-2790390
4150570,Coles Corn Cobettes | 400g,$7.90,https://www.coles.com.au/product/coles-corn-cobettes-400g-4150570
4559314,Coles Green Cucumber | 1 each,$2.80,https://www.coles.com.au/product/coles-green-cucumber-1-each-4559314
6950578,Coles Papaya Loose | 1 each,$4.90,https://www.coles.com.au/product/coles-papaya-loose-1-each-6950578
3613141,Coles Spinach & Rocket | 60g,$2.00,https://www.coles.com.au/product/coles-spinach-and-rocket-60g-3613141
8412227,Coles Roasted Salted Cashews | approx 100g,$2.40,https://www.coles.com.au/product/coles-roasted-salted-cashews-approx.-100g-8412227
3616751,Coles I'm Perfect Sweet Potato | 1.5kg,$4.50,https://www.coles.com.au/product/coles-i'm-perfect-sweet-potato-1.5kg-3616751
6908470,Coles Eve Apples Medium | approx 200g,$0.70,https://www.coles.com.au/product/coles-eve-apples-medium-approx.-200g-each-6908470
8761306,Coles Birdseye Chillies | approx 50g,$1.70,https://www.coles.com.au/product/coles-birdseye-chillies-approx.-50g-each-8761306
2786778,Coles Kitchen Beetroot Slaw | 200g,$2.00,https://www.coles.com.au/product/coles-kitchen-beetroot-slaw-200g-2786778
3214747,Coles Herb Punnets Chives | 10g,$3.20,https://www.coles.com.au/product/coles-herb-punnets-chives-10g-3214747
2488500,Coles Baby Red Royale Potatoes Prepacked | 1kg,$3.80,https://www.coles.com.au/product/coles-baby-red-royale-potatoes-prepacked-1kg-2488500
2470424,Coles Kitchen Shredded Carrot | 200g,$2.20,https://www.coles.com.au/product/coles-kitchen-shredded-carrot-200g-2470424
8696598,Coles Green Kale | 1 each,$4.50,https://www.coles.com.au/product/coles-green-kale-1-each-8696598
8760846,Fresh Green Cayenne Chillies | approx 22g,$0.66,https://www.coles.com.au/product/fresh-green-cayenne-chillies-approx.-22g-each-8760846
5536948,Coles Topless Pineapple Half | 1 each,$2.00,https://www.coles.com.au/product/coles-topless-pineapple-half-1-each-5536948
4569216,Coles Asian Choy Chinese Broccoli | 1 each,$2.50,https://www.coles.com.au/product/coles-asian-choy-chinese-broccoli-1-each-4569216
2674606,Coles Chopped Kale | 140g,$3.00,https://www.coles.com.au/product/coles-chopped-kale-140g-2674606
3214612,Coles Herb Punnets Coriander | 15g,$3.20,https://www.coles.com.au/product/coles-herb-punnets-coriander-15g-3214612
1883000,Coles Perino Gold Tomatoes Prepacked | 200g,$4.50,https://www.coles.com.au/product/coles-perino-gold-tomatoes-prepacked-200g-1883000
408383,Coles Silverbeet Medium | 1 each,$4.90,https://www.coles.com.au/product/coles-silverbeet-medium-1-each-408383
1475874,Coles Drumhead Cabbage Mini | 1 each,$5.50,https://www.coles.com.au/product/coles-drumhead-cabbage-mini-1-each-1475874
5016904,Coles Organic Carrots | 1kg,$5.80,https://www.coles.com.au/product/coles-organic-carrots-1kg-5016904
3586912,Coles I'M Perfect Lemons Prepacked | 1kg,$6.00,https://www.coles.com.au/product/coles-i'm-perfect-lemons-prepacked-1kg-3586912
2743866,Coles Kestrel Potatoes Prepacked | 2kg,$6.00,https://www.coles.com.au/product/coles-kestrel-potatoes-prepacked-2kg-2743866
7296299,Coles Mini Capsicum | 175g,$5.50,https://www.coles.com.au/product/coles-mini-capsicum-175g-7296299
5039590,Coles Kitchen Fine Cut Coleslaw | 300g,$4.00,https://www.coles.com.au/product/coles-kitchen-fine-cut-coleslaw-300g-5039590
7502890,Coles Plums Prepacked 1kg | 1 each,$4.50,https://www.coles.com.au/product/coles-plums-prepacked-1kg-1-each-7502890
8647548,Coles Australian Salad Family Baby Leaf Blend | 300g,$5.00,https://www.coles.com.au/product/coles-australian-salad-family-baby-leaf-blend-300g-8647548
6309511,Coles Snacking Carrots | 250g,$3.50,https://www.coles.com.au/product/coles-snacking-carrots-250g-6309511
7410995,Coles Unique Selection Mandarins prepacked | 800g,$5.50,https://www.coles.com.au/product/coles-unique-selection-mandarins-prepacked-800g-7410995
5323153,Coles Large Grapefruit Ruby Red | approx 375g,$1.84,https://www.coles.com.au/product/coles-large-grapefruit-ruby-red-approx.-375g-each-5323153
3214780,Coles Herb Punnets Rosemary | 10g,$3.20,https://www.coles.com.au/product/coles-herb-punnets-rosemary-10g-3214780
3525725,Coles Piqa Boo Pears | approx 180g,$1.17,https://www.coles.com.au/product/coles-piqa-boo-pears-approx.-180g-3525725
1116601,Coles Herb Punnets Curry Leaves | 10g,$3.20,https://www.coles.com.au/product/coles-herb-punnets-curry-leaves-10g-1116601
3666385,Coles Cabbage Wombok Precut Half | 1 each,$4.90,https://www.coles.com.au/product/coles-cabbage-wombok-precut-half-1-each-3666385
9323257,Coles Brussels Sprouts Prepack | 400g,$4.90,https://www.coles.com.au/product/coles-brussels-sprouts-prepack-400g-9323257
2483914,Coles Rosalee Pink Onions Prepacked | 1kg,$3.60,https://www.coles.com.au/product/coles-rosalee-pink-onions-prepacked-1kg-2483914
3016302,Coles Kitchen Coleslaw Salad | 250g,$4.00,https://www.coles.com.au/product/coles-kitchen-coleslaw-salad-250g-3016302
409896,Coles Passionfruit | 1 each,$1.90,https://www.coles.com.au/product/coles-passionfruit-1-each-409896
7543343,Coles Unique Selection Red Grapes | 400g,$5.00,https://www.coles.com.au/product/coles-unique-selection-red-grapes-400g-7543343
8412293,Coles Roasted Unsalted Cashews | approx 100g,$2.40,https://www.coles.com.au/product/coles-roasted-unsalted-cashews-approx.-100g-8412293
5040192,Coles Baby Leaf Salad & Beetroot | 150g,$3.00,https://www.coles.com.au/product/coles-baby-leaf-salad-and-beetroot-150g-5040192
6536535,Coles Ambrosia Apples | approx 170g,$1.17,https://www.coles.com.au/product/coles-ambrosia-apples-approx.-170g-each-6536535
2725922,Coles Organic Baby Spinach | 100g,$4.80,https://www.coles.com.au/product/coles-organic-baby-spinach-100g-2725922
7543026,Coles Unique Selection Black Grapes | 400g,$5.00,https://www.coles.com.au/product/coles-unique-selection-black-grapes-400g-7543026
3835890,Coles Mix-A-Mato Grape Tomatoes | 300g,$5.90,https://www.coles.com.au/product/coles-mix-a-mato-grape-tomatoes-300g-3835890
8018010,Fresh Longans Prepack | 400g,$6.90,https://www.coles.com.au/product/fresh-longans-prepack-400g-8018010
4183558,Coles Kent Pumpkin Whole | approx 4Kg,$14.00,https://www.coles.com.au/product/coles-kent-pumpkin-whole-approx.-4kg-each-4183558
1948626,Coles BBQ Rice Crackers | approx 100g,$1.80,https://www.coles.com.au/product/coles-bbq-rice-crackers-approx.-100g-1948626
5945620,Coles Honeydew Melon Whole | 1 each,$6.90,https://www.coles.com.au/product/coles-honeydew-melon-whole-1-each-5945620
8417220,Coles Dried Apricots | approx 100g,$1.80,https://www.coles.com.au/product/coles-dried-apricots-approx.-100g-8417220
8413300,Coles Roasted Unsalted Almonds | approx 100g,$2.20,https://www.coles.com.au/product/coles-roasted-unsalted-almonds-approx.-100g-8413300
1039770,Coles Organic Bananas | approx 170g,$1.02,https://www.coles.com.au/product/coles-organic-bananas-approx.-170g-1039770
3215171,Coles Herb Punnets Thyme | 10g,$3.20,https://www.coles.com.au/product/coles-herb-punnets-thyme-10g-3215171
4911870,Coles Radish Bunch | 1 each,$3.90,https://www.coles.com.au/product/coles-radish-bunch-1-each-4911870
2679519,Coles Kitchen Creme Royale Potato Mash | 350g,$4.75,https://www.coles.com.au/product/coles-kitchen-creme-royale-potato-mash-350g-2679519
5208450,Coles I'M Perfect Limes Prepacked | 500g,$6.90,https://www.coles.com.au/product/coles-i'm-perfect-limes-prepacked-500g-5208450
3256849,Coles Baby Beetroot Prepacked | 250g,$3.00,https://www.coles.com.au/product/coles-baby-beetroot-prepacked-250g-3256849
4619289,Coles Sugar Snap Peas Medium | 150g,$5.20,https://www.coles.com.au/product/coles-sugar-snap-peas-medium-150g-4619289
8412431,Coles Natural Cashews | approx 100g,$2.40,https://www.coles.com.au/product/coles-natural-cashews-approx.-100g-8412431
7511416,Coles Grandma's Heirloom Tomatoes Red | approx 250g,$3.48,https://www.coles.com.au/product/coles-grandma's-heirloom-tomatoes-red-approx.-250g-7511416
4519320,Coles Pomegranate Medium | 1 each,$4.50,https://www.coles.com.au/product/coles-pomegranate-medium-1-each-4519320
2859066,Coles Kitchen Australian Diced Butternut Pu ... 500g,$5.00,https://www.coles.com.au/product/coles-kitchen-australian-diced-butternut-pumpkin-500g-2859066
3016288,Coles Kitchen Potato Salad | 250g,$4.00,https://www.coles.com.au/product/coles-kitchen-potato-salad-250g-3016288
3858943,Coles Kitchen Family Ranch Salad Kit | 400g,$5.50,https://www.coles.com.au/product/coles-kitchen-family-ranch-salad-kit-400g-3858943
1778560,Coles Green Kiwifruit Prepacked | 8 pack,$5.90,https://www.coles.com.au/product/coles-green-kiwifruit-prepacked-8-pack-1778560
2310111,Coles Kitchen Broccoli & Cauliflower Fl ... 150g,$2.00,https://www.coles.com.au/product/coles-kitchen-broccoli-and-cauliflower-florets-150g-2310111
4590551,Coles Brown Mushrooms Loose | approx 200g,$3.20,https://www.coles.com.au/product/coles-brown-mushrooms-loose-approx.-200g-each-4590551
7141758,Coles Dutch Cream Brushed Potatoes Loose | approx 200g,$0.98,https://www.coles.com.au/product/coles-dutch-cream-brushed-potatoes-loose-approx.-200g-each-7141758
2517630,Coles Brushed Baby Potato | 1kg,$3.00,https://www.coles.com.au/product/coles-brushed-baby-potato-1kg-2517630
2832762,Coles Modi Apples | 1 each,$3.90,https://www.coles.com.au/product/coles-modi-apples-1-each-2832762
6614720,Coles White Radish | approx 800g,$4.72,https://www.coles.com.au/product/coles-white-radish-approx.-800g-6614720
4966930,Coles Swedes Loose | approx 230g,$1.61,https://www.coles.com.au/product/coles-swedes-loose-approx.-230g-each-4966930
3214576,Coles Herb Punnets Parsley Continental | 15g,$3.20,https://www.coles.com.au/product/coles-herb-punnets-parsley-continental-15g-3214576
3016120,Coles Kitchen Superfood Slaw Mix | 350g,$4.00,https://www.coles.com.au/product/coles-kitchen-superfood-slaw-mix-350g-3016120
2385325,Coles Smitten Apples | approx170g,$1.00,https://www.coles.com.au/product/coles-smitten-apples-approx.170g-each-2385325
2552868,Coles Baby Brown Onions | 500g,$2.50,https://www.coles.com.au/product/coles-baby-brown-onions-500g-2552868
4910980,Coles Fennel | 1 bunch,$3.50,https://www.coles.com.au/product/coles-fennel-1-bunch-4910980
8416829,Coles Soy Crisps | approx 100g,$1.80,https://www.coles.com.au/product/coles-soy-crisps-approx.-100g-8416829
5476234,Coles Fruit & Nut Trail Mix | 400g,$5.00,https://www.coles.com.au/product/coles-fruit-and-nut-trail-mix-400g-5476234
3015977,Coles Kitchen American BBQ Slaw Kit | 400g,$5.50,https://www.coles.com.au/product/coles-kitchen-american-bbq-slaw-kit-400g-3015977
8704110,Coles Chilli & Lime Soy Crisps | approx 100g,$1.80,https://www.coles.com.au/product/coles-chilli-and-lime-soy-crisps-approx.-100g-8704110
1944206,Coles Dried Mango Slices | approx 100g,$2.50,https://www.coles.com.au/product/coles-dried-mango-slices-approx.-100g-1944206
3613120,Coles Spinach And Kale | 300g,$5.00,https://www.coles.com.au/product/coles-spinach-and-kale-300g-3613120
6467068,Coles Sliced Brown Mushrooms Prepacked | 200g,$5.70,https://www.coles.com.au/product/coles-sliced-brown-mushrooms-prepacked-200g-6467068
3938860,Coles Birdseye Chillies | 40g,$3.80,https://www.coles.com.au/product/coles-birdseye-chillies-40g-3938860
6584243,Coles Tuscan Kale | 1 each,$4.50,https://www.coles.com.au/product/coles-tuscan-kale-1-each-6584243
4966737,Coles Fresh Turnips | approx 180g,$1.26,https://www.coles.com.au/product/coles-fresh-turnips-approx.-180g-each-4966737
8164806,Coles Kitchen Vegetables Baby Potatoes Her ... 400g,$4.00,https://www.coles.com.au/product/coles-kitchen-vegetables-baby-potatoes-herb-butter-400g-8164806
8381564,Fresh Passionfruit prepack | 4 pack,$5.50,https://www.coles.com.au/product/fresh-passionfruit-prepack-4-pack-8381564
429000,Coles Corella Pears | approx 210g,$1.03,https://www.coles.com.au/product/coles-corella-pears-approx.-210g-429000
3214725,Coles Herb Punnets Mint | 15g,$3.20,https://www.coles.com.au/product/coles-herb-punnets-mint-15g-3214725
3869699,Coles Kitchen Beetslaw Salad Kit | 320g,$5.50,https://www.coles.com.au/product/coles-kitchen-beetslaw-salad-kit-320g-3869699
132056,Coles Lady Finger Bananas | approx 140g,$1.11,https://www.coles.com.au/product/coles-lady-finger-bananas-approx.-140g-132056
8412588,Coles Roasted Salted Pistachios | approx 100g,$2.80,https://www.coles.com.au/product/coles-roasted-salted-pistachios-approx.-100g-8412588
3087366,Coles Half Papaya | 1 each,$2.90,https://www.coles.com.au/product/coles-half-papaya-1-each-3087366
8791125,Coles Cos Lettuce Head | 1 each,$2.90,https://www.coles.com.au/product/coles-cos-lettuce-head-1-each-8791125
3958530,Coles Brushed Potatoes | 4kg,$7.50,https://www.coles.com.au/product/coles-brushed-potatoes-4kg-3958530
8933048,Coles Tomatoes Kumato | 500g,$7.50,https://www.coles.com.au/product/coles-tomatoes-kumato-500g-8933048
1476083,Coles Mini Savoy Cabbage | 1 each,$7.90,https://www.coles.com.au/product/coles-mini-savoy-cabbage-1-each-1476083
5055611,Coles Organic Avocados | 1 each,$4.00,https://www.coles.com.au/product/coles-organic-avocados-1-each-5055611
3858896,Coles Kitchen Green Goddess Salad Kit | 350g,$5.50,https://www.coles.com.au/product/coles-kitchen-green-goddess-salad-kit-350g-3858896
3214521,Coles Herb Punnets Basil | 15g,$3.20,https://www.coles.com.au/product/coles-herb-punnets-basil-15g-3214521
4575569,Coles Sleeved Herbs Parsley | 1 each,$3.20,https://www.coles.com.au/product/coles-sleeved-herbs-parsley-1-each-4575569
8417184,Coles Natural Almonds | approx 100g,$2.20,https://www.coles.com.au/product/coles-natural-almonds-approx.-100g-8417184
4829703,Coles Brown Mushrooms Prepacked | 200g,$5.70,https://www.coles.com.au/product/coles-brown-mushrooms-prepacked-200g-4829703
1501635,Coles Red Cayanne Chillies | 50g,$3.80,https://www.coles.com.au/product/coles-red-cayanne-chillies-50g-1501635
4365351,Coles Mini Q's Cucumber | 125g,$4.50,https://www.coles.com.au/product/coles-mini-q's-cucumber-125g-4365351
2674650,Coles Kitchen Carrot & Broccoli Florets | 150g,$2.00,https://www.coles.com.au/product/coles-kitchen-carrot-and-broccoli-florets-150g-2674650
8413219,Coles Roasted Salted Almonds | approx 100g,$2.20,https://www.coles.com.au/product/coles-roasted-salted-almonds-approx.-100g-8413219
1501351,Coles Green Cayenne Chillies | 50g,$3.80,https://www.coles.com.au/product/coles-green-cayenne-chillies-50g-1501351
8417060,Coles Prunes | approx 100g,$1.70,https://www.coles.com.au/product/coles-prunes-approx.-100g-8417060
8704696,Coles Honey & Dijon Soy Crisps | approx 100g,$1.80,https://www.coles.com.au/product/coles-honey-and-dijon-soy-crisps-approx.-100g-8704696
8726360,Coles Pretzels | approx 100g,$1.80,https://www.coles.com.au/product/coles-pretzels-approx.-100g-8726360
5032219,Coles Organic Zucchini | 500g,$5.50,https://www.coles.com.au/product/coles-organic-zucchini-500g-5032219
3308498,Gourmet Garden Garlic Cold Blende Paste Value P ... 120g,$5.00,https://www.coles.com.au/product/gourmet-garden-garlic-cold-blende-paste-value-pack-120g-3308498
410443,Coles White Onions Loose | approx 160g,$0.88,https://www.coles.com.au/product/coles-white-onions-loose-approx.-160g-each-410443
4924034,Coles Dutch Carrots | 1 each,$3.90,https://www.coles.com.au/product/coles-dutch-carrots-1-each-4924034
1473970,Coles Mini Red Cabbage | 1 each,$4.90,https://www.coles.com.au/product/coles-mini-red-cabbage-1-each-1473970
9861850,Coles Organic Green Beans Prepacked | 250g,$4.90,https://www.coles.com.au/product/coles-organic-green-beans-prepacked-250g-9861850
3048820,Coles Organic Broccoli | 500g,$7.90,https://www.coles.com.au/product/coles-organic-broccoli-500g-3048820
4544805,Alfalfa Sprouts Prepacked | 125g,$2.50,https://www.coles.com.au/product/alfalfa-sprouts-prepacked-125g-4544805
4596456,Coles Lettuce Decorative Oak Red | 1 each,$2.70,https://www.coles.com.au/product/coles-lettuce-decorative-oak-red-1-each-4596456
5952272,Coles Royal Blue Potatoes | 2kg,$7.50,https://www.coles.com.au/product/coles-royal-blue-potatoes-2kg-5952272
4976130,Coles Organic Royal Gala Apples | 1kg,$7.80,https://www.coles.com.au/product/coles-organic-royal-gala-apples-1kg-4976130
3769876,Coles Giant Sour Cola Bottles | approx 100g,$2.50,https://www.coles.com.au/product/coles-giant-sour-cola-bottles-approx.-100g-3769876
8412170,Coles Deluxe Natural Mixed Nuts | approx 100g,$2.90,https://www.coles.com.au/product/coles-deluxe-natural-mixed-nuts-approx.-100g-8412170
8725969,Coles Honey Cashews | approx 100g,$2.90,https://www.coles.com.au/product/coles-honey-cashews-approx.-100g-8725969
5536981,Fresh Half Honeydew Melon | 1 each,$3.50,https://www.coles.com.au/product/fresh-half-honeydew-melon-1-each-5536981
3119043,Coles Organic Kent Pumpkin | approx 800g,$5.20,https://www.coles.com.au/product/coles-organic-kent-pumpkin-approx.-800g-each-3119043
5431305,Coles Exotic Shiitake Mushrooms Prepacked | 100g,$6.00,https://www.coles.com.au/product/coles-exotic-shiitake-mushrooms-prepacked-100g-5431305
4409923,Coles Longans | approx 20g,$0.20,https://www.coles.com.au/product/coles-longans-approx.-20g-each-4409923
3525816,Coles Piqa Boo Pears | 750g,$3.90,https://www.coles.com.au/product/coles-piqa-boo-pears-750g-3525816
5427352,Coles Baby Oak Lettuce | 150g,$4.00,https://www.coles.com.au/product/coles-baby-oak-lettuce-150g-5427352
2724760,Coles Organic Baby Salad Leaves Lettuce Mix | 100g,$4.90,https://www.coles.com.au/product/coles-organic-baby-salad-leaves-lettuce-mix-100g-2724760
6934764,Coles Jazz Apples Prepacked | 1kg,$5.50,https://www.coles.com.au/product/coles-jazz-apples-prepacked-1kg-6934764
3294768,Coles Mediterranean Style Salad Bowl | 185g,$6.00,https://www.coles.com.au/product/coles-mediterranean-style-salad-bowl-185g-3294768
5040126,Coles Kitchen Chicken Style Soup Mix Kit | 450g,$6.00,https://www.coles.com.au/product/coles-kitchen-chicken-style-soup-mix-kit-450g-5040126
4989110,Coles Kitchen Asian Salad Kit | 550g,$7.00,https://www.coles.com.au/product/coles-kitchen-asian-salad-kit-550g-4989110
2829509,Coles Portobello Brown Mushrooms | 375g,$9.00,https://www.coles.com.au/product/coles-portobello-brown-mushrooms-375g-2829509
4913129,Coles Okra loose | approx 10g,$0.26,https://www.coles.com.au/product/coles-okra-loose-approx.-10g-4913129
8412067,Coles Cranberries | approx 100g,$2.20,https://www.coles.com.au/product/coles-cranberries-approx.-100g-8412067
4544849,Crunchy Combo Sprouts | 200g,$2.50,https://www.coles.com.au/product/crunchy-combo-sprouts-200g-4544849
9135406,Coles Symphony Lettuce Decorative | 1 each,$2.70,https://www.coles.com.au/product/coles-symphony-lettuce-decorative-1-each-9135406
5485993,Coles Kitchen Salad Extra Creamy Coleslaw Kit | 500g,$5.50,https://www.coles.com.au/product/coles-kitchen-salad-extra-creamy-coleslaw-kit-500g-5485993
6051547,Coles Kitchen Chilli Lime Crunchy Noodle Salad Kit | 350g,$5.50,https://www.coles.com.au/product/coles-kitchen-chilli-lime-crunchy-noodle-salad-kit-350g-6051547
3878736,Coles Kitchen Family Vegetable Medley | 750g,$6.75,https://www.coles.com.au/product/coles-kitchen-family-vegetable-medley-750g-3878736
4205264,Coles Watermelon Seedless Whole | approx 8kg,$28.00,https://www.coles.com.au/product/coles-watermelon-seedless-whole-approx.-8kg-each-4205264
8761656,Fresh Jalapeno Chillies | approx 34g,$1.02,https://www.coles.com.au/product/fresh-jalapeno-chillies-approx.-34g-each-8761656
6867033,Coles Figs Loose | 1 each,$1.90,https://www.coles.com.au/product/coles-figs-loose-1-each-6867033
6133889,Coles Kitchen Family Stir Fry Mix | 400g,$3.50,https://www.coles.com.au/product/coles-kitchen-family-stir-fry-mix-400g-6133889
2997944,Gourmet Garden Lightly Dried Basil | 10g,$4.00,https://www.coles.com.au/product/gourmet-garden-lightly-dried-basil-10g-2997944
2310971,Coles Kitchen Broccoli Florets | 150g,$2.00,https://www.coles.com.au/product/coles-kitchen-broccoli-florets-150g-2310971
8412635,Coles Crystalised Ginger | approx 100g,$2.00,https://www.coles.com.au/product/coles-crystalised-ginger-approx.-100g-8412635
7062775,Coles Green Nashi Pears | 1 each,$2.20,https://www.coles.com.au/product/coles-green-nashi-pears-1-each-7062775
3198458,Coles Peanut Butter Pretzels | approx 100g,$2.50,https://www.coles.com.au/product/coles-peanut-butter-pretzels-approx.-100g-3198458
3592992,Coles Pottle Roasted Salted Pistachios | approx 100g,$3.00,https://www.coles.com.au/product/coles-pottle-roasted-salted-pistachios-approx.-100g-3592992
5108751,Coles Vegetable Starter Pack | 1kg,$4.90,https://www.coles.com.au/product/coles-vegetable-starter-pack-1kg-5108751
5528586,Coles Kitchen Thai Style Salad Kit | 315g,$5.50,https://www.coles.com.au/product/coles-kitchen-thai-style-salad-kit-315g-5528586
1988904,Coles Kitchen Potato Salad | 800g,$7.00,https://www.coles.com.au/product/coles-kitchen-potato-salad-800g-1988904
2985377,Coles Organic Sweet Corn | 3 pack,$8.50,https://www.coles.com.au/product/coles-organic-sweet-corn-3-pack-2985377
2349660,Coles Nougat Cranberry & Nut | approx 100g,$2.20,https://www.coles.com.au/product/coles-nougat-cranberry-and-nut-approx.-100g-2349660
4481909,Fresh Strawberries Medium | 500g,$5.50,https://www.coles.com.au/product/fresh-strawberries-medium-500g-4481909
6866880,Coles Dragonfruit Fresh | 1 each,$5.50,https://www.coles.com.au/product/coles-dragonfruit-fresh-1-each-6866880
4462562,Coles Kitchen Green Goddess Veggie Pot | 200g,$5.00,https://www.coles.com.au/product/coles-kitchen-green-goddess-veggie-pot-200g-4462562
5017430,Coles Organic Pak Choy Bunch | 1 each,$5.50,https://www.coles.com.au/product/coles-organic-pak-choy-bunch-1-each-5017430
7433436,Coles Va Green Goddess Better Bowl | 200g,$6.00,https://www.coles.com.au/product/coles-va-green-goddess-better-bowl-200g-7433436
4462223,Coles Kitchen Classic Vegetable Stir Fry | 750g,$6.50,https://www.coles.com.au/product/coles-kitchen-classic-vegetable-stir-fry-750g-4462223
9572863,Coles Organic Coriander Bunch | 1 bunch,$4.50,https://www.coles.com.au/product/coles-organic-coriander-bunch-1-bunch-9572863
8412726,Coles Organic Snacking Tomatoes | 200g,$5.80,https://www.coles.com.au/product/coles-organic-snacking-tomatoes-200g-8412726
2999327,Gourmet Garden Lightly Dried Parsley Prepacked | 8g,$4.00,https://www.coles.com.au/product/gourmet-garden-lightly-dried-parsley-prepacked-8g-2999327
3505819,Coles Kitchen Roasting Vegetables With Garlic A ... 500g,$5.50,https://www.coles.com.au/product/coles-kitchen-roasting-vegetables-with-garlic-and-rosemary-500g-3505819
3812319,Coles Pottle Roasted Salted Macadamias | approx 100g,$5.70,https://www.coles.com.au/product/coles-pottle-roasted-salted-macadamias-approx.-100g-3812319
5162214,Coles Organic Pears | 1kg,$6.20,https://www.coles.com.au/product/coles-organic-pears-1kg-5162214
2313448,Coles Kitchen Carrot Sticks | 150g,$2.00,https://www.coles.com.au/product/coles-kitchen-carrot-sticks-150g-2313448
8412599,Coles Pumpkin Seeds | approx 100g,$2.00,https://www.coles.com.au/product/coles-pumpkin-seeds-approx.-100g-8412599
410319,Coles Chestnuts Large | approx 200g,$2.18,https://www.coles.com.au/product/coles-chestnuts-large-approx.-200g-each-410319
7063042,Coles Brown Nashi Pears | 1 each,$2.20,https://www.coles.com.au/product/coles-brown-nashi-pears-1-each-7063042
3119190,Coles Organic Pumpkin Butternut | approx 500g,$3.25,https://www.coles.com.au/product/coles-organic-pumpkin-butternut-approx.-500g-each-3119190
5519519,Coles Salad Blend Iceberg & Cos | 500g,$5.00,https://www.coles.com.au/product/coles-salad-blend-iceberg-and-cos-500g-5519519
5503494,Coles Kitchen Classic Pasta Salad | 400g,$5.80,https://www.coles.com.au/product/coles-kitchen-classic-pasta-salad-400g-5503494
4835466,Coles White Flat Mushrooms | 375g,$7.00,https://www.coles.com.au/product/coles-white-flat-mushrooms-375g-4835466
4912942,Coles Yellow Squash loose | approx 50g,$0.65,https://www.coles.com.au/product/coles-yellow-squash-loose-approx.-50g-each-4912942
3015966,Coles Kitchen Mexican Style Salad Kit | 400g,$5.50,https://www.coles.com.au/product/coles-kitchen-mexican-style-salad-kit-400g-3015966
8685660,Coles Beetroot Bunch | 1 each,$6.20,https://www.coles.com.au/product/coles-beetroot-bunch-1-each-8685660
4463995,Coles Kitchen Cheesy Tomato Pasta Salad | 800g,$7.00,https://www.coles.com.au/product/coles-kitchen-cheesy-tomato-pasta-salad-800g-4463995
8382567,Coles Country Fresh Potted Basil | 1 each,$4.00,https://www.coles.com.au/product/coles-country-fresh-potted-basil-1-each-8382567
3019876,Coles Vegetable Chips | approx 100g,$4.50,https://www.coles.com.au/product/coles-vegetable-chips-approx.-100g-3019876
111227,Coles Durian Imported | approx.2kg,$37.76,https://www.coles.com.au/product/coles-durian-imported-approx-.2kg-111227
3769901,Coles Strawberry Dream | approx 100g,$2.50,https://www.coles.com.au/product/coles-strawberry-dream-approx.-100g-3769901
3215091,Coles Herb Punnets Oregano | 10g,$3.20,https://www.coles.com.au/product/coles-herb-punnets-oregano-10g-3215091
5518899,Coles Fresh Quinoa Tabouleh Salad | 200g,$5.50,https://www.coles.com.au/product/coles-fresh-quinoa-tabouleh-salad-200g-5518899
5011831,Coles Organic Spring Onions | 1 each,$5.80,https://www.coles.com.au/product/coles-organic-spring-onions-1-each-5011831
409568,Coles Custard Apple Loose | approx 420g,$5.84,https://www.coles.com.au/product/coles-custard-apple-loose-approx.-420g-each-409568
3884820,Coles Fresh Chillies Mixed | 200g,$6.50,https://www.coles.com.au/product/coles-fresh-chillies-mixed-200g-3884820
5477420,Coles Kitchen Classic Salad Veggie Pasta | 700g,$7.00,https://www.coles.com.au/product/coles-kitchen-classic-salad-veggie-pasta-700g-5477420
9210035,Coles Organic Baby Cos Lettuce | 2 pack,$5.00,https://www.coles.com.au/product/coles-organic-baby-cos-lettuce-2-pack-9210035
1110999,Coles Habanero Chillies | approx 24g,$0.72,https://www.coles.com.au/product/coles-habanero-chillies-approx.-24g-each-1110999
5582887,Coles Drinking Coconut | 1 each,$3.90,https://www.coles.com.au/product/coles-drinking-coconut-1-each-5582887
4462380,Coles Kitchen 8 Leaf Blend | 170g,$4.00,https://www.coles.com.au/product/coles-kitchen-8-leaf-blend-170g-4462380
2724828,Coles Organic Rocket | 100g,$4.90,https://www.coles.com.au/product/coles-organic-rocket-100g-2724828
4981027,Coles Spinach Bunch | 1 each,$4.90,https://www.coles.com.au/product/coles-spinach-bunch-1-each-4981027
3771517,Coles Pomlife Fresh Pomegranate Arils | 75g,$5.90,https://www.coles.com.au/product/coles-pomlife-fresh-pomegranate-arils-75g-3771517
6133460,Coles Kitchen Sweet Potato Superfood Salad Bowl | 180g,$6.00,https://www.coles.com.au/product/coles-kitchen-sweet-potato-superfood-salad-bowl-180g-6133460
5486169,Coles Kitchen Made For Sharing Salad Kit Greek Style | 300g,$8.00,https://www.coles.com.au/product/coles-kitchen-made-for-sharing-salad-kit-greek-style-300g-5486169
5907370,Coles Pomelo | approx 1kg,$9.90,https://www.coles.com.au/product/coles-pomelo-approx.-1kg-each-5907370
2349638,Coles Raw Power | approx 100g,$2.20,https://www.coles.com.au/product/coles-raw-power-approx.-100g-2349638
3574287,Coles Pottle Natural Walnuts | approx 100g,$2.80,https://www.coles.com.au/product/coles-pottle-natural-walnuts-approx.-100g-3574287
3592959,Coles Pottel Cashews Roast & Salted | approx 100g,$2.90,https://www.coles.com.au/product/coles-pottel-cashews-roast-and-salted-approx.-100g-3592959
3019989,Coles Chocolate Pretzels | approx 100g,$3.00,https://www.coles.com.au/product/coles-chocolate-pretzels-approx.-100g-3019989
5541562,Coles Kitchen Stir Fry Superfood | 250g,$3.50,https://www.coles.com.au/product/coles-kitchen-stir-fry-superfood-250g-5541562
3022167,Gourmet Garden Garlic Cold Blended Paste | 80g,$4.00,https://www.coles.com.au/product/gourmet-garden-garlic-cold-blended-paste-80g-3022167
3329079,Coles Garlic Paste | 140g,$4.50,https://www.coles.com.au/product/coles-garlic-paste-140g-3329079
4229772,Coles Kitchen Mixed Asian Vegetables Stir Fry | 300g,$4.50,https://www.coles.com.au/product/coles-kitchen-mixed-asian-vegetables-stir-fry-300g-4229772
5040240,Coles Kitchen Honey Mustard & Crouton Salad Kit | 350g,$5.50,https://www.coles.com.au/product/coles-kitchen-honey-mustard-and-crouton-salad-kit-350g-5040240
3448293,Coles Organic White Mushroom | 180g,$6.30,https://www.coles.com.au/product/coles-organic-white-mushroom-180g-3448293
3520845,Organic Organic Brown Mushrooms | 180g,$6.50,https://www.coles.com.au/product/organic-organic-brown-mushrooms-180g-3520845
5415852,Coles Panama Passionfruit | 1 each,$1.90,https://www.coles.com.au/product/coles-panama-passionfruit-1-each-5415852
1960701,Coles BBQ Crunch | approx 100g,$2.00,https://www.coles.com.au/product/coles-bbq-crunch-approx.-100g-1960701
2349650,Coles Nougat Supreme | approx 100g,$2.50,https://www.coles.com.au/product/coles-nougat-supreme-approx.-100g-2349650
3324767,Coles Chilli & Maple Flavoured Cashews | approx 100g,$3.50,https://www.coles.com.au/product/coles-chilli-and-maple-flavoured-cashews-approx.-100g-3324767
5076305,Coles Organic Brown Onions | 1kg,$5.50,https://www.coles.com.au/product/coles-organic-brown-onions-1kg-5076305
5517025,Coles Fresh Potato Egg & Bacon Salad | 250g,$5.50,https://www.coles.com.au/product/coles-fresh-potato-egg-and-bacon-salad-250g-5517025
2823342,Coles Organic Medjool Dates | 227g,$6.50,https://www.coles.com.au/product/coles-organic-medjool-dates-227g-2823342
8411097,Coles Trail Mix | approx 100g,$2.00,https://www.coles.com.au/product/coles-trail-mix-approx.-100g-8411097
8412307,Coles Dried Dates | approx 100g,$2.50,https://www.coles.com.au/product/coles-dried-dates-approx.-100g-8412307
3214500,Coles Smitten Apples 1kg | 1 each,$4.50,https://www.coles.com.au/product/coles-smitten-apples-1kg-1-each-3214500
3578845,Coles Organic Baby Beetroot | 250g,$5.00,https://www.coles.com.au/product/coles-organic-baby-beetroot-250g-3578845
5088494,Coles Organic Baby Cucumbers | 200g,$5.50,https://www.coles.com.au/product/coles-organic-baby-cucumbers-200g-5088494
5504613,Coles Kitchen Classic Coleslaw Salad | 400g,$5.80,https://www.coles.com.au/product/coles-kitchen-classic-coleslaw-salad-400g-5504613
5508024,Coles Kitchen Classic Potato Salad | 400g,$5.80,https://www.coles.com.au/product/coles-kitchen-classic-potato-salad-400g-5508024
2248302,Coles Organic Grapes | 500g,$7.50,https://www.coles.com.au/product/coles-organic-grapes-500g-2248302
4982857,Coles Organic Lebanese Cucumbers Prepacked | 500g,$8.90,https://www.coles.com.au/product/coles-organic-lebanese-cucumbers-prepacked-500g-4982857
9174565,Coles Bananas Red Tipped | approx 180g,$0.99,https://www.coles.com.au/product/coles-bananas-red-tipped-approx.-180g-each-9174565
3917055,Coles Black Sesame Crackers | approx 100g,$2.50,https://www.coles.com.au/product/coles-black-sesame-crackers-approx.-100g-3917055
3019898,Coles Chocolate Almonds | approx 100g,$3.00,https://www.coles.com.au/product/coles-chocolate-almonds-approx.-100g-3019898
3593430,Coles Herb Thai Basil Punnet | 15g,$3.00,https://www.coles.com.au/product/coles-herb-thai-basil-punnet-15g-3593430
3123186,Coles Herb Lemon Thyme Punnet | 10g,$3.20,https://www.coles.com.au/product/coles-herb-lemon-thyme-punnet-10g-3123186
4575810,Coles Herbs Watercress Sleeved | 1 each,$3.20,https://www.coles.com.au/product/coles-herbs-watercress-sleeved-1-each-4575810
4970268,Coles Gourmandine Potatoes | 1.5kg,$7.00,https://www.coles.com.au/product/coles-gourmandine-potatoes-1.5kg-4970268
4982948,Coles Organic Cauliflower | 1 each,$8.50,https://www.coles.com.au/product/coles-organic-cauliflower-1-each-4982948
8411075,Coles Cranberry Trio | approx 100g,$2.80,https://www.coles.com.au/product/coles-cranberry-trio-approx.-100g-8411075
3019912,Coles Chocolate Coconut Rough | approx 100g,$3.00,https://www.coles.com.au/product/coles-chocolate-coconut-rough-approx.-100g-3019912
3215138,Coles Herb Punnets Sage | 10g,$3.20,https://www.coles.com.au/product/coles-herb-punnets-sage-10g-3215138
5546679,Aussie Sprouts Pea Shoots | 100g,$3.50,https://www.coles.com.au/product/aussie-sprouts-pea-shoots-100g-5546679
3023206,Gourmet Garden Ginger Cold Blended Paste | 80g,$4.00,https://www.coles.com.au/product/gourmet-garden-ginger-cold-blended-paste-80g-3023206
8382910,Coles Potted Mixed Herbs | 1 each,$4.00,https://www.coles.com.au/product/coles-potted-mixed-herbs-1-each-8382910
7744447,Perfection Air Fryer Veg Broccolini Thai Chilli Lime | 265g,$5.00,https://www.coles.com.au/product/perfection-air-fryer-veg-broccolini-thai-chilli-lime-265g-7744447
1058491,Coles Organic Green Kale | 1 each,$5.50,https://www.coles.com.au/product/coles-organic-green-kale-1-each-1058491
6509485,Coles Organic Trimmed Celery | 1 each,$5.90,https://www.coles.com.au/product/coles-organic-trimmed-celery-1-each-6509485
4982960,Coles Organic Ginger | 150g,$6.50,https://www.coles.com.au/product/coles-organic-ginger-150g-4982960
5429358,Coles Exotic Oyster Mushrooms | 150g,$8.00,https://www.coles.com.au/product/coles-exotic-oyster-mushrooms-150g-5429358
6577770,Coles Snake Beans Bunch | 1 each,$8.00,https://www.coles.com.au/product/coles-snake-beans-bunch-1-each-6577770
4764299,Coles Organic Mini Melon | approx 1.8kg,$8.10,https://www.coles.com.au/product/coles-organic-mini-melon-approx.-1.8kg-each-4764299
7233448,Coles Organic Cabbage Whole | 1 each,$8.50,https://www.coles.com.au/product/coles-organic-cabbage-whole-1-each-7233448
5563689,Coles Thai Curry Rice Crackers | approx 100g,$2.50,https://www.coles.com.au/product/coles-thai-curry-rice-crackers-approx.-100g-5563689
3324803,Coles Coconut Chunks | approx 100g,$2.00,https://www.coles.com.au/product/coles-coconut-chunks-approx.-100g-3324803
3770219,Coles Sherbert Fizzies | approx 100g,$2.50,https://www.coles.com.au/product/coles-sherbert-fizzies-approx.-100g-3770219
2834735,Coles Pottle Natural Almonds | approx 100g,$2.60,https://www.coles.com.au/product/coles-pottle-natural-almonds-approx.-100g-2834735
9918356,Coles Superboost | approx 100g,$2.80,https://www.coles.com.au/product/coles-superboost-approx.-100g-9918356
3812330,Coles Pottle Honey Coated Macadamias | approx 100g,$5.70,https://www.coles.com.au/product/coles-pottle-honey-coated-macadamias-approx.-100g-3812330
4995826,Coles Organic Juicing Carrots | 2kg,$6.80,https://www.coles.com.au/product/coles-organic-juicing-carrots-2kg-4995826
6648211,Coles Caramelised Peanu ... approx 100g,$3.50,https://www.coles.com.au/product/coles-caramelised-peanut-butter-almonds-approx.-100g-6648211
3769821,Coles Sugared Giant Strawberries | approx 100g,$2.50,https://www.coles.com.au/product/coles-sugared-giant-strawberries-approx.-100g-3769821
3023272,Gourmet Garden Lemongrass Cold Blended Paste | 80g,$4.00,https://www.coles.com.au/product/gourmet-garden-lemongrass-cold-blended-paste-80g-3023272
6140385,Coles Kitchen Veggie Mash | 320g,$4.75,https://www.coles.com.au/product/coles-kitchen-veggie-mash-320g-6140385
3626915,Gourmet Garden Ginger Cold Blended Paste | 115g,$5.00,https://www.coles.com.au/product/gourmet-garden-ginger-cold-blended-paste-115g-3626915
3812374,Coles Pottle Natural Macadamias | approx 100g,$5.70,https://www.coles.com.au/product/coles-pottle-natural-macadamias-approx.-100g-3812374
408372,Coles Rhubarb Bunch | 1 each,$6.20,https://www.coles.com.au/product/coles-rhubarb-bunch-1-each-408372
9918174,Coles Vitality | approx 100g,$2.80,https://www.coles.com.au/product/coles-vitality-approx.-100g-9918174
2621789,Coles Blackcurrant And Chia Bites | approx 100g,$3.00,https://www.coles.com.au/product/coles-blackcurrant-and-chia-bites-approx.-100g-2621789
9880810,Coles Antioxidant Blend | approx 100g,$3.00,https://www.coles.com.au/product/coles-antioxidant-blend-approx.-100g-9880810
5747863,Coles Herb Punnets Lemongrass | 30g,$3.20,https://www.coles.com.au/product/coles-herb-punnets-lemongrass-30g-5747863
9573356,Coles Organic Stir Fry | 300g,$5.50,https://www.coles.com.au/product/coles-organic-stir-fry-300g-9573356
5045470,Coles Organic Sweet Potatoes Prepacked | 500g,$6.90,https://www.coles.com.au/product/coles-organic-sweet-potatoes-prepacked-500g-5045470
6630216,Coles Asian Long Melon | approx 1kg,$9.90,https://www.coles.com.au/product/coles-asian-long-melon-approx.-1kg-each-6630216
2834779,Coles Superboost Pottle | approx 100g,$2.80,https://www.coles.com.au/product/coles-superboost-pottle-approx.-100g-2834779
5485326,Coles Kitchen Coleslaw Snack Pot | 110g,$3.00,https://www.coles.com.au/product/coles-kitchen-coleslaw-snack-pot-110g-5485326
1116703,Coles Herb Punnets Lime Leaves | 10g,$3.20,https://www.coles.com.au/product/coles-herb-punnets-lime-leaves-10g-1116703
3324789,Coles Coconut & Maple Flavoured Almo ... approx 100g,$3.50,https://www.coles.com.au/product/coles-coconut-and-maple-flavoured-almonds-approx.-100g-3324789
1501453,Coles Jalapeno Chilli | 80g,$3.80,https://www.coles.com.au/product/coles-jalapeno-chilli-80g-1501453
2999258,Gourmet Garden Lightly Dried Coriander | 8g,$4.00,https://www.coles.com.au/product/gourmet-garden-lightly-dried-coriander-8g-2999258
3021889,Gourmet Garden Basil Cold Blended Paste | 80g,$4.00,https://www.coles.com.au/product/gourmet-garden-basil-cold-blended-paste-80g-3021889
3091556,Coles Organic Continental Parsley | 1 each,$4.50,https://www.coles.com.au/product/coles-organic-continental-parsley-1-each-3091556
6391046,Coles Organic Washed Potatoes | 1kg,$4.50,https://www.coles.com.au/product/coles-organic-washed-potatoes-1kg-6391046
5519392,Salad Fresh Sundried Tomato Fetta Salad | 210g,$5.50,https://www.coles.com.au/product/salad-fresh-sundried-tomato-fetta-salad-210g-5519392
1252053,Coles Piel De Sapo Melon Medium | 1 each,$6.90,https://www.coles.com.au/product/coles-piel-de-sapo-melon-medium-1-each-1252053
5024866,Coles Organic Brushed Potatoes Prepacked | 2kg,$9.90,https://www.coles.com.au/product/coles-organic-brushed-potatoes-prepacked-2kg-5024866
1335241,Coles Poblano Green Chillies loose | approx 50g,$1.50,https://www.coles.com.au/product/coles-poblano-green-chillies-loose-approx.-50g-each-1335241
8411235,Coles Lunchbox Fruits | approx 100g,$2.20,https://www.coles.com.au/product/coles-lunchbox-fruits-approx.-100g-8411235
8417355,Coles Cranberry Sprinkle | approx 100g,$2.20,https://www.coles.com.au/product/coles-cranberry-sprinkle-approx.-100g-8417355
2848387,Coles Chai Chocolate Almonds | approx 100g,$3.00,https://www.coles.com.au/product/coles-chai-chocolate-almonds-approx.-100g-2848387
3324814,Coles Dried Tropical Fruit Mix | approx 100g,$3.00,https://www.coles.com.au/product/coles-dried-tropical-fruit-mix-approx.-100g-3324814
409557,Coles Coconut Whole | 1 each,$5.50,https://www.coles.com.au/product/coles-coconut-whole-1-each-409557
5071833,Coles Organic Red Onions | 1kg,$7.90,https://www.coles.com.au/product/coles-organic-red-onions-1kg-5071833
8411348,Coles Summer Delight | approx 100g,$2.20,https://www.coles.com.au/product/coles-summer-delight-approx.-100g-8411348
3770026,Coles Jersey Caramels Fudge | approx 100g,$2.50,https://www.coles.com.au/product/coles-jersey-caramels-fudge-approx.-100g-3770026
3770059,Coles Speckles | approx 100g,$2.50,https://www.coles.com.au/product/coles-speckles-approx.-100g-3770059
2848398,Coles Passionfruit & Chia Seed Bites | approx 100g,$3.00,https://www.coles.com.au/product/coles-passionfruit-and-chia-seed-bites-approx.-100g-2848398
3019945,Coles Dark Chocolate Ginger | approx 100g,$3.00,https://www.coles.com.au/product/coles-dark-chocolate-ginger-approx.-100g-3019945
3939058,Coles Carolina Reaper Chillies | 20g,$3.80,https://www.coles.com.au/product/coles-carolina-reaper-chillies-20g-3939058
8411869,Coles Natural Hazelnuts | approx 100g,$4.00,https://www.coles.com.au/product/coles-natural-hazelnuts-approx.-100g-8411869
3014293,Coles Organic Coleslaw | 200g,$4.50,https://www.coles.com.au/product/coles-organic-coleslaw-200g-3014293
3014475,Coles Organic Chopped Kale | 140g,$5.50,https://www.coles.com.au/product/coles-organic-chopped-kale-140g-3014475
5056953,Coles Organic Garlic | 150g,$10.50,https://www.coles.com.au/product/coles-organic-garlic-150g-5056953
8412566,Coles Dried Figs | approx 100g,$2.00,https://www.coles.com.au/product/coles-dried-figs-approx.-100g-8412566
3020026,Coles Yoghurt Cranberry | approx 100g,$2.50,https://www.coles.com.au/product/coles-yoghurt-cranberry-approx.-100g-3020026
3574356,Coles Microwave Chestnuts | 200g,$3.50,https://www.coles.com.au/product/coles-microwave-chestnuts-200g-3574356
2997999,Gourmet Garden Lightly Dried Mixed Herbs Prepacked | 8g,$4.00,https://www.coles.com.au/product/gourmet-garden-lightly-dried-mixed-herbs-prepacked-8g-2997999
3305955,Coles Dark Chocolate Blueberries | approx 100g,$4.00,https://www.coles.com.au/product/coles-dark-chocolate-blueberries-approx.-100g-3305955
4491980,Organic Organic Snacking Carrots | 250g,$4.00,https://www.coles.com.au/product/organic-organic-snacking-carrots-250g-4491980
7487402,Birch & Waite Dressings Green Goddess | 250mL,$6.00,https://www.coles.com.au/product/birch-and-waite-dressings-green-goddess-250ml-7487402
6615358,Coles Cinnamon Apple Pie | approx 100g,$3.50,https://www.coles.com.au/product/coles-cinnamon-apple-pie-approx.-100g-6615358
8412136,Coles Supreme Roasted Unsalted Mixed ... approx 100g,$2.90,https://www.coles.com.au/product/coles-supreme-roasted-unsalted-mixed-nuts-approx.-100g-8412136
3324836,Coles Chocolate Turkish Delight | approx 100g,$3.00,https://www.coles.com.au/product/coles-chocolate-turkish-delight-approx.-100g-3324836
3593190,Coles Vietnamese Mint Punnet | 15g,$3.00,https://www.coles.com.au/product/coles-vietnamese-mint-punnet-15g-3593190
1277000,Coles Piel De Sapo Melons Half | 1 each,$3.50,https://www.coles.com.au/product/coles-piel-de-sapo-melons-half-1-each-1277000
3850577,Coles Mushroom Dry Shiitake | 20g,$3.50,https://www.coles.com.au/product/coles-mushroom-dry-shiitake-20g-3850577
3938452,Coles Habanero Chillies | 40g,$3.80,https://www.coles.com.au/product/coles-habanero-chillies-40g-3938452
8411315,Coles Natural Brazil Nuts | approx 100g,$5.50,https://www.coles.com.au/product/coles-natural-brazil-nuts-approx.-100g-8411315
6665731,Coles Street Style Bombay Mix | approx 100g,$3.00,https://www.coles.com.au/product/coles-street-style-bombay-mix-approx.-100g-6665731
9612210,Wicked Chocolate Dipping Sauce | 130g,$2.00,https://www.coles.com.au/product/wicked-chocolate-dipping-sauce-130g-9612210
7269060,Coles Lemon Meringue Rough | approx 100g,$2.80,https://www.coles.com.au/product/coles-lemon-meringue-rough-approx.-100g-7269060
8412250,Coles Supreme Roasted Salted Mixed Nuts | approx 100g,$2.90,https://www.coles.com.au/product/coles-supreme-roasted-salted-mixed-nuts-approx.-100g-8412250
3023625,Gourmet Garden Coriander Cold Blended Paste | 80g,$4.00,https://www.coles.com.au/product/gourmet-garden-coriander-cold-blended-paste-80g-3023625
8412464,Coles Natural Pecans | approx 100g,$4.50,https://www.coles.com.au/product/coles-natural-pecans-approx.-100g-8412464
1597850,Coles Dried Porcini Mushrooms | 20g,$5.00,https://www.coles.com.au/product/coles-dried-porcini-mushrooms-20g-1597850
3014453,Coles Organic Kale With Vegetables | 200g,$5.50,https://www.coles.com.au/product/coles-organic-kale-with-vegetables-200g-3014453
7482453,Birch & Waite Dressings Creamy Caesar | 250mL,$6.00,https://www.coles.com.au/product/birch-and-waite-dressings-creamy-caesar-250ml-7482453
7482963,Birch & Waite Dressings Greek Yogurt | 250mL,$6.00,https://www.coles.com.au/product/birch-and-waite-dressings-greek-yogurt-250ml-7482963
7483310,Birch & Waite Dressings Greek Lemon | 250mL,$6.00,https://www.coles.com.au/product/birch-and-waite-dressings-greek-lemon-250ml-7483310
7487526,Birch & Waite Dressings Honey & Mustard | 250mL,$6.00,https://www.coles.com.au/product/birch-and-waite-dressings-honey-and-mustard-250ml-7487526
6332535,Coles Entertainer Mix | approx 100g,$2.00,https://www.coles.com.au/product/coles-entertainer-mix-approx.-100g-6332535
6646588,Coles Peanut Butter & Jelly Mix | approx 100g,$3.00,https://www.coles.com.au/product/coles-peanut-butter-and-jelly-mix-approx.-100g-6646588
1958018,Coles Cashew & Soy Crisps Mix | approx 100g,$2.50,https://www.coles.com.au/product/coles-cashew-and-soy-crisps-mix-approx.-100g-1958018
4201820,Coles Superfood Mix | approx 100g,$3.70,https://www.coles.com.au/product/coles-superfood-mix-approx.-100g-4201820
2999316,Gourmet Garden Lightly Dried Chives | 4g,$4.00,https://www.coles.com.au/product/gourmet-garden-lightly-dried-chives-4g-2999316
7497790,Birch & Waite Signature Whole Egg Mayo ... 250mL,$6.50,https://www.coles.com.au/product/birch-and-waite-signature-whole-egg-mayonnaise-250ml-7497790
4975782,Coles Organic Beetroot | 500g,$6.80,https://www.coles.com.au/product/coles-organic-beetroot-500g-4975782
3324858,Coles Dark Choc Apricot Nougat | approx 100g,$2.80,https://www.coles.com.au/product/coles-dark-choc-apricot-nougat-approx.-100g-3324858
7268920,Coles Strawberry Rough | approx 100g,$2.80,https://www.coles.com.au/product/coles-strawberry-rough-approx.-100g-7268920
2999214,Gourmet Garden Lightly Dried Chilli | 10g,$4.00,https://www.coles.com.au/product/gourmet-garden-lightly-dried-chilli-10g-2999214
3023308,Gourmet Garden Mild Chilli Stir In Paste | 80g,$4.00,https://www.coles.com.au/product/gourmet-garden-mild-chilli-stir-in-paste-80g-3023308
4894352,Coles Fresh Celeriac Bunch | 1 bunch,$5.00,https://www.coles.com.au/product/coles-fresh-celeriac-bunch-1-bunch-4894352
5476697,Coles Kitchen Classic Slaw Salad Family Kit | 300g,$5.00,https://www.coles.com.au/product/coles-kitchen-classic-slaw-salad-family-kit-300g-5476697
7233856,Coles Organic Iceberg Lettuce | 1 each,$5.00,https://www.coles.com.au/product/coles-organic-iceberg-lettuce-1-each-7233856
6623301,Coles Salted Bean & Chickpea Mix | approx 100g,$2.20,https://www.coles.com.au/product/coles-salted-bean-and-chickpea-mix-approx.-100g-6623301
6332488,Coles Brownie Protein Bites | approx 100g,$5.00,https://www.coles.com.au/product/coles-brownie-protein-bites-approx.-100g-6332488
3215218,Coles Herb Tarragon Punnet | 10g,$3.20,https://www.coles.com.au/product/coles-herb-tarragon-punnet-10g-3215218
3324712,Coles Salted Caramel Trio | approx 100g,$3.50,https://www.coles.com.au/product/coles-salted-caramel-trio-approx.-100g-3324712
3011557,Gourmet Garden Lightly Dried Herb Oregano | 5g,$4.00,https://www.coles.com.au/product/gourmet-garden-lightly-dried-herb-oregano-5g-3011557
6979911,Gourmet Garden Thai Seasoning Cold Blended Paste | 80g,$4.00,https://www.coles.com.au/product/gourmet-garden-thai-seasoning-cold-blended-paste-80g-6979911
1598310,Coles Mushrooms Dried Mixed Forest | 20g,$5.00,https://www.coles.com.au/product/coles-mushrooms-dried-mixed-forest-20g-1598310
4350944,Coles Organic Silverbeet | 1 each,$6.00,https://www.coles.com.au/product/coles-organic-silverbeet-1-each-4350944
3519744,Coles Organic Oyster Mushrooms | 100g,$6.90,https://www.coles.com.au/product/coles-organic-oyster-mushrooms-100g-3519744
7268760,Coles Chocolate Coconut Ice | approx 100g,$2.80,https://www.coles.com.au/product/coles-chocolate-coconut-ice-approx.-100g-7268760
6614719,Coles Aloe & Mandarin | approx 100g,$2.90,https://www.coles.com.au/product/coles-aloe-and-mandarin-approx.-100g-6614719
3023705,Gourmet Garden Italian Herbs Cold Blended Paste | 80g,$4.00,https://www.coles.com.au/product/gourmet-garden-italian-herbs-cold-blended-paste-80g-3023705
3538590,Gourmet Garden Lightly Dried Mint | 5g,$4.00,https://www.coles.com.au/product/gourmet-garden-lightly-dried-mint-5g-3538590
7497869,Birch & Waite Aioli | 250mL,$6.50,https://www.coles.com.au/product/birch-and-waite-aioli-250ml-7497869
6623345,Coles Spicy Chickpea Mix | approx 100g,$3.00,https://www.coles.com.au/product/coles-spicy-chickpea-mix-approx.-100g-6623345
6332455,Coles Peanut Butter Protein Bites | approx 100g,$5.00,https://www.coles.com.au/product/coles-peanut-butter-protein-bites-approx.-100g-6332455
5564273,Coles Protein Mix | approx 100g,$3.00,https://www.coles.com.au/product/coles-protein-mix-approx.-100g-5564273
7545994,Wicked White Chocolate Dipping Sauce | 130g,$2.00,https://www.coles.com.au/product/wicked-white-chocolate-dipping-sauce-130g-7545994
8165740,Wicked Caramel Dipping Sauce | 130g,$2.00,https://www.coles.com.au/product/wicked-caramel-dipping-sauce-130g-8165740
3574538,Coles Pottle Chocolate Almonds | approx 100g,$3.00,https://www.coles.com.au/product/coles-pottle-chocolate-almonds-approx.-100g-3574538
7483456,Birch & Waite Dressings Lime Chipotle | 250mL,$6.00,https://www.coles.com.au/product/birch-and-waite-dressings-lime-chipotle-250ml-7483456
7669104,Nutri V Broccoli Powder | 70g,$8.90,https://www.coles.com.au/product/nutri-v-broccoli-powder-70g-7669104
7669192,Nutri V Pumpkin Powder | 70g,$8.90,https://www.coles.com.au/product/nutri-v-pumpkin-powder-70g-7669192
7669272,Nutri V Mixed Veg Powder | 70g,$8.90,https://www.coles.com.au/product/nutri-v-mixed-veg-powder-70g-7669272
7703450,Coles Pottle Natural Brazil Nuts | approx 100g,$3.80,https://www.coles.com.au/product/coles-pottle-natural-brazil-nuts-approx.-100g-7703450
8412238,Coles Roasted Salted Mixed Nuts | approx 100g,$2.80,https://www.coles.com.au/product/coles-roasted-salted-mixed-nuts-approx.-100g-8412238
3956862,Coles Fruit Nut And Seed Toasted Muesli | approx 100g,$3.00,https://www.coles.com.au/product/coles-fruit-nut-and-seed-toasted-muesli-approx.-100g-3956862
3956895,Coles Maple Pecan Toasted Muesli | approx 100g,$3.00,https://www.coles.com.au/product/coles-maple-pecan-toasted-muesli-approx.-100g-3956895
3956964,Coles Vegan Fruity Almond Coconut Grano ... approx 100g,$3.50,https://www.coles.com.au/product/coles-vegan-fruity-almond-coconut-granola-approx.-100g-3956964
3957005,Coles Super Nutty Low Sugar Granola | approx 100g,$3.50,https://www.coles.com.au/product/coles-super-nutty-low-sugar-granola-approx.-100g-3957005
4201831,Coles High Fibre Blend | approx 100g,$3.70,https://www.coles.com.au/product/coles-high-fibre-blend-approx.-100g-4201831
3812294,Coles Pottle Milk Choco ... approx 100g,$5.70,https://www.coles.com.au/product/coles-pottle-milk-chocolate-macadamias-approx.-100g-3812294
3768647,Coles BBQ Kri Kri Peanut | approx 100g,$2.00,https://www.coles.com.au/product/coles-bbq-kri-kri-peanut-approx.-100g-3768647
3785410,Coles White Chocolate Candy Speck ... approx 100g,$2.50,https://www.coles.com.au/product/coles-white-chocolate-candy-speckle-ball-approx.-100g-3785410
4201773,Coles Almonds Slivered | approx 100g,$2.50,https://www.coles.com.au/product/coles-almonds-slivered-approx.-100g-4201773
1501250,Coles Bean Shoots Prepacked | 350g,$2.90,https://www.coles.com.au/product/coles-bean-shoots-prepacked-350g-1501250
3956975,Coles Hazelnut And Cranberry Coco Grano ... approx 100g,$3.50,https://www.coles.com.au/product/coles-hazelnut-and-cranberry-coco-granola-approx.-100g-3956975
8083511,Coles Baby Sugarloaf Cabbage | 1 each,$3.90,https://www.coles.com.au/product/coles-baby-sugarloaf-cabbage-1-each-8083511
2503035,Coles Mixed Nuts In Shell | 500g,$6.00,https://www.coles.com.au/product/coles-mixed-nuts-in-shell-500g-2503035
2504606,Coles Walnuts In Shell | 500g,$6.00,https://www.coles.com.au/product/coles-walnuts-in-shell-500g-2504606
3866941,Coles Cherries In Dark Chocolate | 200g,$6.00,https://www.coles.com.au/product/coles-cherries-in-dark-chocolate-200g-3866941
6368690,Market Lane Salt And Vinegar Chomp | 400g,$6.00,https://www.coles.com.au/product/market-lane-salt-and-vinegar-chomp-400g-6368690
7669079,Nutri V Cauliflower Powder | 70g,$8.90,https://www.coles.com.au/product/nutri-v-cauliflower-powder-70g-7669079
3856132,Coles Smokey BBQ Peanut & Cashews | 800g,$9.00,https://www.coles.com.au/product/coles-smokey-bbq-peanut-and-cashews-800g-3856132
6828803,Market Lane Natural Walnuts | 1kg,$13.00,https://www.coles.com.au/product/market-lane-natural-walnuts-1kg-6828803
5615716,Market Lane Topper Savoury | 810g,$15.00,https://www.coles.com.au/product/market-lane-topper-savoury-810g-5615716
6332477,Coles Salted Caramel Protein Bites | approx 100g,$5.00,https://www.coles.com.au/product/coles-salted-caramel-protein-bites-approx.-100g-6332477
9561980,Coles Banana Box 15kg | 1 each,$60.00,https://www.coles.com.au/product/coles-banana-box-15kg-1-each-9561980
