4174794,Coles Boneless Pork Leg Roast | approx 2.1kg,$14.70,https://www.coles.com.au/product/coles-boneless-pork-leg-roast-approx.-2.1kg-4174794
9224255,Cleaver's Organic Grass-Fed Premium Beef Mince | 500g,$14.00,https://www.coles.com.au/product/cleaver's-organic-grass-fed-premium-beef-mince-500g-9224255
9223332,Cleaver's Organic Grass-Fed Extra Lean Beef Mi ... 500g,$13.00,https://www.coles.com.au/product/cleaver's-organic-grass-fed-extra-lean-beef-mince-500g-9223332
7382539,The Bare Bird Chicken Thigh Fillets | 480g,$13.00,https://www.coles.com.au/product/the-bare-bird-chicken-thigh-fillets-480g-7382539
3091126,The Bare Bird Whole Chicken | approx 1.6kg,$13.60,https://www.coles.com.au/product/the-bare-bird-whole-chicken-approx.-1.6kg-each-3091126
7362270,The Bare Bird Chicken Breast Fillet | 600g,$13.00,https://www.coles.com.au/product/the-bare-bird-chicken-breast-fillet-600g-7362270
7382492,The Bare Bird Chicken Drumsticks | 460g,$5.00,https://www.coles.com.au/product/the-bare-bird-chicken-drumsticks-460g-7382492
7382528,The Bare Bird Chicken Tenderloins | 480g,$13.00,https://www.coles.com.au/product/the-bare-bird-chicken-tenderloins-480g-7382528
8836813,Coles Deli Thawed Australian MSC Raw Bana ... approx 250g,$3.75,https://www.coles.com.au/product/coles-deli-thawed-australian-msc-raw-banana-prawns-approx.-250g-8836813
2686693,Coles Deli Thawed Australian Cooked Black ... approx 250g,$9.00,https://www.coles.com.au/product/coles-deli-thawed-australian-cooked-black-tiger-prawns-extra-large-approx.-250g-2686693
9672959,Coles Deli Thawed Australian Cooked Black ... approx 250g,$8.00,https://www.coles.com.au/product/coles-deli-thawed-australian-cooked-black-tiger-prawns-large-approx.-250g-9672959
3954674,Coles Deli Thawed Raw Black Tiger Praw ... approx 250g,$7.25,https://www.coles.com.au/product/coles-deli-thawed-raw-black-tiger-prawns-approx.-250g-3954674
9413881,Coles Boneless Pork Shoulder Roast | approx 2.6kg,$20.80,https://www.coles.com.au/product/coles-boneless-pork-shoulder-roast-approx.-2.6kg-9413881
7302777,Green's Gravy Granules for Roast Meat | 120g,$3.80,https://www.coles.com.au/product/green's-gravy-granules-for-roast-meat-120g-7302777
6409072,Coles Finest Carbon Neutral Pork Leg Roast | approx 1kg,$13.00,https://www.coles.com.au/product/coles-finest-carbon-neutral-pork-leg-roast-approx.-1kg-6409072
9246065,Coles Lamb Leg Roast Half | approx 1.74kg,$17.40,https://www.coles.com.au/product/coles-lamb-leg-roast-half-approx.-1.74kg-9246065
2839579,Coles Pork Belly Roast Boneless | approx 1.3kg,$24.70,https://www.coles.com.au/product/coles-pork-belly-roast-boneless-approx.-1.3kg-2839579
2741871,Coles Free Range Pork ... approx 1.8kg,$23.40,https://www.coles.com.au/product/coles-free-range-pork-leg-roast-boneless-approx.-1.8kg-2741871
5928529,Coles Finest Mixed Selection Sausage Pack | 500g,$9.00,https://www.coles.com.au/product/coles-finest-mixed-selection-sausage-pack-500g-5928529
5969865,Coles RSPCA Approved Chicken Breast Schni ... 600g,$10.50,https://www.coles.com.au/product/coles-rspca-approved-chicken-breast-schnitzel-plain-crumb-600g-5969865
2263179,Coles RSPCA Approved Chicken Brea ... approx 1.4kg,$15.40,https://www.coles.com.au/product/coles-rspca-approved-chicken-breast-fillets-large-pack-approx.-1.4kg-2263179
2263168,Coles RSPCA Approved Chicken Breas ... approx 600g,$8.40,https://www.coles.com.au/product/coles-rspca-approved-chicken-breast-fillets-small-pack-approx.-600g-2263168
4725763,Continental Chicken Curry Pasta & Sauce Serves 3 | 90g,$1.50,https://www.coles.com.au/product/continental-chicken-curry-pasta-and-sauce-serves-3-90g-4725763
2263328,Coles RSPCA Approved Chicken Thig ... approx 1.2kg,$16.20,https://www.coles.com.au/product/coles-rspca-approved-chicken-thigh-fillets-large-pack-approx.-1.2kg-2263328
8112799,Coles No Added Hormone Beef 5 Star Extra Trim Mi ... 500g,$10.00,https://www.coles.com.au/product/coles-no-added-hormone-beef-5-star-extra-trim-mince-500g-8112799
9012814,Coles No Added Hormone Beef 3 Star Regular Mince | 500g,$6.50,https://www.coles.com.au/product/coles-no-added-hormone-beef-3-star-regular-mince-500g-9012814
2923835,Coles RSPCA Approved Chicken Drum ... approx 1.6kg,$7.20,https://www.coles.com.au/product/coles-rspca-approved-chicken-drumsticks-large-pack-approx.-1.6kg-2923835
9012825,Coles No Added Hormone Beef 3 Star Regular Mince | 1kg,$11.00,https://www.coles.com.au/product/coles-no-added-hormone-beef-3-star-regular-mince-1kg-9012825
9474999,Continental Chow Mein Mince Recipe Base Serves 4 | 30g,$1.80,https://www.coles.com.au/product/continental-chow-mein-mince-recipe-base-serves-4-30g-9474999
8112449,Coles No Added Hormone Beef 4 Star Lean Mince | 500g,$9.00,https://www.coles.com.au/product/coles-no-added-hormone-beef-4-star-lean-mince-500g-8112449
8781518,Coles Regular Pork Mince | 500g,$5.50,https://www.coles.com.au/product/coles-regular-pork-mince-500g-8781518
8106800,Coles Deli Fresh Tasmanian Salmon Porti ... approx 200g,$8.40,https://www.coles.com.au/product/coles-deli-fresh-tasmanian-salmon-portions-skin-on-approx.-200g-8106800
2271199,Coles Deli RSPCA Approved Chicken Breast ... approx 300g,$3.30,https://www.coles.com.au/product/coles-deli-rspca-approved-chicken-breast-fillets-skin-off-approx.-300g-2271199
2263317,Coles RSPCA Approved Chicken Thigh ... approx 700g,$11.55,https://www.coles.com.au/product/coles-rspca-approved-chicken-thigh-fillets-small-pack-approx.-700g-2263317
2782438,Coles RSPCA Approved Medium Wh ... approx 1.65kg,$6.60,https://www.coles.com.au/product/coles-rspca-approved-medium-whole-chicken-approx.-1.65kg-2782438
3293594,Coles No Added Hormone Beef Quick Cook Scotch ... 170g,$8.00,https://www.coles.com.au/product/coles-no-added-hormone-beef-quick-cook-scotch-fillet-steak-170g-3293594
4352145,Coles RSPCA Approved Chicken Mince | 500g,$6.50,https://www.coles.com.au/product/coles-rspca-approved-chicken-mince-500g-4352145
3449795,Coles No Added Hormone Beef 4 Star Lean Mince | 800g,$12.50,https://www.coles.com.au/product/coles-no-added-hormone-beef-4-star-lean-mince-800g-3449795
8782237,Coles Pork & Beef 3 Star Mince Bolognese | 500g,$6.50,https://www.coles.com.au/product/coles-pork-and-beef-3-star-mince-bolognese-500g-8782237
3944524,Coles Deli Thawed Raw Peeled Prawn Meat | approx 250g,$7.50,https://www.coles.com.au/product/coles-deli-thawed-raw-peeled-prawn-meat-approx.-250g-3944524
9990965,Coles Beef Stir Fry Strips | 500g,$10.00,https://www.coles.com.au/product/coles-beef-stir-fry-strips-500g-9990965
1546564,Coles Tasmanian Salmon Portions Skin On | 460g,$19.50,https://www.coles.com.au/product/coles-tasmanian-salmon-portions-skin-on-460g-1546564
3293583,Coles No Added Hormone Beef Quick Cook Porterh ... 180g,$8.00,https://www.coles.com.au/product/coles-no-added-hormone-beef-quick-cook-porterhouse-steak-180g-3293583
8781132,Coles 5 Star Extra Lean Pork Mince | 500g,$7.00,https://www.coles.com.au/product/coles-5-star-extra-lean-pork-mince-500g-8781132
3035293,Coles Pork Spare Ribs | approx 950g,$15.20,https://www.coles.com.au/product/coles-pork-spare-ribs-approx.-950g-3035293
7580190,Coles Simply Thin BBQ Sausages | 560g,$6.00,https://www.coles.com.au/product/coles-simply-thin-bbq-sausages-560g-7580190
3228774,Coles Free Range RSPCA Approved Chic ... approx 1.4kg,$9.10,https://www.coles.com.au/product/coles-free-range-rspca-approved-chicken-drumsticks-approx.-1.4kg-3228774
2263260,Coles RSPCA Approved Chicken Drumsticks | 2kg,$7.50,https://www.coles.com.au/product/coles-rspca-approved-chicken-drumsticks-2kg-2263260
9264533,Coles Lamb Shanks 2 Pack | approx 775g,$6.59,https://www.coles.com.au/product/coles-lamb-shanks-2-pack-approx.-775g-9264533
4997140,Coles No Added Hormone Beef Porterhouse ... 450g,$18.00,https://www.coles.com.au/product/coles-no-added-hormone-beef-porterhouse-steak-2-pack-450g-4997140
7755159,Coles Traditional Gravy Mix | 120g,$2.10,https://www.coles.com.au/product/coles-traditional-gravy-mix-120g-7755159
8104860,Coles Deli Fresh Tasmanian Salmon Porti ... approx 250g,$10.50,https://www.coles.com.au/product/coles-deli-fresh-tasmanian-salmon-portions-skin-off-approx.-250g-8104860
9196739,Coles RSPCA Approved Extra Large Whol ... approx 2.4kg,$9.60,https://www.coles.com.au/product/coles-rspca-approved-extra-large-whole-chicken-approx.-2.4kg-each-9196739
4997220,Coles Beef Scotch Steak Fillet 2 Pack | 480g,$20.00,https://www.coles.com.au/product/coles-beef-scotch-steak-fillet-2-pack-480g-4997220
6332331,Coles Beef Chuck Casserole Steak | 850g,$15.00,https://www.coles.com.au/product/coles-beef-chuck-casserole-steak-850g-6332331
3923626,Coles The Original Beef Sausages | 550g,$6.60,https://www.coles.com.au/product/coles-the-original-beef-sausages-550g-3923626
2271643,Coles Deli RSPCA Approved Chicken Drum ... approx 160g,$0.72,https://www.coles.com.au/product/coles-deli-rspca-approved-chicken-drumsticks-approx.-160g-2271643
3228832,Coles ... approx 600g,$6.00,https://www.coles.com.au/product/coles-rspca-approved-free-range-chicken-wing-nibbles-approx.-600g-3228832
7677408,Drovers Big Pack Value Beef Mince | 2kg,$21.00,https://www.coles.com.au/product/drovers-big-pack-value-beef-mince-2kg-7677408
1757810,Coles Lamb Cutlets | approx 775g,$27.12,https://www.coles.com.au/product/coles-lamb-cutlets-approx.-775g-1757810
3923648,Coles Chicken Sage And Thyme Sausages | 550g,$6.60,https://www.coles.com.au/product/coles-chicken-sage-and-thyme-sausages-550g-3923648
2303750,Lilydale Free Range Chicken Breast Fillets ... approx 1kg,$17.50,https://www.coles.com.au/product/lilydale-free-range-chicken-breast-fillets-bulk-pack-approx.-1kg-each-2303750
9398755,Coles Deli Thawed Basa Fillets | approx 200g,$1.80,https://www.coles.com.au/product/coles-deli-thawed-basa-fillets-approx.-200g-each-9398755
3377184,Coles Lamb Cutlets | approx 375g,$13.12,https://www.coles.com.au/product/coles-lamb-cutlets-approx.-375g-3377184
3613822,Coles Tasmanian Salmon Portions Skin Off 4 Pack | 460g,$21.50,https://www.coles.com.au/product/coles-tasmanian-salmon-portions-skin-off-4-pack-460g-3613822
3853699,Coles No Added Hormone Beef Porterhouse ... 500g,$19.00,https://www.coles.com.au/product/coles-no-added-hormone-beef-porterhouse-steak-with-thyme-and-pepper-butter-500g-3853699
6135432,Coles Pork Loin Steaks Thin Cut | 500g,$8.50,https://www.coles.com.au/product/coles-pork-loin-steaks-thin-cut-500g-6135432
3227410,Coles RSPCA Approved Free Range Chic ... approx 1.25kg,$17.50,https://www.coles.com.au/product/coles-rspca-approved-free-range-chicken-breast-large-pack-approx.-1.25kg-3227410
8850461,Coles 3 Star Lamb Mince | 500g,$7.00,https://www.coles.com.au/product/coles-3-star-lamb-mince-500g-8850461
2021544,Coles RSPCA Approved Chicken Wing ... approx 1.1kg,$9.90,https://www.coles.com.au/product/coles-rspca-approved-chicken-wing-nibbles-approx.-1.1kg-2021544
3569447,Coles Beef & Pork Meatballs | 560g,$8.00,https://www.coles.com.au/product/coles-beef-and-pork-meatballs-560g-3569447
3228800,Coles RSPCA Approved Free Range Chic ... approx 1.25kg,$18.75,https://www.coles.com.au/product/coles-rspca-approved-free-range-chicken-thigh-large-pack-approx.-1.25kg-3228800
9918196,Coles Lamb Forequarter Chops | approx 1.3kg,$20.80,https://www.coles.com.au/product/coles-lamb-forequarter-chops-approx.-1.3kg-9918196
9206800,Coles Lamb Boneless Shoulder Roast | approx 1.3kg,$19.50,https://www.coles.com.au/product/coles-lamb-boneless-shoulder-roast-approx.-1.3kg-9206800
3228730,Coles ... approx 600g,$10.20,https://www.coles.com.au/product/coles-rspca-approved-free-range-chicken-breast-fillet-small-pack-approx.-600g-3228730
4455465,Massel Gourmet Liquid Chicken Stock | 1L,$2.10,https://www.coles.com.au/product/massel-gourmet-liquid-chicken-stock-1l-4455465
2820606,Coles Graze Grass Fed No Added Hormone Be ... 500g,$10.00,https://www.coles.com.au/product/coles-graze-grass-fed-no-added-hormone-beef-mince-500g-2820606
1976461,Coles Deli RSPCA Approved Chicken Breas ... approx 250g,$2.88,https://www.coles.com.au/product/coles-deli-rspca-approved-chicken-breast-chunks-approx.-250g-1976461
3024242,Ocean Blue Sliced Smoked Salmon | 100g,$8.00,https://www.coles.com.au/product/ocean-blue-sliced-smoked-salmon-100g-3024242
1833384,Lilydale Free Range Chicken Tenderloins | 500g,$13.00,https://www.coles.com.au/product/lilydale-free-range-chicken-tenderloins-500g-1833384
6068856,Coles No Added Hormone Beef Oyster Blade ... 500g,$11.00,https://www.coles.com.au/product/coles-no-added-hormone-beef-oyster-blade-steak-500g-6068856
8227768,Lilydale Free Range Chick ... approx 600g,$12.00,https://www.coles.com.au/product/lilydale-free-range-chicken-breast-fillets-small-pack-approx.-600g-each-8227768
3577650,Coles Simply Thin BBQ Sausages 24 pack | 1.8kg,$12.00,https://www.coles.com.au/product/coles-simply-thin-bbq-sausages-24-pack-1.8kg-3577650
3923681,Coles Beef Garlic & Herb Sausages | 550g,$6.60,https://www.coles.com.au/product/coles-beef-garlic-and-herb-sausages-550g-3923681
6358608,Coles Beef Eye Fillet Steak | 450g,$20.00,https://www.coles.com.au/product/coles-beef-eye-fillet-steak-450g-6358608
9917830,Coles Lamb Forequarter Chops | approx 433g,$6.93,https://www.coles.com.au/product/coles-lamb-forequarter-chops-approx.-433g-9917830
9246021,Coles Lamb Whole Lamb Leg Roast | approx 2.8kg,$28.00,https://www.coles.com.au/product/coles-lamb-whole-lamb-leg-roast-approx.-2.8kg-9246021
9277808,Steggles Turkey Mince | 500g,$6.50,https://www.coles.com.au/product/steggles-turkey-mince-500g-9277808
3228810,Cole ... approx 1.6kg,$10.40,https://www.coles.com.au/product/coles-rspca-approved-free-range-chicken-whole-approx.-1.6kg-3228810
5970321,Coles RSPCA Approved Chicken Breast Kyiv G ... 700g,$9.50,https://www.coles.com.au/product/coles-rspca-approved-chicken-breast-kyiv-garlic-butter-700g-5970321
6358620,Coles Beef Eye Fillet Steak Small Pack | 300g,$16.00,https://www.coles.com.au/product/coles-beef-eye-fillet-steak-small-pack-300g-6358620
7363374,Coles RSPCA Approved Chicken Tenderloins | 600g,$11.00,https://www.coles.com.au/product/coles-rspca-approved-chicken-tenderloins-600g-7363374
9586449,Coles Deli Thawed Barramundi Fillets | approx 350g,$5.95,https://www.coles.com.au/product/coles-deli-thawed-barramundi-fillets-approx.-350g-9586449
5132370,Coles Beef Rump Steak | approx 832g,$23.30,https://www.coles.com.au/product/coles-beef-rump-steak-approx.-832g-5132370
6487531,Coles Deli Thawed Cooked Prawn Plate Small | 200g,$8.00,https://www.coles.com.au/product/coles-deli-thawed-cooked-prawn-plate-small-200g-6487531
4256651,Coles No Added Hormone Beef Shin Gravy ... approx 850g,$14.45,https://www.coles.com.au/product/coles-no-added-hormone-beef-shin-gravy-beef-whole-piece-approx.-850g-4256651
6331623,Coles Diced Casserole | 500g,$9.00,https://www.coles.com.au/product/coles-diced-casserole-500g-6331623
6139150,Coles Free Range Pork Belly Slices | 400g,$12.00,https://www.coles.com.au/product/coles-free-range-pork-belly-slices-400g-6139150
3091126,The Bare Bird Whole Chicken | approx 1.6kg,$13.60,https://www.coles.com.au/product/the-bare-bird-whole-chicken-approx.-1.6kg-each-3091126
4251534,Coles Corned Silverside | approx 1.4kg,$15.40,https://www.coles.com.au/product/coles-corned-silverside-approx.-1.4kg-4251534
9206887,Coles Butcher Lamb Leg Roast Boneless | approx 1.08kg,$16.20,https://www.coles.com.au/product/coles-butcher-lamb-leg-roast-boneless-approx.-1.08kg-9206887
3559454,Coles ... approx 800g,$8.00,https://www.coles.com.au/product/coles-rspca-approved-free-range-chicken-maryland-approx.-800g-3559454
6261233,Coles ... approx 500g,$9.25,https://www.coles.com.au/product/coles-rspca-approved-free-range-thigh-small-pack-approx.-500g-6261233
7390821,Coles RSPCA Approved Chicken Whole Bonele ... 1kg,$13.00,https://www.coles.com.au/product/coles-rspca-approved-chicken-whole-boneless-herb-and-garlic-1kg-7390821
7607184,Lilydale Free Range Whole Chicken | approx 1.27kg,$10.79,https://www.coles.com.au/product/lilydale-free-range-whole-chicken-approx.-1.27kg-each-7607184
3492660,Cole ... approx 1.4kg,$18.20,https://www.coles.com.au/product/coles-no-added-hormone-beef-brisket-slow-cook-approx.-1.4kg-3492660
2303852,Lilydale Free Range Chicken Drumsticks Bulk P ... approx 1kg,$8.00,https://www.coles.com.au/product/lilydale-free-range-chicken-drumsticks-bulk-pack-approx.-1kg-each-2303852
6067751,Coles Beef Sizzle Steak | 400g,$11.00,https://www.coles.com.au/product/coles-beef-sizzle-steak-400g-6067751
2829699,Lilydale Chicken Breast Schnitzels | 400g,$12.00,https://www.coles.com.au/product/lilydale-chicken-breast-schnitzels-400g-2829699
9989977,Coles Beef Diced                                                                                                                      | 500g,$11.00,https://www.coles.com.au/product/coles-beef-diced-500g-9989977
3958405,Coles Lamb Leg Steak | 270g,$8.00,https://www.coles.com.au/product/coles-lamb-leg-steak-270g-3958405
1558144,Coles Tasmanian Salmon Portions Skin Off | 280g,$16.00,https://www.coles.com.au/product/coles-tasmanian-salmon-portions-skin-off-280g-1558144
3898948,Coles Classic Beef Burgers | 500g,$8.50,https://www.coles.com.au/product/coles-classic-beef-burgers-500g-3898948
7346171,Coles Finest Sausages Beef Garlic Parsley | 500g,$9.00,https://www.coles.com.au/product/coles-finest-sausages-beef-garlic-parsley-500g-7346171
7361561,Coles Gravy Beef | 800g,$14.00,https://www.coles.com.au/product/coles-gravy-beef-800g-7361561
9917524,Coles Lamb Loin Chops | approx 500g,$14.00,https://www.coles.com.au/product/coles-lamb-loin-chops-approx.-500g-9917524
6869141,Coles Simply Sausage Mince | 500g,$5.50,https://www.coles.com.au/product/coles-simply-sausage-mince-500g-6869141
2741554,Coles Free Range Pork Mince Wa | 500g,$8.00,https://www.coles.com.au/product/coles-free-range-pork-mince-wa-500g-2741554
9224255,Cleaver's Organic Grass-Fed Premium Beef Mince | 500g,$14.00,https://www.coles.com.au/product/cleaver's-organic-grass-fed-premium-beef-mince-500g-9224255
3900020,Coles Lamb Kebabs | 450g,$8.50,https://www.coles.com.au/product/coles-lamb-kebabs-450g-3900020
6135691,Coles Pork Scotch Fillet Steak | 300g,$6.50,https://www.coles.com.au/product/coles-pork-scotch-fillet-steak-300g-6135691
6062510,Coles Pork Sizzle Steaks | 400g,$8.00,https://www.coles.com.au/product/coles-pork-sizzle-steaks-400g-6062510
2359370,Coles Pork Fillet | approx 400g,$8.40,https://www.coles.com.au/product/coles-pork-fillet-approx.-400g-2359370
6068539,Coles Beef Sandwich Steak | 400g,$12.00,https://www.coles.com.au/product/coles-beef-sandwich-steak-400g-6068539
2903940,Coles RSPCA Approved Chicken Burgers Plain ... 400g,$5.50,https://www.coles.com.au/product/coles-rspca-approved-chicken-burgers-plain-crumb-400g-2903940
6135658,Coles Quick Cook Pork Belly Slices | 350g,$9.50,https://www.coles.com.au/product/coles-quick-cook-pork-belly-slices-350g-6135658
6139116,Coles Pork Sirloin Steak | 500g,$11.50,https://www.coles.com.au/product/coles-pork-sirloin-steak-500g-6139116
3923660,Coles Pork Chipolatas | 550g,$6.60,https://www.coles.com.au/product/coles-pork-chipolatas-550g-3923660
7359741,Coles RSPCA Approved Chicken Giblets | 500g,$3.75,https://www.coles.com.au/product/coles-rspca-approved-chicken-giblets-500g-7359741
3745710,Coles RSPCA Approved Chicken Kebabs Hone ... 375g,$8.00,https://www.coles.com.au/product/coles-rspca-approved-chicken-kebabs-honey-and-soy-375g-3745710
3745878,Coles RSPCA Approved Chicken Kebabs Hone ... 750g,$11.50,https://www.coles.com.au/product/coles-rspca-approved-chicken-kebabs-honey-and-soy-750g-3745878
2904193,Coles RSPCA Chicken Schnitzel Plain Crumb | 1.2kg,$12.50,https://www.coles.com.au/product/coles-rspca-chicken-schnitzel-plain-crumb-1.2kg-2904193
2951568,Rocco's Smokey Bacon & Cheese Sausages | 450g,$8.00,https://www.coles.com.au/product/rocco's-smokey-bacon-and-cheese-sausages-450g-2951568
3923761,Coles Pork Sausage | 550g,$6.60,https://www.coles.com.au/product/coles-pork-sausage-550g-3923761
9681767,Coles Deli RSPCA Approved Chicken Crumbed S ... 1 each,$3.00,https://www.coles.com.au/product/coles-deli-rspca-approved-chicken-crumbed-schnitzel-1-each-9681767
4273050,Coles Deli Thawed Cooked Vannamei Praw ... approx 350g,$6.30,https://www.coles.com.au/product/coles-deli-thawed-cooked-vannamei-prawns-approx.-350g-4273050
3697710,Coles Graze Lamb Mince | 500g,$8.00,https://www.coles.com.au/product/coles-graze-lamb-mince-500g-3697710
3796664,Ocean Blue Smoked Salmon | 350g,$20.00,https://www.coles.com.au/product/ocean-blue-smoked-salmon-350g-3796664
3923739,Coles Beef Chipolatas | 550g,$6.60,https://www.coles.com.au/product/coles-beef-chipolatas-550g-3923739
1502219,Coles Finest Italian Style Pork Sausages | 500g,$9.00,https://www.coles.com.au/product/coles-finest-italian-style-pork-sausages-500g-1502219
2888519,Coles Beef Ribs | approx 800g,$12.00,https://www.coles.com.au/product/coles-beef-ribs-approx.-800g-each-2888519
5406818,Coles Simply Honey BBQ Sausage | 560g,$6.00,https://www.coles.com.au/product/coles-simply-honey-bbq-sausage-560g-5406818
2529470,Coles Gluten Free Beef Burgers Graze Grass Fed Or ... 500g,$8.00,https://www.coles.com.au/product/coles-gluten-free-beef-burgers-graze-grass-fed-oregano-and-fresh-parsley-500g-2529470
6409174,Coles Pork Forequarter Cutlets | 800g,$10.50,https://www.coles.com.au/product/coles-pork-forequarter-cutlets-800g-6409174
3492637,Coles No Added Hormone Beef Roast Topsi ... approx 1.3kg,$23.40,https://www.coles.com.au/product/coles-no-added-hormone-beef-roast-topside-approx.-1.3kg-3492637
7356460,Coles RSPCA Approved Free Range Chicke ... 600g,$11.00,https://www.coles.com.au/product/coles-rspca-approved-free-range-chicken-tenderloins-600g-7356460
4378772,Coles Beef Soup Bones Vac | approx 1.1kg,$7.70,https://www.coles.com.au/product/coles-beef-soup-bones-vac-approx.-1.1kg-4378772
3034348,Coles Beef And Thyme Burger | 500g,$8.50,https://www.coles.com.au/product/coles-beef-and-thyme-burger-500g-3034348
2263339,Coles RSPCA Approved Chicken V Wings | approx 1.1kg,$9.90,https://www.coles.com.au/product/coles-rspca-approved-chicken-v-wings-approx.-1.1kg-2263339
2878130,Coles Tasmanian Salmon Portions Skin On 2 Pack | 280g,$15.00,https://www.coles.com.au/product/coles-tasmanian-salmon-portions-skin-on-2-pack-280g-2878130
5285371,Tassal Salmon Portions Skin On | 300g,$16.00,https://www.coles.com.au/product/tassal-salmon-portions-skin-on-300g-5285371
7056863,Coles Boneless Whole Chicken With Greek Inspired ... 1kg,$13.00,https://www.coles.com.au/product/coles-boneless-whole-chicken-with-greek-inspired-marinade-1kg-7056863
2747131,Coles Pork Ribs BBQ | approx 1.2kg,$24.00,https://www.coles.com.au/product/coles-pork-ribs-bbq-approx.-1.2kg-2747131
3292300,Coles Lamb Loin Chops Bulk | approx 890g,$24.92,https://www.coles.com.au/product/coles-lamb-loin-chops-bulk-approx.-890g-3292300
7359774,Coles RSPCA Approved Chicken Livers | 500g,$3.25,https://www.coles.com.au/product/coles-rspca-approved-chicken-livers-500g-7359774
3838593,Coles RSPCA Approved Chicken Spicy Butter ... 500g,$9.00,https://www.coles.com.au/product/coles-rspca-approved-chicken-spicy-buttermilk-wings-500g-3838593
1833373,Lilydale Free Range Chicken Stir Fry | 500g,$13.00,https://www.coles.com.au/product/lilydale-free-range-chicken-stir-fry-500g-1833373
9224255,Cleaver's Organic Grass-Fed Premium Beef Mince | 500g,$14.00,https://www.coles.com.au/product/cleaver's-organic-grass-fed-premium-beef-mince-500g-9224255
9223332,Cleaver's Organic Grass-Fed Extra Lean Beef Mince | 500g,$13.00,https://www.coles.com.au/product/cleaver's-organic-grass-fed-extra-lean-beef-mince-500g-9223332
7382539,The Bare Bird Chicken Thigh Fillets | 480g,$13.00,https://www.coles.com.au/product/the-bare-bird-chicken-thigh-fillets-480g-7382539
3091126,The Bare Bird Whole Chicken | approx 1.6kg,$13.60,https://www.coles.com.au/product/the-bare-bird-whole-chicken-approx.-1.6kg-each-3091126
7362270,The Bare Bird Chicken Breast Fillet | 600g,$13.00,https://www.coles.com.au/product/the-bare-bird-chicken-breast-fillet-600g-7362270
7382492,The Bare Bird Chicken Drumsticks | 460g,$5.00,https://www.coles.com.au/product/the-bare-bird-chicken-drumsticks-460g-7382492
7382528,The Bare Bird Chicken Tenderloins | 480g,$13.00,https://www.coles.com.au/product/the-bare-bird-chicken-tenderloins-480g-7382528
3035260,Coles Pork Loin Chops | approx 887g,$16.85,https://www.coles.com.au/product/coles-pork-loin-chops-approx.-887g-3035260
2903871,Coles RSPCA Approved Chicken Breast Fillet ... 400g,$9.00,https://www.coles.com.au/product/coles-rspca-approved-chicken-breast-fillet-crumb-sage-and-rosemary-400g-2903871
7585263,Lilydale Free Range Chicken Mince | 500g,$9.00,https://www.coles.com.au/product/lilydale-free-range-chicken-mince-500g-7585263
5629540,Coles Beef Scotch Fillet Thin Cut | 400g,$19.00,https://www.coles.com.au/product/coles-beef-scotch-fillet-thin-cut-400g-5629540
2725456,Coles Graze Grass Fed Beef Meatballs | 420g,$6.50,https://www.coles.com.au/product/coles-graze-grass-fed-beef-meatballs-420g-2725456
9232956,Coles RSPCA Approved Chicken Breast Schnit ... 600g,$10.50,https://www.coles.com.au/product/coles-rspca-approved-chicken-breast-schnitzel-garlic-and-herb-crumb-600g-9232956
2829622,Lilydale Free Range Chicken Breast Strips Crumb ... 400g,$11.00,https://www.coles.com.au/product/lilydale-free-range-chicken-breast-strips-crumbed-400g-2829622
6069236,Coles No Added Hormone Beef Rump Medallions | 300g,$12.00,https://www.coles.com.au/product/coles-no-added-hormone-beef-rump-medallions-300g-6069236
7382540,Coles RSPCA Approved Chicken Mixed Portio ... 1.2kg,$12.00,https://www.coles.com.au/product/coles-rspca-approved-chicken-mixed-portions-southern-fried-1.2kg-7382540
1200402,Coles Made Easy Slow Cooked Lamb Shanks In Re ... 900g,$16.00,https://www.coles.com.au/product/coles-made-easy-slow-cooked-lamb-shanks-in-red-wine-sauce-900g-1200402
5285280,Tassal Fresh Tassie Salmon Portions Skin Off | 300g,$17.00,https://www.coles.com.au/product/tassal-fresh-tassie-salmon-portions-skin-off-300g-5285280
6255343,Coles RSPCA Approved Chicken Waffles | 400g,$7.00,https://www.coles.com.au/product/coles-rspca-approved-chicken-waffles-400g-6255343
3580600,Coles Lamb Leg Diced | 450g,$13.00,https://www.coles.com.au/product/coles-lamb-leg-diced-450g-3580600
3292321,Coles Lamb Bones | approx 1kg,$7.00,https://www.coles.com.au/product/coles-lamb-bones-approx.-1kg-3292321
4261312,Lilydale Chicken Breast Schnitzel With Cauliflo ... 400g,$13.00,https://www.coles.com.au/product/lilydale-chicken-breast-schnitzel-with-cauliflower-and-herb-crumb-400g-4261312
7363410,Coles RSPCA Approved Chicken Drumsticks ... 700g,$6.50,https://www.coles.com.au/product/coles-rspca-approved-chicken-drumsticks-with-mediterranean-glaze-700g-7363410
5259644,Coles Sliced Pork Belly With Sweet Soy Glaze | 300g,$8.00,https://www.coles.com.au/product/coles-sliced-pork-belly-with-sweet-soy-glaze-300g-5259644
7363432,Coles RSPCA Approved Chicken Stir Fry | 600g,$11.00,https://www.coles.com.au/product/coles-rspca-approved-chicken-stir-fry-600g-7363432
5132428,Coles Beef T Bone Steak | approx 1kg,$30.00,https://www.coles.com.au/product/coles-beef-t-bone-steak-approx.-1kg-5132428
4454280,Coles Free Range RSPCA Approved Chick ... approx 950g,$12.82,https://www.coles.com.au/product/coles-free-range-rspca-approved-chicken-mango-and-coconut-approx.-950g-4454280
6358630,Coles No Added Hormone Beef Rump Steak | 500g,$15.00,https://www.coles.com.au/product/coles-no-added-hormone-beef-rump-steak-500g-6358630
5132676,Coles Finest Thick & Juicy Beef Burger 2 Pack | 300g,$8.00,https://www.coles.com.au/product/coles-finest-thick-and-juicy-beef-burger-2-pack-300g-5132676
9243271,Coles RSPCA Approved Chicken Tenders Sout ... 400g,$9.00,https://www.coles.com.au/product/coles-rspca-approved-chicken-tenders-southern-fried-400g-9243271
3942620,Coles Graze Lamb Extra Trim Cutlets | approx 300g,$13.50,https://www.coles.com.au/product/coles-graze-lamb-extra-trim-cutlets-approx.-300g-3942620
2727699,Coles Lamb Boneless Shank Meat | approx 700g,$15.40,https://www.coles.com.au/product/coles-lamb-boneless-shank-meat-approx.-700g-2727699
7876936,Coles Lamb Ribs With Sticky BBQ Rub | 750g,$16.50,https://www.coles.com.au/product/coles-lamb-ribs-with-sticky-bbq-rub-750g-7876936
2303772,Lilydale Free Range Chicken Thigh Fillets Bulk ... approx 900g,$18.00,https://www.coles.com.au/product/lilydale-free-range-chicken-thigh-fillets-bulk-pack-approx.-900g-2303772
8749311,Drovers Choice No Added Hormone Beef ... approx 1.2kg,$21.60,https://www.coles.com.au/product/drovers-choice-no-added-hormone-beef-blade-steak-approx.-1.2kg-8749311
2814818,British Cumberland Sausages | 500g,$7.50,https://www.coles.com.au/product/british-cumberland-sausages-500g-2814818
5926669,Coles Finest Beef And Margaret River Shiraz Sausa ... 500g,$9.00,https://www.coles.com.au/product/coles-finest-beef-and-margaret-river-shiraz-sausages-500g-5926669
7645616,Coles Finest Australian Pork & Beef Chorizo ... 500g,$9.00,https://www.coles.com.au/product/coles-finest-australian-pork-and-beef-chorizo-sausages-500g-7645616
5471026,Coles Lamb Boneless Marinated Shoulder With G ... approx 1kg,$18.00,https://www.coles.com.au/product/coles-lamb-boneless-marinated-shoulder-with-greek-style-rub-approx.-1kg-5471026
5306642,KB's Tuna Steaks | 200g,$11.00,https://www.coles.com.au/product/kb's-tuna-steaks-200g-5306642
5736299,Coles RSPCA Chicken Portions With Herb Spri ... approx 1.46kg,$11.68,https://www.coles.com.au/product/coles-rspca-chicken-portions-with-herb-sprinkle-approx.-1.46kg-5736299
6641427,Coles Beef Scotch Steak With Bernaise Butter | 265g,$12.00,https://www.coles.com.au/product/coles-beef-scotch-steak-with-bernaise-butter-265g-6641427
3773396,Coles Prawns Raw Peeled | 260g,$12.50,https://www.coles.com.au/product/coles-prawns-raw-peeled-260g-3773396
3855322,Coles Graze Grassfed Beef New York Strip Steak | 380g,$15.00,https://www.coles.com.au/product/coles-graze-grassfed-beef-new-york-strip-steak-380g-3855322
1567000,Coles Basa Portions Skin Off 2 Pack | 260g,$5.80,https://www.coles.com.au/product/coles-basa-portions-skin-off-2-pack-260g-1567000
6068991,Coles Graze Grass Fed No Added Hormone Be ... 400g,$10.00,https://www.coles.com.au/product/coles-graze-grass-fed-no-added-hormone-beef-oyster-blade-thin-sliced-steak-400g-6068991
4256695,Coles No Added Hormone Beef Short Rib Fi ... approx 930g,$21.86,https://www.coles.com.au/product/coles-no-added-hormone-beef-short-rib-fingers-approx.-930g-4256695
1833566,Steggles Turkey Rissoles | 400g,$8.50,https://www.coles.com.au/product/steggles-turkey-rissoles-400g-1833566
3770795,Ocean Blue Sliced Smoked Salmon | 180g,$12.50,https://www.coles.com.au/product/ocean-blue-sliced-smoked-salmon-180g-3770795
9223332,Cleaver's Organic Grass-Fed Extra Lean Beef Mince | 500g,$13.00,https://www.coles.com.au/product/cleaver's-organic-grass-fed-extra-lean-beef-mince-500g-9223332
3941898,Coles Graze Lamb Backstrap | approx 300g,$14.40,https://www.coles.com.au/product/coles-graze-lamb-backstrap-approx.-300g-3941898
3034960,Coles Beef Chevaps | 400g,$6.50,https://www.coles.com.au/product/coles-beef-chevaps-400g-3034960
5471773,Coles RSPCA Approved Chicken Kebabs With ... 750g,$11.50,https://www.coles.com.au/product/coles-rspca-approved-chicken-kebabs-with-sticky-bbq-rub-750g-5471773
7353870,Coles RSPCA Approved Whole Boneless Chick ... 1kg,$13.00,https://www.coles.com.au/product/coles-rspca-approved-whole-boneless-chicken-with-asian-bbq-rub-1kg-7353870
5987969,Coles Lamb Leg Steak With Greek Style Marinade | 210g,$7.50,https://www.coles.com.au/product/coles-lamb-leg-steak-with-greek-style-marinade-210g-5987969
5927592,Coles Finest Lamb Garlic And Oregano Sausages | 450g,$9.00,https://www.coles.com.au/product/coles-finest-lamb-garlic-and-oregano-sausages-450g-5927592
2904025,Coles RSPCA Approved Chicken Burgers Plai ... 1.2kg,$12.50,https://www.coles.com.au/product/coles-rspca-approved-chicken-burgers-plain-crumb-1.2kg-2904025
6358641,Coles Graze Grassfed Beef Chuck Casserole | 600g,$13.00,https://www.coles.com.au/product/coles-graze-grassfed-beef-chuck-casserole-600g-6358641
6069280,Coles Finest Carbon Neutral Beef Porterhous ... 370g,$19.00,https://www.coles.com.au/product/coles-finest-carbon-neutral-beef-porterhouse-steak-370g-6069280
3582092,Coles Hot Smoked Salmon Cracked Pepper | 150g,$8.00,https://www.coles.com.au/product/coles-hot-smoked-salmon-cracked-pepper-150g-3582092
3034235,Coles Finest Beef With Brisket Burger | 600g,$11.00,https://www.coles.com.au/product/coles-finest-beef-with-brisket-burger-600g-3034235
1589884,Coles Australian Whiting Mini Fillets With Plain Cr ... 285g,$11.50,https://www.coles.com.au/product/coles-australian-whiting-mini-fillets-with-plain-crumb-285g-1589884
3455007,Coles Pork Mini Shoulder Roast Bonele ... approx 1kg,$12.50,https://www.coles.com.au/product/coles-pork-mini-shoulder-roast-boneless-approx.-1kg-3455007
3855388,Coles Graze Grassfed Beef Scotch Fillet Steak | 250g,$13.00,https://www.coles.com.au/product/coles-graze-grassfed-beef-scotch-fillet-steak-250g-3855388
7056852,Coles Boneless Whole Chicken With Caribbean & ... 1kg,$13.00,https://www.coles.com.au/product/coles-boneless-whole-chicken-with-caribbean-and-jalapeno-inspired-marinade-1kg-7056852
3332040,Coles No Added Hormone Beef Eye Fillet ... approx 450g,$23.40,https://www.coles.com.au/product/coles-no-added-hormone-beef-eye-fillet-roast-approx.-450g-3332040
3582081,Coles Hot Smoked Salmon Natural | 150g,$8.00,https://www.coles.com.au/product/coles-hot-smoked-salmon-natural-150g-3582081
5132541,Coles Lamb Burgers With Rosemary And Garlic 4 Pack | 400g,$8.50,https://www.coles.com.au/product/coles-lamb-burgers-with-rosemary-and-garlic-4-pack-400g-5132541
3270974,Coles RSPCA Approved Chicken Southern Fr ... 400g,$9.00,https://www.coles.com.au/product/coles-rspca-approved-chicken-southern-fried-thigh-burger-400g-3270974
4750294,KB's Garlic Prawns | 280g,$12.50,https://www.coles.com.au/product/kb's-garlic-prawns-280g-4750294
6764926,Coles Lamb Leg Butterflied With Rosem ... approx 1kg,$20.00,https://www.coles.com.au/product/coles-lamb-leg-butterflied-with-rosemary-and-garlic-approx.-1kg-6764926
3920479,Drovers Choice Beef Rump Steak | 230g,$6.00,https://www.coles.com.au/product/drovers-choice-beef-rump-steak-230g-3920479
6409120,Coles Pork Loin Chops Lightly Marinated | 450g,$8.00,https://www.coles.com.au/product/coles-pork-loin-chops-lightly-marinated-450g-6409120
3050945,Cleaver's Organic Grass-Fed Beef Hotdogs Glut ... 275g,$10.50,https://www.coles.com.au/product/cleaver's-organic-grass-fed-beef-hotdogs-gluten-free-275g-3050945
3477054,Tassal Tasmanian Smoked Salmon | 150g,$11.00,https://www.coles.com.au/product/tassal-tasmanian-smoked-salmon-150g-3477054
6841324,Coles Finest Lamb Backstrap | approx 226g,$11.30,https://www.coles.com.au/product/coles-finest-lamb-backstrap-approx.-226g-6841324
3477123,Tassal Tasmanian Smoked Salmon | 250g,$16.00,https://www.coles.com.au/product/tassal-tasmanian-smoked-salmon-250g-3477123
3476834,Coles RSPCA Approved Chicken Popcorn So ... 400g,$9.00,https://www.coles.com.au/product/coles-rspca-approved-chicken-popcorn-southern-fried-400g-3476834
5928507,Coles Finest Pork Sage And Black Pepper Sausa ... 500g,$9.00,https://www.coles.com.au/product/coles-finest-pork-sage-and-black-pepper-sausages-500g-5928507
6413660,Coles Made Easy Slow Cooked Beef Brisket | 700g,$15.50,https://www.coles.com.au/product/coles-made-easy-slow-cooked-beef-brisket-700g-6413660
6358481,Coles Graze Grassfed Beef Fillet Steak | 300g,$18.00,https://www.coles.com.au/product/coles-graze-grassfed-beef-fillet-steak-300g-6358481
2951397,Coles Graze Grassfed Beef Sausages | 500g,$7.00,https://www.coles.com.au/product/coles-graze-grassfed-beef-sausages-500g-2951397
4678970,Coles No Added Hormone Peppered Beef Steaks | 300g,$8.00,https://www.coles.com.au/product/coles-no-added-hormone-peppered-beef-steaks-300g-4678970
4469970,Coles Beef Kebabs | 450g,$8.50,https://www.coles.com.au/product/coles-beef-kebabs-450g-4469970
6828010,Coles Finest Lamb Frenched Rack Roast | approx 226g,$9.72,https://www.coles.com.au/product/coles-finest-lamb-frenched-rack-roast-approx.-226g-6828010
6400726,Coles Finest Carbon Neutral Pork Diced | 500g,$11.00,https://www.coles.com.au/product/coles-finest-carbon-neutral-pork-diced-500g-6400726
2891502,Drovers Beef Ribs | approx 1.7kg,$22.10,https://www.coles.com.au/product/drovers-beef-ribs-approx.-1.7kg-2891502
2591860,Drovers Choice No Added Hormone Beef Porter ... approx 780g,$18.72,https://www.coles.com.au/product/drovers-choice-no-added-hormone-beef-porterhouse-steak-approx.-780g-2591860
7428265,Coles Deli RSPCA Approved Chicken Nibbles ... approx 70g,$0.63,https://www.coles.com.au/product/coles-deli-rspca-approved-chicken-nibbles-honey-soy-approx.-70g-7428265
3048069,Coles Deli RSPCA Approved Chicken Breast Keba ... 1 each,$1.40,https://www.coles.com.au/product/coles-deli-rspca-approved-chicken-breast-kebab-honey-soy-1-each-3048069
7359785,Coles RSPCA Approved Chicken Necks | 1kg,$6.50,https://www.coles.com.au/product/coles-rspca-approved-chicken-necks-1kg-7359785
9242869,Cleaver's Organic Grass-Fed Beef Meatballs | 380g,$11.00,https://www.coles.com.au/product/cleaver's-organic-grass-fed-beef-meatballs-380g-9242869
5132632,Coles Finest Hot & Spicy Beef Burgers 2 Pack | 300g,$8.00,https://www.coles.com.au/product/coles-finest-hot-and-spicy-beef-burgers-2-pack-300g-5132632
3035409,Coles Pork Cutlets | approx 500g,$9.00,https://www.coles.com.au/product/coles-pork-cutlets-approx.-500g-pack-3035409
2023765,Coles Graze Grassfed Beef Stir Fry | 500g,$13.00,https://www.coles.com.au/product/coles-graze-grassfed-beef-stir-fry-500g-2023765
6069269,Coles Finest Carbon Neutral Beef Scotch Fillet Steak | 375g,$22.00,https://www.coles.com.au/product/coles-finest-carbon-neutral-beef-scotch-fillet-steak-375g-6069269
2210208,Coles Deli Thawed Cooked Peeled Prawn ... approx 250g,$7.25,https://www.coles.com.au/product/coles-deli-thawed-cooked-peeled-prawn-cutlets-approx.-250g-2210208
2903860,Coles Rspca Chicken Creamy Garlic Breas ... 350g,$9.00,https://www.coles.com.au/product/coles-rspca-chicken-creamy-garlic-breast-kyiv-350g-2903860
4209866,Coles Finest Australian Beef Garlic & Thy ... 500g,$9.00,https://www.coles.com.au/product/coles-finest-australian-beef-garlic-and-thyme-meatballs-500g-4209866
2814953,Coles Simply Beef BBQ Burgers 10 pack | 1kg,$11.00,https://www.coles.com.au/product/coles-simply-beef-bbq-burgers-10-pack-1kg-2814953
9007723,K-Roo Kangaroo Mince | 1kg,$12.00,https://www.coles.com.au/product/k-roo-kangaroo-mince-1kg-9007723
1213277,Coles Made Easy Bacon Wrapped Chicken Parc ... 600g,$13.00,https://www.coles.com.au/product/coles-made-easy-bacon-wrapped-chicken-parcels-with-pumpkin-spinach-and-fetta-stuffing-600g-1213277
8601456,Coles Beef Blade Roast | approx 1.42kg,$21.30,https://www.coles.com.au/product/coles-beef-blade-roast-approx.-1.42kg-8601456
5552274,Lilydale Butterflied Bon ... approx 1.35kg,$22.95,https://www.coles.com.au/product/lilydale-butterflied-boneless-chicken-jamacian-jerk-approx.-1.35kg-5552274
4144829,Coles Deli RSPCA Approved Chicken Schnitzel | 250g,$3.00,https://www.coles.com.au/product/coles-deli-rspca-approved-chicken-schnitzel-250g-4144829
3048182,Coles Deli RSPCA Approved Chicken Nibbl ... approx 500g,$4.50,https://www.coles.com.au/product/coles-deli-rspca-approved-chicken-nibbles-chilli-sriracha-approx.-500g-3048182
3569232,Coles Simply Thin Pork BBQ Sausages | 560g,$6.00,https://www.coles.com.au/product/coles-simply-thin-pork-bbq-sausages-560g-3569232
5708238,V2 Mince Plant Based Protein | 400g,$6.00,https://www.coles.com.au/product/v2-mince-plant-based-protein-400g-5708238
3024843,Coles Made Easy Chicken Enchiladas With Beans & ... 450g,$8.00,https://www.coles.com.au/product/coles-made-easy-chicken-enchiladas-with-beans-and-cheese-450g-3024843
3870778,Coles Pork Loin Steaks With Smokey BBQ Rub | 400g,$9.50,https://www.coles.com.au/product/coles-pork-loin-steaks-with-smokey-bbq-rub-400g-3870778
6841357,Coles Finest Lamb Hand Cut Frenched Cutlets | approx 208g,$9.78,https://www.coles.com.au/product/coles-finest-lamb-hand-cut-frenched-cutlets-approx.-208g-6841357
3305591,Cleaver's Organic Free Range Chicken Nuggets | 300g,$10.50,https://www.coles.com.au/product/cleaver's-organic-free-range-chicken-nuggets-300g-3305591
2957859,Luv A Duck Cooked Duck Breast Peking Flavoured | 360g,$12.00,https://www.coles.com.au/product/luv-a-duck-cooked-duck-breast-peking-flavoured-360g-2957859
1496411,Coles Lamb Strips With Souvlaki Seasoning | 500g,$14.00,https://www.coles.com.au/product/coles-lamb-strips-with-souvlaki-seasoning-500g-1496411
4256538,Col ... approx 1.75kg,$28.00,https://www.coles.com.au/product/coles-no-added-hormone-beef-brisket-point-end-large-piece-approx.-1.75kg-4256538
2850731,Ocean Blue Surimi Sea Sticks | 150g,$4.00,https://www.coles.com.au/product/ocean-blue-surimi-sea-sticks-150g-2850731
7382492,The Bare Bird Chicken Drumsticks | 460g,$5.00,https://www.coles.com.au/product/the-bare-bird-chicken-drumsticks-460g-7382492
3220921,Rocco's Vienna Style Frankfurters | 450g,$8.00,https://www.coles.com.au/product/rocco's-vienna-style-frankfurters-450g-3220921
2024393,Coles Graze Grassfed Beef Diced Steak | 500g,$12.00,https://www.coles.com.au/product/coles-graze-grassfed-beef-diced-steak-500g-2024393
7382528,The Bare Bird Chicken Tenderloins | 480g,$13.00,https://www.coles.com.au/product/the-bare-bird-chicken-tenderloins-480g-7382528
2292337,Coles Made Easy Chicken Puff Pastry Parcels With ... 350g,$7.00,https://www.coles.com.au/product/coles-made-easy-chicken-puff-pastry-parcels-with-parmesan-and-garlic-350g-2292337
6506590,Coles Made Easy Butter Chicken Puff Pastry Parcel | 350g,$7.00,https://www.coles.com.au/product/coles-made-easy-butter-chicken-puff-pastry-parcel-350g-6506590
5697561,Coles Pork Scotch Steaks With Hoisin | 300g,$7.50,https://www.coles.com.au/product/coles-pork-scotch-steaks-with-hoisin-300g-5697561
7382572,Cleaver's Organic Grass-Fed Lamb Mince | 500g,$10.00,https://www.coles.com.au/product/cleaver's-organic-grass-fed-lamb-mince-500g-7382572
2598520,Cleaver's Organic Grass-Fed Beef Sausages Gl ... 450g,$10.50,https://www.coles.com.au/product/cleaver's-organic-grass-fed-beef-sausages-gluten-free-450g-2598520
2023110,K-Roo Kangaroo Diced | 500g,$11.00,https://www.coles.com.au/product/k-roo-kangaroo-diced-500g-2023110
3293652,Coles No Added Hormone Beef RR 7X5 R ... approx500g,$19.50,https://www.coles.com.au/product/coles-no-added-hormone-beef-rr-7x5-rib-eye-steak-approx.500g-3293652
2591870,Drovers Choice No Ad ... approx 1.05kg,$21.00,https://www.coles.com.au/product/drovers-choice-no-added-hormone-beef-rump-steak-approx.-1.05kg-2591870
7868097,Coles Graze Lamb Leg Steak 2pack | 270g,$8.00,https://www.coles.com.au/product/coles-graze-lamb-leg-steak-2pack-270g-7868097
5932209,Coles RSPCA Approved Chicken Burgers With ... 450g,$8.50,https://www.coles.com.au/product/coles-rspca-approved-chicken-burgers-with-cheese-450g-5932209
7066867,Moira Mac's Smoked Turkey Breast Portion | 400g,$10.00,https://www.coles.com.au/product/moira-mac's-smoked-turkey-breast-portion-400g-7066867
3269410,Coles Simply BBQ Pack | 1kg,$10.50,https://www.coles.com.au/product/coles-simply-bbq-pack-1kg-3269410
7275903,Inglewood Organic Chicken Nibbles | 700g,$10.50,https://www.coles.com.au/product/inglewood-organic-chicken-nibbles-700g-7275903
3729747,Tassal Tasmanian Smoked Salmon | 100g,$11.50,https://www.coles.com.au/product/tassal-tasmanian-smoked-salmon-100g-3729747
2819345,Richmond Valley Veal Sizzle Steak | 400g,$12.30,https://www.coles.com.au/product/richmond-valley-veal-sizzle-steak-400g-2819345
5990497,Coles Graze Lamb Mini Shoulder Roast 2 Pack | approx 700g,$14.00,https://www.coles.com.au/product/coles-graze-lamb-mini-shoulder-roast-2-pack-approx.-700g-5990497
2610341,Tibaldi Authentic Ham Off The Bone | 500g,$14.50,https://www.coles.com.au/product/tibaldi-authentic-ham-off-the-bone-500g-2610341
5176004,Coles Beef Tender Blade Roast | approx 1kg,$17.00,https://www.coles.com.au/product/coles-beef-tender-blade-roast-approx.-1kg-5176004
3777637,Coles Tasmanian Salmon Portions With Lemon ... 500g,$25.00,https://www.coles.com.au/product/coles-tasmanian-salmon-portions-with-lemon-and-herb-crumb-500g-3777637
3048116,Coles Deli RSPCA Approved Chicken Breast Keba ... 1 each,$1.40,https://www.coles.com.au/product/coles-deli-rspca-approved-chicken-breast-kebab-thai-1-each-3048116
4750352,Richmond Valley Veal Mince | 400g,$8.20,https://www.coles.com.au/product/richmond-valley-veal-mince-400g-4750352
3305570,Cleaver's Organic Grass Fed Beef Burger Chuck ... 450g,$11.00,https://www.coles.com.au/product/cleaver's-organic-grass-fed-beef-burger-chuck-and-brisket-450g-3305570
6413681,Coles Made Easy Beef Stroganoff With Creamy Sauce | 500g,$13.00,https://www.coles.com.au/product/coles-made-easy-beef-stroganoff-with-creamy-sauce-500g-6413681
7043023,Coles Cold Smoked Salmon | 200g,$13.00,https://www.coles.com.au/product/coles-cold-smoked-salmon-200g-7043023
9224255,Cleaver's Organic Grass-Fed Premium Beef Mince | 500g,$14.00,https://www.coles.com.au/product/cleaver's-organic-grass-fed-premium-beef-mince-500g-9224255
9223332,Cleaver's Organic Grass-Fed Extra Lean Beef Mince | 500g,$13.00,https://www.coles.com.au/product/cleaver's-organic-grass-fed-extra-lean-beef-mince-500g-9223332
7382539,The Bare Bird Chicken Thigh Fillets | 480g,$13.00,https://www.coles.com.au/product/the-bare-bird-chicken-thigh-fillets-480g-7382539
3091126,The Bare Bird Whole Chicken | approx 1.6kg,$13.60,https://www.coles.com.au/product/the-bare-bird-whole-chicken-approx.-1.6kg-each-3091126
7362270,The Bare Bird Chicken Breast Fillet | 600g,$13.00,https://www.coles.com.au/product/the-bare-bird-chicken-breast-fillet-600g-7362270
7382492,The Bare Bird Chicken Drumsticks | 460g,$5.00,https://www.coles.com.au/product/the-bare-bird-chicken-drumsticks-460g-7382492
7382528,The Bare Bird Chicken Tenderloins | 480g,$13.00,https://www.coles.com.au/product/the-bare-bird-chicken-tenderloins-480g-7382528
6765500,Cleaver's Organic Grass-Fed Beef Stifry | 450g,$15.50,https://www.coles.com.au/product/cleaver's-organic-grass-fed-beef-stifry-450g-6765500
2311191,Coles Beef Roast With Mustard And Black ... approx 900g,$18.00,https://www.coles.com.au/product/coles-beef-roast-with-mustard-and-black-pepper-approx.-900g-2311191
9154794,Coles Lamb Shoulder Roast On The ... approx 2.2kg,$30.80,https://www.coles.com.au/product/coles-lamb-shoulder-roast-on-the-bone-approx.-2.2kg-9154794
6390564,KB's Seafood Crumbed Squid Chips | 200g,$8.00,https://www.coles.com.au/product/kb's-seafood-crumbed-squid-chips-200g-6390564
7078913,Coles RSPCA Approved Chicken Kebabs With ... 375g,$8.00,https://www.coles.com.au/product/coles-rspca-approved-chicken-kebabs-with-sticky-bbq-rub-375g-7078913
2740766,Ocean Blue Sliced Smoked Ocean Trout | 100g,$8.50,https://www.coles.com.au/product/ocean-blue-sliced-smoked-ocean-trout-100g-2740766
3292570,Coles No Added Hormone Beef Steak Crumbed | 340g,$9.00,https://www.coles.com.au/product/coles-no-added-hormone-beef-steak-crumbed-340g-3292570
3771700,K-Roo Kangaroo Sizzle Steak | 400g,$10.50,https://www.coles.com.au/product/k-roo-kangaroo-sizzle-steak-400g-3771700
3855366,Coles Graze Grassfed Beef Rump Steak WA | 300g,$11.00,https://www.coles.com.au/product/coles-graze-grassfed-beef-rump-steak-wa-300g-3855366
8968155,K-Roo Kangaroo Herb ... approx 520g,$11.44,https://www.coles.com.au/product/k-roo-kangaroo-herb-and-garlic-marinated-steak-approx.-520g-8968155
3912335,V2 Burger Plant Based Protein 4 Pack | 452g,$7.00,https://www.coles.com.au/product/v2-burger-plant-based-protein-4-pack-452g-3912335
8450565,K-Roo Kangaroo Burgers | 440g,$8.50,https://www.coles.com.au/product/k-roo-kangaroo-burgers-440g-8450565
5703620,Coles Chicken Mozzarella And Rocket Saus ... 450g,$9.50,https://www.coles.com.au/product/coles-chicken-mozzarella-and-rocket-sausages-450g-5703620
4720260,Coles Tasmanian Salmon Marinated Portions Teri ... 325g,$16.00,https://www.coles.com.au/product/coles-tasmanian-salmon-marinated-portions-teriyaki-325g-4720260
7363501,Coles Boneless Small Pork Loin Roast | approx 1.25kg,$17.50,https://www.coles.com.au/product/coles-boneless-small-pork-loin-roast-approx.-1.25kg-7363501
5286625,Tassal Salmon Portions Mustard And Dill | 300g,$18.00,https://www.coles.com.au/product/tassal-salmon-portions-mustard-and-dill-300g-5286625
3336008,Drovers Choice No Added Hormone Beef ... approx 850g,$24.65,https://www.coles.com.au/product/drovers-choice-no-added-hormone-beef-scotch-fillet-approx.-850g-3336008
1331513,Inglewood Farms Free Range Organic Chick ... approx 420g,$4.83,https://www.coles.com.au/product/inglewood-farms-free-range-organic-chicken-drumsticks-approx.-420g-each-1331513
7082262,V2 Tenders Sweet Chilli Plant Based Protein 6 Pack | 300g,$6.00,https://www.coles.com.au/product/v2-tenders-sweet-chilli-plant-based-protein-6-pack-300g-7082262
6132591,Coles Lamb Rump Steak 2 Pack | 215g,$7.50,https://www.coles.com.au/product/coles-lamb-rump-steak-2-pack-215g-6132591
4469277,Three Aussie Farmers Classic Aussie Bang ... 450g,$8.15,https://www.coles.com.au/product/three-aussie-farmers-classic-aussie-banger-beef-and-pork-sausage-450g-4469277
2865273,Moira Mac's Roasted Chicken Breast BBQ | 350g,$8.50,https://www.coles.com.au/product/moira-mac's-roasted-chicken-breast-bbq-350g-2865273
7868053,Coles Lamb Rump Roast 2pack | approx 480g,$12.00,https://www.coles.com.au/product/coles-lamb-rump-roast-2pack-approx.-480g-7868053
3386072,Coles Deli RSPCA Approved Chicken Breast Sata ... 1 each,$1.40,https://www.coles.com.au/product/coles-deli-rspca-approved-chicken-breast-satay-style-kebab-1-each-3386072
4884166,V2 Tenders Southern Style Plant Based Protein 6 Pack | 300g,$6.00,https://www.coles.com.au/product/v2-tenders-southern-style-plant-based-protein-6-pack-300g-4884166
4884155,V2 Schnitzel Original Plant Based Protein 2 Pack | 300g,$7.00,https://www.coles.com.au/product/v2-schnitzel-original-plant-based-protein-2-pack-300g-4884155
3110785,Col ... approx 1.25Kg,$7.50,https://www.coles.com.au/product/coles-no-added-hormone-beef-marrow-bones-approx.-1.25kg-3110785
5886429,Coles Pork Scotch Steak With Rosemary & ... 280g,$8.00,https://www.coles.com.au/product/coles-pork-scotch-steak-with-rosemary-and-honey-butter-280g-5886429
6139218,Coles Free Range Pork Loin Medallions | 300g,$8.00,https://www.coles.com.au/product/coles-free-range-pork-loin-medallions-300g-6139218
4470061,Small Batch Free Range Sticky Pork And Garlic Pr ... 450g,$9.50,https://www.coles.com.au/product/small-batch-free-range-sticky-pork-and-garlic-premium-sausages-450g-4470061
6069429,Coles Finest Carbon Neutral Beef Mince | 500g,$10.50,https://www.coles.com.au/product/coles-finest-carbon-neutral-beef-mince-500g-6069429
6413670,Coles Made Easy Slow Cooked Pork Shoulder | 480g,$11.00,https://www.coles.com.au/product/coles-made-easy-slow-cooked-pork-shoulder-480g-6413670
6413772,Coles Made Easy Asian Style Beef Hot Pot | 500g,$13.00,https://www.coles.com.au/product/coles-made-easy-asian-style-beef-hot-pot-500g-6413772
1176308,Coles Lean Salt Reduced Beef Corned Silversi ... approx 1kg,$14.00,https://www.coles.com.au/product/coles-lean-salt-reduced-beef-corned-silverside-approx.-1kg-1176308
6762534,Cleaver's Organic Grass-Fed Beef Scotch Fillet ... 290g,$15.50,https://www.coles.com.au/product/cleaver's-organic-grass-fed-beef-scotch-fillet-steak-290g-6762534
1331477,Inglewood Farms Free Range Organic Chick ... approx 488g,$16.84,https://www.coles.com.au/product/inglewood-farms-free-range-organic-chicken-breast-fillets-skin-off-approx.-488g-each-1331477
5986922,Coles BUTCHER HAM STEAKS | 375g,$6.75,https://www.coles.com.au/product/coles-butcher-ham-steaks-375g-5986922
3770627,Three Aussie Farmers Farmhouse Style Pork Sausages | 450g,$8.15,https://www.coles.com.au/product/three-aussie-farmers-farmhouse-style-pork-sausages-450g-3770627
7645649,Coles Finest Australian Pork & Beef Boerew ... 500g,$9.00,https://www.coles.com.au/product/coles-finest-australian-pork-and-beef-boerewors-sausages-500g-7645649
3773421,Coles Cooked Prawns With Cocktail Sauce | 260g,$12.50,https://www.coles.com.au/product/coles-cooked-prawns-with-cocktail-sauce-260g-3773421
4472748,Coles Made Easy Chicken Breasts Filled With G ... 500g,$13.00,https://www.coles.com.au/product/coles-made-easy-chicken-breasts-filled-with-garlic-and-herb-butter-topped-with-a-cheese-crumb-500g-4472748
6413874,Coles Made Easy Roast Beef Crusted In Garlic | 700g,$14.00,https://www.coles.com.au/product/coles-made-easy-roast-beef-crusted-in-garlic-700g-6413874
1331502,Inglewood Farms Organic Chicken Thigh ... approx 450g,$15.97,https://www.coles.com.au/product/inglewood-farms-organic-chicken-thigh-fillets-skin-off-approx.-450g-pack-1331502
4256902,Coles Beef Roast & Onion Garlic & Red Wine ... approx 1.2kg,$18.00,https://www.coles.com.au/product/coles-beef-roast-and-onion-garlic-and-red-wine-rub-approx.-1.2kg-4256902
6827990,Coles Finest Carbon Neutral Beef Eye Fillet Steak | 330g,$23.00,https://www.coles.com.au/product/coles-finest-carbon-neutral-beef-eye-fillet-steak-330g-6827990
7203436,Ocean Blue Wild Caught Smoked Sockeye | 50g,$5.90,https://www.coles.com.au/product/ocean-blue-wild-caught-smoked-sockeye-50g-7203436
5708362,V2 Popcorn Bites Southern Style Plant Based Protein | 300g,$6.00,https://www.coles.com.au/product/v2-popcorn-bites-southern-style-plant-based-protein-300g-5708362
7081088,Coles Pork And Beef Rissoles | 440g,$6.50,https://www.coles.com.au/product/coles-pork-and-beef-rissoles-440g-7081088
3472436,Coles Pork Bones Smoked | 500g,$6.75,https://www.coles.com.au/product/coles-pork-bones-smoked-500g-3472436
3139084,British Sausage Co Lincolnshire Sausages | 500g,$7.50,https://www.coles.com.au/product/british-sausage-co-lincolnshire-sausages-500g-3139084
9274297,Coles Lamb Meat Bones | approx 1.1kg,$7.70,https://www.coles.com.au/product/coles-lamb-meat-bones-approx.-1.1kg-9274297
7690767,Moira Mac's Smoked Chicken Breast | 300g,$8.00,https://www.coles.com.au/product/moira-mac's-smoked-chicken-breast-300g-7690767
7070220,Three Aussie Farmers Texas BBQ Beef Sausage | 450g,$8.15,https://www.coles.com.au/product/three-aussie-farmers-texas-bbq-beef-sausage-450g-7070220
3258593,Coles Made Easy Moroccan Lamb Filo Rolls With Fet ... 400g,$12.00,https://www.coles.com.au/product/coles-made-easy-moroccan-lamb-filo-rolls-with-fetta-and-pumpkin-400g-3258593
7056841,Coles Free Range RSPCA Approved Chick ... approx 950g,$12.82,https://www.coles.com.au/product/coles-free-range-rspca-approved-chicken-boneless-jamaican-jerk-approx.-950g-7056841
4312184,Inglewood Organic Chicken Strips Plain | 500g,$13.50,https://www.coles.com.au/product/inglewood-organic-chicken-strips-plain-500g-4312184
2902700,Coles Pork Slow Cook Scotch Roast | approx 1.5kg,$20.25,https://www.coles.com.au/product/coles-pork-slow-cook-scotch-roast-approx.-1.5kg-2902700
3693843,Coles Graze Lamb Leg Roast Half | approx 1.8kg,$22.50,https://www.coles.com.au/product/coles-graze-lamb-leg-roast-half-approx.-1.8kg-3693843
3175587,Coles RSPCA Approved Chicken Hot Wings N ... 600g,$9.00,https://www.coles.com.au/product/coles-rspca-approved-chicken-hot-wings-nashville-600g-3175587
5175249,Three Aussie Farmers The Outback BB ... 500g,$9.00,https://www.coles.com.au/product/three-aussie-farmers-the-outback-bbq-beef-and-pork-burgers-500g-5175249
7088983,Coles Beef Rump Cap Steak French Style Butter | approx 350g,$10.50,https://www.coles.com.au/product/coles-beef-rump-cap-steak-french-style-butter-approx.-350g-7088983
7414238,Coles Butterflied Pork Shoulder With Asian ... approx 750g,$11.25,https://www.coles.com.au/product/coles-butterflied-pork-shoulder-with-asian-bbq-marinade-approx.-750g-7414238
7438338,Coles Pork Ribs In BBQ Sauce | 650g,$12.00,https://www.coles.com.au/product/coles-pork-ribs-in-bbq-sauce-650g-7438338
7414249,Coles Pork Ribs Sticky ... approx 1kg,$22.00,https://www.coles.com.au/product/coles-pork-ribs-sticky-sticky-american-bbq-glaze-approx.-1kg-7414249
3234824,Coles Deli RSPCA Approved Chicken Garlic Kyiv | 1 each,$3.00,https://www.coles.com.au/product/coles-deli-rspca-approved-chicken-garlic-kyiv-1-each-3234824
5032467,Talley's Mussels Natural | 375g,$7.00,https://www.coles.com.au/product/talley's-mussels-natural-375g-5032467
4470040,Small Batch Angus Beef And Ale Red Caramelised ... 450g,$9.50,https://www.coles.com.au/product/small-batch-angus-beef-and-ale-red-caramelised-onion-premium-sausages-450g-4470040
3567259,Coles Made Easy Prosciutto Wrapped Chicken Brea ... 450g,$10.00,https://www.coles.com.au/product/coles-made-easy-prosciutto-wrapped-chicken-breasts-with-parmigiana-stuffing-450g-3567259
3325920,Beyond Burger Plant Based Burger Patties | 226g,$11.00,https://www.coles.com.au/product/beyond-burger-plant-based-burger-patties-226g-3325920
3477360,Tassal Hot Smoked Salmon Cracked Peppercorn | 150g,$11.00,https://www.coles.com.au/product/tassal-hot-smoked-salmon-cracked-peppercorn-150g-3477360
3489508,Cleaver's Organic Grass-Fed Beef Lasagne | 600g,$11.00,https://www.coles.com.au/product/cleaver's-organic-grass-fed-beef-lasagne-600g-3489508
3024300,Ocean Blue Premium Blue Swimmer Crab Meat | 140g,$11.50,https://www.coles.com.au/product/ocean-blue-premium-blue-swimmer-crab-meat-140g-3024300
3966210,Coles Family Classics Made Easy Slow Cooked Pork ... 800g,$13.00,https://www.coles.com.au/product/coles-family-classics-made-easy-slow-cooked-pork-and-beef-meatballs-in-tomato-sauce-800g-3966210
1200130,Wild Oz Venison Steak | approx 400g,$15.20,https://www.coles.com.au/product/wild-oz-venison-steak-approx.-400g-pack-1200130
3661960,Ocean Blue Mini Blinis | 168g,$5.80,https://www.coles.com.au/product/ocean-blue-mini-blinis-168g-3661960
9596067,Talley's Mussels Garlic | 375g,$7.00,https://www.coles.com.au/product/talley's-mussels-garlic-375g-9596067
3951520,Norfolk Bay Wood Smoked Mussels Natural | 120g,$7.50,https://www.coles.com.au/product/norfolk-bay-wood-smoked-mussels-natural-120g-3951520
4677536,Norfolk Bay Wood Smoked Mussels Garlic | 120g,$7.50,https://www.coles.com.au/product/norfolk-bay-wood-smoked-mussels-garlic-120g-4677536
2865262,Moira Mac Chicken Breast Roasted | 350g,$8.50,https://www.coles.com.au/product/moira-mac-chicken-breast-roasted-350g-2865262
9233507,K-Roo Kangaroo Steak | approx 520g,$11.44,https://www.coles.com.au/product/k-roo-kangaroo-steak-approx.-520g-9233507
5128522,Coles Made Easy Australian Beef In Onion Gravy | 500g,$12.00,https://www.coles.com.au/product/coles-made-easy-australian-beef-in-onion-gravy-500g-5128522
1165866,Coles RSPCA Approved Chicken Boneless Roas ... 1kg,$14.00,https://www.coles.com.au/product/coles-rspca-approved-chicken-boneless-roast-with-apricot-and-herb-stuffing-1kg-1165866
6409108,Coles Pork Bites Sticky Nashville BBQ Sauce | 600g,$15.00,https://www.coles.com.au/product/coles-pork-bites-sticky-nashville-bbq-sauce-600g-6409108
6069575,Coles Finest Carbon Neutral Beef Rump Medallions | 380g,$16.00,https://www.coles.com.au/product/coles-finest-carbon-neutral-beef-rump-medallions-380g-6069575
8728050,Coles Beechwood Smoked Boneless Loin ... approx 700g,$16.10,https://www.coles.com.au/product/coles-beechwood-smoked-boneless-loin-ham-portion-approx.-700g-8728050
4660067,Inglewood Farms Orga ... approx 1.8kg,$24.30,https://www.coles.com.au/product/inglewood-farms-organic-whole-chicken-approx.-1.8kg-4660067
2062155,Coles No Added Hormone Beef Bones | approx 950g,$6.65,https://www.coles.com.au/product/coles-no-added-hormone-beef-bones-approx.-950g-2062155
9596089,Talley's Mussels Chilli | 375g,$7.00,https://www.coles.com.au/product/talley's-mussels-chilli-375g-9596089
5708410,V2 Sausage Classic British Plant Based Protein 6 Pack | 390g,$7.50,https://www.coles.com.au/product/v2-sausage-classic-british-plant-based-protein-6-pack-390g-5708410
5919233,Coles Pork Mignon With Apple And Caramelised ... 260g,$7.50,https://www.coles.com.au/product/coles-pork-mignon-with-apple-and-caramelised-onion-stuffing-260g-5919233
4320535,Coles Australian Beef Brisket Schnitzel Wit ... 320g,$8.00,https://www.coles.com.au/product/coles-australian-beef-brisket-schnitzel-with-golden-crumb-2pack-320g-4320535
5175817,British Family Pack Thin Pork Sausages | 1kg,$12.00,https://www.coles.com.au/product/british-family-pack-thin-pork-sausages-1kg-5175817
6261120,Coles Finest Australian Chicken Breast Came ... 450g,$12.00,https://www.coles.com.au/product/coles-finest-australian-chicken-breast-camembert-kyiv-with-sage-infused-cultured-butter-450g-6261120
6261142,Coles Finest Australian Chicken Breast Schni ... 425g,$12.00,https://www.coles.com.au/product/coles-finest-australian-chicken-breast-schnitzel-with-lemon-myrtle-and-mountain-pepper-butter-425g-6261142
7168426,Lilydale Free Range Smokey Split Chicken | 1.1kg,$13.50,https://www.coles.com.au/product/lilydale-free-range-smokey-split-chicken-1.1kg-7168426
6765135,Cleaver's Organic Grass-Fed Beef Porterhouse ... 290g,$15.00,https://www.coles.com.au/product/cleaver's-organic-grass-fed-beef-porterhouse-steak-290g-6765135
6765190,Cleaver's Organic Grass-Fed Beef Eye Fillet Steak | 240g,$18.00,https://www.coles.com.au/product/cleaver's-organic-grass-fed-beef-eye-fillet-steak-240g-6765190
7268635,Coles Fresh Whole Duck | 2.1kg,$24.00,https://www.coles.com.au/product/coles-fresh-whole-duck-2.1kg-7268635
7088994,Coles No Added Hormone Beef Rump Roast | approx 1.2kg,$30.00,https://www.coles.com.au/product/coles-no-added-hormone-beef-rump-roast-approx.-1.2kg-7088994
9264409,Coles Lamb Rack Roast | approx 900g,$31.50,https://www.coles.com.au/product/coles-lamb-rack-roast-approx.-900g-9264409
7171125,Coles Pork BBQ Fries | 200g,$5.50,https://www.coles.com.au/product/coles-pork-bbq-fries-200g-7171125
3899135,Ocean King Bismarck Herring | 500g,$7.20,https://www.coles.com.au/product/ocean-king-bismarck-herring-500g-3899135
6409094,Coles Pork Strip With Souvlaki Seasoning | approx 650g,$11.70,https://www.coles.com.au/product/coles-pork-strip-with-souvlaki-seasoning-approx.-650g-6409094
7702119,Cleavers Organic Chicken Schnitzel | 400g,$12.00,https://www.coles.com.au/product/cleavers-organic-chicken-schnitzel-400g-7702119
2741485,Coles Free Range Pork Fillet | approx 500g,$13.00,https://www.coles.com.au/product/coles-free-range-pork-fillet-approx.-500g-2741485
6413637,Coles Family Classics Chicken & Pork Thai Curry Meatba ... 700g,$13.00,https://www.coles.com.au/product/coles-family-classics-chicken-and-pork-thai-curry-meatballs-700g-6413637
2739891,K-Roo Kangaroo Fillet | 400g,$13.80,https://www.coles.com.au/product/k-roo-kangaroo-fillet-400g-2739891
7085602,Coles Made Easy Slow Cooked Lamb Shoulder Wit ... 550g,$14.00,https://www.coles.com.au/product/coles-made-easy-slow-cooked-lamb-shoulder-with-garlic-and-herb-550g-7085602
7080992,Coles Made Easy Slow Cooked Beef Ragu In Tom ... 700g,$15.00,https://www.coles.com.au/product/coles-made-easy-slow-cooked-beef-ragu-in-tomato-sauce-700g-7080992
6069407,Coles Finest Carbon Neutral Beef Blade Roast | approx 800g,$18.40,https://www.coles.com.au/product/coles-finest-carbon-neutral-beef-blade-roast-approx.-800g-6069407
4465980,Coles Lamb Shoulder Butterflied With Smok ... approx 800g,$19.20,https://www.coles.com.au/product/coles-lamb-shoulder-butterflied-with-smokey-marinade-approx.-800g-4465980
3693741,Coles Graze Lamb Sho ... approx 1.3kg,$23.40,https://www.coles.com.au/product/coles-graze-lamb-shoulder-roast-boneless-approx.-1.3kg-3693741
6147453,Coles Finest Carbon Neutral Beef Chuck Roast | approx 1.2kg,$26.40,https://www.coles.com.au/product/coles-finest-carbon-neutral-beef-chuck-roast-approx.-1.2kg-6147453
3478308,Coles Crumbed Pork Schnitzel | 300g,$6.50,https://www.coles.com.au/product/coles-crumbed-pork-schnitzel-300g-3478308
1200231,K-Roo Kanga Bangas | 500g,$8.50,https://www.coles.com.au/product/k-roo-kanga-bangas-500g-1200231
9123190,Lenah Game Meats Wallaby Mince | 500g,$8.50,https://www.coles.com.au/product/lenah-game-meats-wallaby-mince-500g-9123190
4256753,Cole ... approx 800g,$12.80,https://www.coles.com.au/product/coles-no-added-hormone-beef-butterflied-texan-bbq-approx.-800g-4256753
6765463,Cleaver's Organic Grass-Fed Beef Rump Steak | 300g,$13.00,https://www.coles.com.au/product/cleaver's-organic-grass-fed-beef-rump-steak-300g-6765463
3492728,Coles No Added Hormone Beef Cheeks | approx 500g,$13.50,https://www.coles.com.au/product/coles-no-added-hormone-beef-cheeks-approx.-500g-3492728
7074898,Coles Made Easy Slow Cooked Mexican Chic ... 700g,$14.00,https://www.coles.com.au/product/coles-made-easy-slow-cooked-mexican-chicken-700g-7074898
6105817,Bertocchi Authentic Boneless Leg Ham         | approx 1Kg,$16.10,https://www.coles.com.au/product/bertocchi-authentic-boneless-leg-ham-approx.-1kg-each-6105817
6795883,Dro ... approx 3.2kg,$32.00,https://www.coles.com.au/product/drovers-choice-bulk-corned-silverside-approx.-3.2kg-6795883
3862361,Luv A Duck A L'orange Duck Legs | 500g,$11.50,https://www.coles.com.au/product/luv-a-duck-a-l'orange-duck-legs-500g-3862361
7085646,Coles Family Classics Made Easy Slow Cooke ... 700g,$13.00,https://www.coles.com.au/product/coles-family-classics-made-easy-slow-cooked-chicken-in-creamy-tomato-sauce-700g-7085646
2865295,Bertocchi Kaiser Fleisch Portions | approx 625g,$13.75,https://www.coles.com.au/product/bertocchi-kaiser-fleisch-portions-approx.-625g-2865295
3266489,Beak & Sons Hickory BBQ Pork Ribs | 650g,$14.50,https://www.coles.com.au/product/beak-and-sons-hickory-bbq-pork-ribs-650g-3266489
3349713,Luv A Duck Fresh Duck Breast Fillets | 380g,$14.50,https://www.coles.com.au/product/luv-a-duck-fresh-duck-breast-fillets-380g-3349713
6400668,Coles Finest Carbon Neutral Full Rib Rack | approx 1.2kg,$28.80,https://www.coles.com.au/product/coles-finest-carbon-neutral-full-rib-rack-approx.-1.2kg-6400668
3771980,K-Roo Kangaroo Herb And Garlic Kebab | 360g,$10.50,https://www.coles.com.au/product/k-roo-kangaroo-herb-and-garlic-kebab-360g-3771980
6413659,Coles Family Classics Beef Curried Sausages | 800g,$13.00,https://www.coles.com.au/product/coles-family-classics-beef-curried-sausages-800g-6413659
8752892,Coles Veal Fillet Whole                                                                                                               | approx 390g,$18.33,https://www.coles.com.au/product/coles-veal-fillet-whole-approx.-390g-pack-8752892
5128191,Coles Finest Australian Lamb Shanks Wit ... 1 each,$24.00,https://www.coles.com.au/product/coles-finest-australian-lamb-shanks-with-massaman-curry-1-each-5128191
3582547,Coles No Added Horm ... approx 900g,$36.00,https://www.coles.com.au/product/coles-no-added-hormone-beef-tomahawk-steak-approx.-900g-3582547
9123305,Lenah Game Meats Wallaby Sausages | 375g,$8.50,https://www.coles.com.au/product/lenah-game-meats-wallaby-sausages-375g-9123305
2679847,Always Fresh French Duck Fat Spread | 200g,$12.00,https://www.coles.com.au/product/always-fresh-french-duck-fat-spread-200g-2679847
9224255,Cleaver's Organic Grass-Fed Premium Beef Mince | 500g,$14.00,https://www.coles.com.au/product/cleaver's-organic-grass-fed-premium-beef-mince-500g-9224255
9223332,Cleaver's Organic Grass-Fed Extra Lean Beef Mince | 500g,$13.00,https://www.coles.com.au/product/cleaver's-organic-grass-fed-extra-lean-beef-mince-500g-9223332
7382539,The Bare Bird Chicken Thigh Fillets | 480g,$13.00,https://www.coles.com.au/product/the-bare-bird-chicken-thigh-fillets-480g-7382539
3091126,The Bare Bird Whole Chicken | approx 1.6kg,$13.60,https://www.coles.com.au/product/the-bare-bird-whole-chicken-approx.-1.6kg-each-3091126
7362270,The Bare Bird Chicken Breast Fillet | 600g,$13.00,https://www.coles.com.au/product/the-bare-bird-chicken-breast-fillet-600g-7362270
7382492,The Bare Bird Chicken Drumsticks | 460g,$5.00,https://www.coles.com.au/product/the-bare-bird-chicken-drumsticks-460g-7382492
7382528,The Bare Bird Chicken Tenderloins | 480g,$13.00,https://www.coles.com.au/product/the-bare-bird-chicken-tenderloins-480g-7382528
8729212,Coles Beechwood Smoked Leg Ham Porti ... approx 2.5kg,$31.25,https://www.coles.com.au/product/coles-beechwood-smoked-leg-ham-portion-approx.-2.5kg-8729212
4724840,K-Roo Kangaroo Stir Fry | 500g,$13.00,https://www.coles.com.au/product/k-roo-kangaroo-stir-fry-500g-4724840
7207620,Ocean King Fish Cakes With Vegetable | 130g,$6.00,https://www.coles.com.au/product/ocean-king-fish-cakes-with-vegetable-130g-7207620
7207426,Ocean Blue Steamed Salmon Portions With Honey S ... 140g,$9.00,https://www.coles.com.au/product/ocean-blue-steamed-salmon-portions-with-honey-soy-sauce-140g-7207426
7207437,Ocean Blue Steamed Salmon Portions Na ... 110g,$9.00,https://www.coles.com.au/product/ocean-blue-steamed-salmon-portions-natural-110g-7207437
3232750,Coles Ham Hock Meat | 500g,$10.00,https://www.coles.com.au/product/coles-ham-hock-meat-500g-3232750
6413568,Coles Finest Australian Smoked Brisket Texan ... 550g,$20.00,https://www.coles.com.au/product/coles-finest-australian-smoked-brisket-texan-bbq-sauce-550g-6413568
4204396,Coles Ready To Roast Porc ... approx 1.1kg,$22.00,https://www.coles.com.au/product/coles-ready-to-roast-porchetta-with-fennel-and-orange-seasoning-approx.-1.1kg-4204396
4700219,Coles Finest Free Ran ... approx 2.3kg,$39.10,https://www.coles.com.au/product/coles-finest-free-range-triple-smoked-leg-ham-portion-approx.-2.3kg-4700219
7207415,Ocean Blue Steamed Salmon Portions With Terriyaki ... 140g,$9.00,https://www.coles.com.au/product/ocean-blue-steamed-salmon-portions-with-terriyaki-sauce-140g-7207415
7207594,Ocean King Fish Cakes | 130g,$6.00,https://www.coles.com.au/product/ocean-king-fish-cakes-130g-7207594
8729336,Coles Beechwood Smoked Picnic Ham | approx 2.7kg,$22.95,https://www.coles.com.au/product/coles-beechwood-smoked-picnic-ham-approx.-2.7kg-8729336
4759288,Msc Sea Harvest Frozen Raw King Prawns Extra L ... 5Kg,$180.00,https://www.coles.com.au/product/msc-sea-harvest-frozen-raw-king-prawns-extra-large-5kg-4759288
